solid 
 facet normal  0.000000e+00 -1.000000e+00  0.000000e+00
   outer loop
     vertex  1.000000e+02 -1.570000e+02  1.510000e+00
     vertex  1.570000e+02 -1.570000e+02  0.000000e+00
     vertex  1.570000e+02 -1.570000e+02  1.510000e+00
   endloop
 endfacet
 facet normal  0.000000e+00 -1.000000e+00  0.000000e+00
   outer loop
     vertex  1.000000e+02 -1.570000e+02  0.000000e+00
     vertex  1.570000e+02 -1.570000e+02  0.000000e+00
     vertex  1.000000e+02 -1.570000e+02  1.510000e+00
   endloop
 endfacet
 facet normal  1.000000e+00 -0.000000e+00  0.000000e+00
   outer loop
     vertex  1.570000e+02 -1.570000e+02  1.510000e+00
     vertex  1.570000e+02 -1.000000e+02  0.000000e+00
     vertex  1.570000e+02 -1.000000e+02  1.510000e+00
   endloop
 endfacet
 facet normal  1.000000e+00  0.000000e+00  0.000000e+00
   outer loop
     vertex  1.570000e+02 -1.570000e+02  0.000000e+00
     vertex  1.570000e+02 -1.000000e+02  0.000000e+00
     vertex  1.570000e+02 -1.570000e+02  1.510000e+00
   endloop
 endfacet
 facet normal -1.000000e+00 -0.000000e+00  0.000000e+00
   outer loop
     vertex  1.000000e+02 -1.000000e+02  1.510000e+00
     vertex  1.000000e+02 -1.570000e+02  0.000000e+00
     vertex  1.000000e+02 -1.570000e+02  1.510000e+00
   endloop
 endfacet
 facet normal -1.000000e+00  0.000000e+00  0.000000e+00
   outer loop
     vertex  1.000000e+02 -1.000000e+02  0.000000e+00
     vertex  1.000000e+02 -1.570000e+02  0.000000e+00
     vertex  1.000000e+02 -1.000000e+02  1.510000e+00
   endloop
 endfacet
 facet normal  0.000000e+00 -0.000000e+00 -1.000000e+00
   outer loop
     vertex  1.026144e+02 -1.538000e+02  0.000000e+00
     vertex  1.028686e+02 -1.541314e+02  0.000000e+00
     vertex  1.000000e+02 -1.570000e+02  0.000000e+00
   endloop
 endfacet
 facet normal -0.000000e+00  0.000000e+00 -1.000000e+00
   outer loop
     vertex  1.032000e+02 -1.543856e+02  0.000000e+00
     vertex  1.000000e+02 -1.570000e+02  0.000000e+00
     vertex  1.028686e+02 -1.541314e+02  0.000000e+00
   endloop
 endfacet
 facet normal -0.000000e+00  0.000000e+00 -1.000000e+00
   outer loop
     vertex  1.035859e+02 -1.545455e+02  0.000000e+00
     vertex  1.000000e+02 -1.570000e+02  0.000000e+00
     vertex  1.032000e+02 -1.543856e+02  0.000000e+00
   endloop
 endfacet
 facet normal  0.000000e+00 -0.000000e+00 -1.000000e+00
   outer loop
     vertex  1.024545e+02 -1.534141e+02  0.000000e+00
     vertex  1.026144e+02 -1.538000e+02  0.000000e+00
     vertex  1.000000e+02 -1.570000e+02  0.000000e+00
   endloop
 endfacet
 facet normal -0.000000e+00  0.000000e+00 -1.000000e+00
   outer loop
     vertex  1.040000e+02 -1.546000e+02  0.000000e+00
     vertex  1.000000e+02 -1.570000e+02  0.000000e+00
     vertex  1.035859e+02 -1.545455e+02  0.000000e+00
   endloop
 endfacet
 facet normal  0.000000e+00 -0.000000e+00 -1.000000e+00
   outer loop
     vertex  1.024000e+02 -1.530000e+02  0.000000e+00
     vertex  1.024545e+02 -1.534141e+02  0.000000e+00
     vertex  1.000000e+02 -1.570000e+02  0.000000e+00
   endloop
 endfacet
 facet normal  0.000000e+00  0.000000e+00 -1.000000e+00
   outer loop
     vertex  1.024545e+02 -1.525859e+02  0.000000e+00
     vertex  1.024000e+02 -1.530000e+02  0.000000e+00
     vertex  1.000000e+02 -1.570000e+02  0.000000e+00
   endloop
 endfacet
 facet normal  0.000000e+00  0.000000e+00 -1.000000e+00
   outer loop
     vertex  1.044141e+02 -1.545455e+02  0.000000e+00
     vertex  1.000000e+02 -1.570000e+02  0.000000e+00
     vertex  1.040000e+02 -1.546000e+02  0.000000e+00
   endloop
 endfacet
 facet normal  0.000000e+00  0.000000e+00 -1.000000e+00
   outer loop
     vertex  1.026144e+02 -1.522000e+02  0.000000e+00
     vertex  1.024545e+02 -1.525859e+02  0.000000e+00
     vertex  1.000000e+02 -1.570000e+02  0.000000e+00
   endloop
 endfacet
 facet normal  0.000000e+00  0.000000e+00 -1.000000e+00
   outer loop
     vertex  1.048000e+02 -1.543856e+02  0.000000e+00
     vertex  1.000000e+02 -1.570000e+02  0.000000e+00
     vertex  1.044141e+02 -1.545455e+02  0.000000e+00
   endloop
 endfacet
 facet normal  0.000000e+00  0.000000e+00 -1.000000e+00
   outer loop
     vertex  1.268764e+02 -1.482036e+02  0.000000e+00
     vertex  1.053856e+02 -1.538000e+02  0.000000e+00
     vertex  1.055455e+02 -1.534141e+02  0.000000e+00
   endloop
 endfacet
 facet normal  0.000000e+00  0.000000e+00 -1.000000e+00
   outer loop
     vertex  1.267970e+02 -1.481000e+02  0.000000e+00
     vertex  1.055455e+02 -1.534141e+02  0.000000e+00
     vertex  1.056000e+02 -1.530000e+02  0.000000e+00
   endloop
 endfacet
 facet normal  0.000000e+00 -0.000000e+00 -1.000000e+00
   outer loop
     vertex  1.267970e+02 -1.481000e+02  0.000000e+00
     vertex  1.268764e+02 -1.482036e+02  0.000000e+00
     vertex  1.055455e+02 -1.534141e+02  0.000000e+00
   endloop
 endfacet
 facet normal -0.000000e+00  0.000000e+00 -1.000000e+00
   outer loop
     vertex  1.269800e+02 -1.482830e+02  0.000000e+00
     vertex  1.053856e+02 -1.538000e+02  0.000000e+00
     vertex  1.268764e+02 -1.482036e+02  0.000000e+00
   endloop
 endfacet
 facet normal  0.000000e+00  0.000000e+00 -1.000000e+00
   outer loop
     vertex  1.269800e+02 -1.482830e+02  0.000000e+00
     vertex  1.051314e+02 -1.541314e+02  0.000000e+00
     vertex  1.053856e+02 -1.538000e+02  0.000000e+00
   endloop
 endfacet
 facet normal  0.000000e+00 -0.000000e+00 -1.000000e+00
   outer loop
     vertex  1.267470e+02 -1.479794e+02  0.000000e+00
     vertex  1.267970e+02 -1.481000e+02  0.000000e+00
     vertex  1.056000e+02 -1.530000e+02  0.000000e+00
   endloop
 endfacet
 facet normal  0.000000e+00  0.000000e+00 -1.000000e+00
   outer loop
     vertex  1.267470e+02 -1.479794e+02  0.000000e+00
     vertex  1.056000e+02 -1.530000e+02  0.000000e+00
     vertex  1.055455e+02 -1.525859e+02  0.000000e+00
   endloop
 endfacet
 facet normal  0.000000e+00  0.000000e+00 -1.000000e+00
   outer loop
     vertex  1.271006e+02 -1.483330e+02  0.000000e+00
     vertex  1.048000e+02 -1.543856e+02  0.000000e+00
     vertex  1.051314e+02 -1.541314e+02  0.000000e+00
   endloop
 endfacet
 facet normal -0.000000e+00  0.000000e+00 -1.000000e+00
   outer loop
     vertex  1.271006e+02 -1.483330e+02  0.000000e+00
     vertex  1.051314e+02 -1.541314e+02  0.000000e+00
     vertex  1.269800e+02 -1.482830e+02  0.000000e+00
   endloop
 endfacet
 facet normal  0.000000e+00  0.000000e+00 -1.000000e+00
   outer loop
     vertex  1.267300e+02 -1.478500e+02  0.000000e+00
     vertex  1.055455e+02 -1.525859e+02  0.000000e+00
     vertex  1.053856e+02 -1.522000e+02  0.000000e+00
   endloop
 endfacet
 facet normal  0.000000e+00 -0.000000e+00 -1.000000e+00
   outer loop
     vertex  1.267300e+02 -1.478500e+02  0.000000e+00
     vertex  1.267470e+02 -1.479794e+02  0.000000e+00
     vertex  1.055455e+02 -1.525859e+02  0.000000e+00
   endloop
 endfacet
 facet normal -0.000000e+00  0.000000e+00 -1.000000e+00
   outer loop
     vertex  1.272300e+02 -1.483500e+02  0.000000e+00
     vertex  1.048000e+02 -1.543856e+02  0.000000e+00
     vertex  1.271006e+02 -1.483330e+02  0.000000e+00
   endloop
 endfacet
 facet normal  0.000000e+00  0.000000e+00 -1.000000e+00
   outer loop
     vertex  1.294164e+02 -1.482036e+02  0.000000e+00
     vertex  1.275836e+02 -1.482036e+02  0.000000e+00
     vertex  1.276630e+02 -1.481000e+02  0.000000e+00
   endloop
 endfacet
 facet normal -0.000000e+00  0.000000e+00 -1.000000e+00
   outer loop
     vertex  1.294164e+02 -1.482036e+02  0.000000e+00
     vertex  1.274800e+02 -1.482830e+02  0.000000e+00
     vertex  1.275836e+02 -1.482036e+02  0.000000e+00
   endloop
 endfacet
 facet normal  0.000000e+00 -0.000000e+00 -1.000000e+00
   outer loop
     vertex  1.267970e+02 -1.455600e+02  0.000000e+00
     vertex  1.267970e+02 -1.476000e+02  0.000000e+00
     vertex  1.267470e+02 -1.477206e+02  0.000000e+00
   endloop
 endfacet
 facet normal  0.000000e+00  0.000000e+00 -1.000000e+00
   outer loop
     vertex  1.267970e+02 -1.455600e+02  0.000000e+00
     vertex  1.268764e+02 -1.474964e+02  0.000000e+00
     vertex  1.267970e+02 -1.476000e+02  0.000000e+00
   endloop
 endfacet
 facet normal  0.000000e+00  0.000000e+00 -1.000000e+00
   outer loop
     vertex  1.267970e+02 -1.455600e+02  0.000000e+00
     vertex  1.268764e+02 -1.456636e+02  0.000000e+00
     vertex  1.268764e+02 -1.474964e+02  0.000000e+00
   endloop
 endfacet
 facet normal  0.000000e+00 -0.000000e+00 -1.000000e+00
   outer loop
     vertex  1.269800e+02 -1.457430e+02  0.000000e+00
     vertex  1.269800e+02 -1.474170e+02  0.000000e+00
     vertex  1.268764e+02 -1.474964e+02  0.000000e+00
   endloop
 endfacet
 facet normal  0.000000e+00  0.000000e+00 -1.000000e+00
   outer loop
     vertex  1.269800e+02 -1.457430e+02  0.000000e+00
     vertex  1.271006e+02 -1.473670e+02  0.000000e+00
     vertex  1.269800e+02 -1.474170e+02  0.000000e+00
   endloop
 endfacet
 facet normal -0.000000e+00  0.000000e+00 -1.000000e+00
   outer loop
     vertex  1.269800e+02 -1.457430e+02  0.000000e+00
     vertex  1.268764e+02 -1.474964e+02  0.000000e+00
     vertex  1.268764e+02 -1.456636e+02  0.000000e+00
   endloop
 endfacet
 facet normal -0.000000e+00 -0.000000e+00 -1.000000e+00
   outer loop
     vertex  1.293370e+02 -1.481000e+02  0.000000e+00
     vertex  1.294164e+02 -1.482036e+02  0.000000e+00
     vertex  1.276630e+02 -1.481000e+02  0.000000e+00
   endloop
 endfacet
 facet normal  0.000000e+00  0.000000e+00 -1.000000e+00
   outer loop
     vertex  1.295200e+02 -1.482830e+02  0.000000e+00
     vertex  1.274800e+02 -1.482830e+02  0.000000e+00
     vertex  1.294164e+02 -1.482036e+02  0.000000e+00
   endloop
 endfacet
 facet normal -0.000000e+00 -0.000000e+00 -1.000000e+00
   outer loop
     vertex  1.271006e+02 -1.457930e+02  0.000000e+00
     vertex  1.271006e+02 -1.473670e+02  0.000000e+00
     vertex  1.269800e+02 -1.457430e+02  0.000000e+00
   endloop
 endfacet
 facet normal  0.000000e+00  0.000000e+00 -1.000000e+00
   outer loop
     vertex  1.296406e+02 -1.483330e+02  0.000000e+00
     vertex  1.273594e+02 -1.483330e+02  0.000000e+00
     vertex  1.274800e+02 -1.482830e+02  0.000000e+00
   endloop
 endfacet
 facet normal -0.000000e+00  0.000000e+00 -1.000000e+00
   outer loop
     vertex  1.296406e+02 -1.483330e+02  0.000000e+00
     vertex  1.272300e+02 -1.483500e+02  0.000000e+00
     vertex  1.273594e+02 -1.483330e+02  0.000000e+00
   endloop
 endfacet
 facet normal  0.000000e+00  0.000000e+00 -1.000000e+00
   outer loop
     vertex  1.296406e+02 -1.483330e+02  0.000000e+00
     vertex  1.274800e+02 -1.482830e+02  0.000000e+00
     vertex  1.295200e+02 -1.482830e+02  0.000000e+00
   endloop
 endfacet
 facet normal  0.000000e+00  0.000000e+00 -1.000000e+00
   outer loop
     vertex  1.267470e+02 -1.454394e+02  0.000000e+00
     vertex  1.267970e+02 -1.455600e+02  0.000000e+00
     vertex  1.267470e+02 -1.477206e+02  0.000000e+00
   endloop
 endfacet
 facet normal  0.000000e+00 -0.000000e+00 -1.000000e+00
   outer loop
     vertex  1.292870e+02 -1.479794e+02  0.000000e+00
     vertex  1.293370e+02 -1.481000e+02  0.000000e+00
     vertex  1.276630e+02 -1.481000e+02  0.000000e+00
   endloop
 endfacet
 facet normal -0.000000e+00  0.000000e+00 -1.000000e+00
   outer loop
     vertex  1.292870e+02 -1.479794e+02  0.000000e+00
     vertex  1.276630e+02 -1.481000e+02  0.000000e+00
     vertex  1.277130e+02 -1.479794e+02  0.000000e+00
   endloop
 endfacet
 facet normal  0.000000e+00  0.000000e+00 -1.000000e+00
   outer loop
     vertex  1.267300e+02 -1.453100e+02  0.000000e+00
     vertex  1.053856e+02 -1.522000e+02  0.000000e+00
     vertex  1.051314e+02 -1.518686e+02  0.000000e+00
   endloop
 endfacet
 facet normal  0.000000e+00  0.000000e+00 -1.000000e+00
   outer loop
     vertex  1.267300e+02 -1.453100e+02  0.000000e+00
     vertex  1.267470e+02 -1.477206e+02  0.000000e+00
     vertex  1.267300e+02 -1.478500e+02  0.000000e+00
   endloop
 endfacet
 facet normal  0.000000e+00 -0.000000e+00 -1.000000e+00
   outer loop
     vertex  1.267300e+02 -1.453100e+02  0.000000e+00
     vertex  1.267300e+02 -1.478500e+02  0.000000e+00
     vertex  1.053856e+02 -1.522000e+02  0.000000e+00
   endloop
 endfacet
 facet normal  0.000000e+00  0.000000e+00 -1.000000e+00
   outer loop
     vertex  1.267300e+02 -1.453100e+02  0.000000e+00
     vertex  1.267470e+02 -1.454394e+02  0.000000e+00
     vertex  1.267470e+02 -1.477206e+02  0.000000e+00
   endloop
 endfacet
 facet normal  0.000000e+00 -0.000000e+00 -1.000000e+00
   outer loop
     vertex  1.272300e+02 -1.458100e+02  0.000000e+00
     vertex  1.272300e+02 -1.473500e+02  0.000000e+00
     vertex  1.271006e+02 -1.473670e+02  0.000000e+00
   endloop
 endfacet
 facet normal -0.000000e+00  0.000000e+00 -1.000000e+00
   outer loop
     vertex  1.272300e+02 -1.458100e+02  0.000000e+00
     vertex  1.271006e+02 -1.473670e+02  0.000000e+00
     vertex  1.271006e+02 -1.457930e+02  0.000000e+00
   endloop
 endfacet
 facet normal  0.000000e+00  0.000000e+00 -1.000000e+00
   outer loop
     vertex  1.297700e+02 -1.483500e+02  0.000000e+00
     vertex  1.272300e+02 -1.483500e+02  0.000000e+00
     vertex  1.296406e+02 -1.483330e+02  0.000000e+00
   endloop
 endfacet
 facet normal -0.000000e+00  0.000000e+00 -1.000000e+00
   outer loop
     vertex  1.297700e+02 -1.483500e+02  0.000000e+00
     vertex  1.048000e+02 -1.543856e+02  0.000000e+00
     vertex  1.272300e+02 -1.483500e+02  0.000000e+00
   endloop
 endfacet
 facet normal  0.000000e+00 -0.000000e+00 -1.000000e+00
   outer loop
     vertex  1.292700e+02 -1.478500e+02  0.000000e+00
     vertex  1.292870e+02 -1.479794e+02  0.000000e+00
     vertex  1.277130e+02 -1.479794e+02  0.000000e+00
   endloop
 endfacet
 facet normal -0.000000e+00  0.000000e+00 -1.000000e+00
   outer loop
     vertex  1.292700e+02 -1.478500e+02  0.000000e+00
     vertex  1.277130e+02 -1.479794e+02  0.000000e+00
     vertex  1.277300e+02 -1.478500e+02  0.000000e+00
   endloop
 endfacet
 facet normal  0.000000e+00 -0.000000e+00 -1.000000e+00
   outer loop
     vertex  1.273594e+02 -1.457930e+02  0.000000e+00
     vertex  1.273594e+02 -1.473670e+02  0.000000e+00
     vertex  1.272300e+02 -1.473500e+02  0.000000e+00
   endloop
 endfacet
 facet normal  0.000000e+00  0.000000e+00 -1.000000e+00
   outer loop
     vertex  1.273594e+02 -1.457930e+02  0.000000e+00
     vertex  1.272300e+02 -1.473500e+02  0.000000e+00
     vertex  1.272300e+02 -1.458100e+02  0.000000e+00
   endloop
 endfacet
 facet normal  0.000000e+00  0.000000e+00 -1.000000e+00
   outer loop
     vertex  1.292870e+02 -1.477206e+02  0.000000e+00
     vertex  1.292700e+02 -1.478500e+02  0.000000e+00
     vertex  1.277300e+02 -1.478500e+02  0.000000e+00
   endloop
 endfacet
 facet normal -0.000000e+00  0.000000e+00 -1.000000e+00
   outer loop
     vertex  1.292870e+02 -1.477206e+02  0.000000e+00
     vertex  1.277300e+02 -1.478500e+02  0.000000e+00
     vertex  1.277130e+02 -1.477206e+02  0.000000e+00
   endloop
 endfacet
 facet normal  0.000000e+00 -0.000000e+00 -1.000000e+00
   outer loop
     vertex  1.274800e+02 -1.457430e+02  0.000000e+00
     vertex  1.274800e+02 -1.474170e+02  0.000000e+00
     vertex  1.273594e+02 -1.473670e+02  0.000000e+00
   endloop
 endfacet
 facet normal  0.000000e+00  0.000000e+00 -1.000000e+00
   outer loop
     vertex  1.274800e+02 -1.457430e+02  0.000000e+00
     vertex  1.273594e+02 -1.473670e+02  0.000000e+00
     vertex  1.273594e+02 -1.457930e+02  0.000000e+00
   endloop
 endfacet
 facet normal  0.000000e+00  0.000000e+00 -1.000000e+00
   outer loop
     vertex  1.293370e+02 -1.476000e+02  0.000000e+00
     vertex  1.292870e+02 -1.477206e+02  0.000000e+00
     vertex  1.277130e+02 -1.477206e+02  0.000000e+00
   endloop
 endfacet
 facet normal -0.000000e+00  0.000000e+00 -1.000000e+00
   outer loop
     vertex  1.293370e+02 -1.476000e+02  0.000000e+00
     vertex  1.277130e+02 -1.477206e+02  0.000000e+00
     vertex  1.276630e+02 -1.476000e+02  0.000000e+00
   endloop
 endfacet
 facet normal  0.000000e+00  0.000000e+00 -1.000000e+00
   outer loop
     vertex  1.275836e+02 -1.456636e+02  0.000000e+00
     vertex  1.274800e+02 -1.474170e+02  0.000000e+00
     vertex  1.274800e+02 -1.457430e+02  0.000000e+00
   endloop
 endfacet
 facet normal  0.000000e+00 -0.000000e+00 -1.000000e+00
   outer loop
     vertex  1.275836e+02 -1.456636e+02  0.000000e+00
     vertex  1.275836e+02 -1.474964e+02  0.000000e+00
     vertex  1.274800e+02 -1.474170e+02  0.000000e+00
   endloop
 endfacet
 facet normal  0.000000e+00  0.000000e+00 -1.000000e+00
   outer loop
     vertex  1.294164e+02 -1.474964e+02  0.000000e+00
     vertex  1.293370e+02 -1.476000e+02  0.000000e+00
     vertex  1.276630e+02 -1.476000e+02  0.000000e+00
   endloop
 endfacet
 facet normal -0.000000e+00  0.000000e+00 -1.000000e+00
   outer loop
     vertex  1.294164e+02 -1.474964e+02  0.000000e+00
     vertex  1.276630e+02 -1.476000e+02  0.000000e+00
     vertex  1.275836e+02 -1.474964e+02  0.000000e+00
   endloop
 endfacet
 facet normal  0.000000e+00  0.000000e+00 -1.000000e+00
   outer loop
     vertex  1.294164e+02 -1.456636e+02  0.000000e+00
     vertex  1.295200e+02 -1.474170e+02  0.000000e+00
     vertex  1.294164e+02 -1.474964e+02  0.000000e+00
   endloop
 endfacet
 facet normal -0.000000e+00  0.000000e+00 -1.000000e+00
   outer loop
     vertex  1.294164e+02 -1.456636e+02  0.000000e+00
     vertex  1.275836e+02 -1.474964e+02  0.000000e+00
     vertex  1.275836e+02 -1.456636e+02  0.000000e+00
   endloop
 endfacet
 facet normal  0.000000e+00 -0.000000e+00 -1.000000e+00
   outer loop
     vertex  1.294164e+02 -1.456636e+02  0.000000e+00
     vertex  1.294164e+02 -1.474964e+02  0.000000e+00
     vertex  1.275836e+02 -1.474964e+02  0.000000e+00
   endloop
 endfacet
 facet normal  0.000000e+00  0.000000e+00 -1.000000e+00
   outer loop
     vertex  1.267970e+02 -1.430200e+02  0.000000e+00
     vertex  1.268764e+02 -1.431236e+02  0.000000e+00
     vertex  1.268764e+02 -1.449564e+02  0.000000e+00
   endloop
 endfacet
 facet normal  0.000000e+00  0.000000e+00 -1.000000e+00
   outer loop
     vertex  1.267970e+02 -1.430200e+02  0.000000e+00
     vertex  1.268764e+02 -1.449564e+02  0.000000e+00
     vertex  1.267970e+02 -1.450600e+02  0.000000e+00
   endloop
 endfacet
 facet normal -0.000000e+00  0.000000e+00 -1.000000e+00
   outer loop
     vertex  1.269800e+02 -1.432030e+02  0.000000e+00
     vertex  1.268764e+02 -1.449564e+02  0.000000e+00
     vertex  1.268764e+02 -1.431236e+02  0.000000e+00
   endloop
 endfacet
 facet normal  0.000000e+00 -0.000000e+00 -1.000000e+00
   outer loop
     vertex  1.269800e+02 -1.432030e+02  0.000000e+00
     vertex  1.269800e+02 -1.448770e+02  0.000000e+00
     vertex  1.268764e+02 -1.449564e+02  0.000000e+00
   endloop
 endfacet
 facet normal -0.000000e+00  0.000000e+00 -1.000000e+00
   outer loop
     vertex  1.293370e+02 -1.455600e+02  0.000000e+00
     vertex  1.275836e+02 -1.456636e+02  0.000000e+00
     vertex  1.276630e+02 -1.455600e+02  0.000000e+00
   endloop
 endfacet
 facet normal  0.000000e+00 -0.000000e+00 -1.000000e+00
   outer loop
     vertex  1.293370e+02 -1.455600e+02  0.000000e+00
     vertex  1.294164e+02 -1.456636e+02  0.000000e+00
     vertex  1.275836e+02 -1.456636e+02  0.000000e+00
   endloop
 endfacet
 facet normal  0.000000e+00  0.000000e+00 -1.000000e+00
   outer loop
     vertex  1.295200e+02 -1.457430e+02  0.000000e+00
     vertex  1.296406e+02 -1.473670e+02  0.000000e+00
     vertex  1.295200e+02 -1.474170e+02  0.000000e+00
   endloop
 endfacet
 facet normal -0.000000e+00 -0.000000e+00 -1.000000e+00
   outer loop
     vertex  1.295200e+02 -1.457430e+02  0.000000e+00
     vertex  1.295200e+02 -1.474170e+02  0.000000e+00
     vertex  1.294164e+02 -1.456636e+02  0.000000e+00
   endloop
 endfacet
 facet normal  0.000000e+00  0.000000e+00 -1.000000e+00
   outer loop
     vertex  1.267470e+02 -1.428994e+02  0.000000e+00
     vertex  1.267970e+02 -1.450600e+02  0.000000e+00
     vertex  1.267470e+02 -1.451806e+02  0.000000e+00
   endloop
 endfacet
 facet normal  0.000000e+00  0.000000e+00 -1.000000e+00
   outer loop
     vertex  1.267470e+02 -1.428994e+02  0.000000e+00
     vertex  1.267970e+02 -1.430200e+02  0.000000e+00
     vertex  1.267970e+02 -1.450600e+02  0.000000e+00
   endloop
 endfacet
 facet normal -0.000000e+00 -0.000000e+00 -1.000000e+00
   outer loop
     vertex  1.296406e+02 -1.457930e+02  0.000000e+00
     vertex  1.296406e+02 -1.473670e+02  0.000000e+00
     vertex  1.295200e+02 -1.457430e+02  0.000000e+00
   endloop
 endfacet
 facet normal  0.000000e+00 -0.000000e+00 -1.000000e+00
   outer loop
     vertex  1.271006e+02 -1.432530e+02  0.000000e+00
     vertex  1.271006e+02 -1.448270e+02  0.000000e+00
     vertex  1.269800e+02 -1.448770e+02  0.000000e+00
   endloop
 endfacet
 facet normal  0.000000e+00  0.000000e+00 -1.000000e+00
   outer loop
     vertex  1.271006e+02 -1.432530e+02  0.000000e+00
     vertex  1.272300e+02 -1.448100e+02  0.000000e+00
     vertex  1.271006e+02 -1.448270e+02  0.000000e+00
   endloop
 endfacet
 facet normal -0.000000e+00  0.000000e+00 -1.000000e+00
   outer loop
     vertex  1.271006e+02 -1.432530e+02  0.000000e+00
     vertex  1.269800e+02 -1.448770e+02  0.000000e+00
     vertex  1.269800e+02 -1.432030e+02  0.000000e+00
   endloop
 endfacet
 facet normal  0.000000e+00 -0.000000e+00 -1.000000e+00
   outer loop
     vertex  1.292870e+02 -1.454394e+02  0.000000e+00
     vertex  1.293370e+02 -1.455600e+02  0.000000e+00
     vertex  1.276630e+02 -1.455600e+02  0.000000e+00
   endloop
 endfacet
 facet normal -0.000000e+00  0.000000e+00 -1.000000e+00
   outer loop
     vertex  1.292870e+02 -1.454394e+02  0.000000e+00
     vertex  1.276630e+02 -1.455600e+02  0.000000e+00
     vertex  1.277130e+02 -1.454394e+02  0.000000e+00
   endloop
 endfacet
 facet normal  0.000000e+00  0.000000e+00 -1.000000e+00
   outer loop
     vertex  1.267300e+02 -1.427700e+02  0.000000e+00
     vertex  1.051314e+02 -1.518686e+02  0.000000e+00
     vertex  1.048000e+02 -1.516144e+02  0.000000e+00
   endloop
 endfacet
 facet normal  0.000000e+00  0.000000e+00 -1.000000e+00
   outer loop
     vertex  1.267300e+02 -1.427700e+02  0.000000e+00
     vertex  1.267470e+02 -1.451806e+02  0.000000e+00
     vertex  1.267300e+02 -1.453100e+02  0.000000e+00
   endloop
 endfacet
 facet normal  0.000000e+00  0.000000e+00 -1.000000e+00
   outer loop
     vertex  1.267300e+02 -1.427700e+02  0.000000e+00
     vertex  1.267470e+02 -1.428994e+02  0.000000e+00
     vertex  1.267470e+02 -1.451806e+02  0.000000e+00
   endloop
 endfacet
 facet normal  0.000000e+00 -0.000000e+00 -1.000000e+00
   outer loop
     vertex  1.267300e+02 -1.427700e+02  0.000000e+00
     vertex  1.267300e+02 -1.453100e+02  0.000000e+00
     vertex  1.051314e+02 -1.518686e+02  0.000000e+00
   endloop
 endfacet
 facet normal -0.000000e+00 -0.000000e+00 -1.000000e+00
   outer loop
     vertex  1.272300e+02 -1.432700e+02  0.000000e+00
     vertex  1.272300e+02 -1.448100e+02  0.000000e+00
     vertex  1.271006e+02 -1.432530e+02  0.000000e+00
   endloop
 endfacet
 facet normal -0.000000e+00  0.000000e+00 -1.000000e+00
   outer loop
     vertex  1.297700e+02 -1.458100e+02  0.000000e+00
     vertex  1.296406e+02 -1.473670e+02  0.000000e+00
     vertex  1.296406e+02 -1.457930e+02  0.000000e+00
   endloop
 endfacet
 facet normal  0.000000e+00 -0.000000e+00 -1.000000e+00
   outer loop
     vertex  1.297700e+02 -1.458100e+02  0.000000e+00
     vertex  1.297700e+02 -1.473500e+02  0.000000e+00
     vertex  1.296406e+02 -1.473670e+02  0.000000e+00
   endloop
 endfacet
 facet normal  0.000000e+00 -0.000000e+00 -1.000000e+00
   outer loop
     vertex  1.292700e+02 -1.453100e+02  0.000000e+00
     vertex  1.292870e+02 -1.454394e+02  0.000000e+00
     vertex  1.277130e+02 -1.454394e+02  0.000000e+00
   endloop
 endfacet
 facet normal -0.000000e+00  0.000000e+00 -1.000000e+00
   outer loop
     vertex  1.292700e+02 -1.453100e+02  0.000000e+00
     vertex  1.277130e+02 -1.454394e+02  0.000000e+00
     vertex  1.277300e+02 -1.453100e+02  0.000000e+00
   endloop
 endfacet
 facet normal  0.000000e+00  0.000000e+00 -1.000000e+00
   outer loop
     vertex  1.273594e+02 -1.432530e+02  0.000000e+00
     vertex  1.272300e+02 -1.448100e+02  0.000000e+00
     vertex  1.272300e+02 -1.432700e+02  0.000000e+00
   endloop
 endfacet
 facet normal  0.000000e+00 -0.000000e+00 -1.000000e+00
   outer loop
     vertex  1.273594e+02 -1.432530e+02  0.000000e+00
     vertex  1.273594e+02 -1.448270e+02  0.000000e+00
     vertex  1.272300e+02 -1.448100e+02  0.000000e+00
   endloop
 endfacet
 facet normal  0.000000e+00  0.000000e+00 -1.000000e+00
   outer loop
     vertex  1.298994e+02 -1.457930e+02  0.000000e+00
     vertex  1.297700e+02 -1.473500e+02  0.000000e+00
     vertex  1.297700e+02 -1.458100e+02  0.000000e+00
   endloop
 endfacet
 facet normal  0.000000e+00 -0.000000e+00 -1.000000e+00
   outer loop
     vertex  1.298994e+02 -1.457930e+02  0.000000e+00
     vertex  1.298994e+02 -1.473670e+02  0.000000e+00
     vertex  1.297700e+02 -1.473500e+02  0.000000e+00
   endloop
 endfacet
 facet normal  0.000000e+00  0.000000e+00 -1.000000e+00
   outer loop
     vertex  1.267470e+02 -1.426406e+02  0.000000e+00
     vertex  1.267300e+02 -1.427700e+02  0.000000e+00
     vertex  1.048000e+02 -1.516144e+02  0.000000e+00
   endloop
 endfacet
 facet normal  0.000000e+00  0.000000e+00 -1.000000e+00
   outer loop
     vertex  1.292870e+02 -1.451806e+02  0.000000e+00
     vertex  1.292700e+02 -1.453100e+02  0.000000e+00
     vertex  1.277300e+02 -1.453100e+02  0.000000e+00
   endloop
 endfacet
 facet normal -0.000000e+00  0.000000e+00 -1.000000e+00
   outer loop
     vertex  1.292870e+02 -1.451806e+02  0.000000e+00
     vertex  1.277300e+02 -1.453100e+02  0.000000e+00
     vertex  1.277130e+02 -1.451806e+02  0.000000e+00
   endloop
 endfacet
 facet normal  0.000000e+00  0.000000e+00 -1.000000e+00
   outer loop
     vertex  1.267970e+02 -1.425200e+02  0.000000e+00
     vertex  1.048000e+02 -1.516144e+02  0.000000e+00
     vertex  1.044141e+02 -1.514545e+02  0.000000e+00
   endloop
 endfacet
 facet normal  0.000000e+00  0.000000e+00 -1.000000e+00
   outer loop
     vertex  1.267970e+02 -1.425200e+02  0.000000e+00
     vertex  1.267470e+02 -1.426406e+02  0.000000e+00
     vertex  1.048000e+02 -1.516144e+02  0.000000e+00
   endloop
 endfacet
 facet normal  0.000000e+00  0.000000e+00 -1.000000e+00
   outer loop
     vertex  1.274800e+02 -1.432030e+02  0.000000e+00
     vertex  1.273594e+02 -1.448270e+02  0.000000e+00
     vertex  1.273594e+02 -1.432530e+02  0.000000e+00
   endloop
 endfacet
 facet normal  0.000000e+00 -0.000000e+00 -1.000000e+00
   outer loop
     vertex  1.274800e+02 -1.432030e+02  0.000000e+00
     vertex  1.274800e+02 -1.448770e+02  0.000000e+00
     vertex  1.273594e+02 -1.448270e+02  0.000000e+00
   endloop
 endfacet
 facet normal  0.000000e+00  0.000000e+00 -1.000000e+00
   outer loop
     vertex  1.293370e+02 -1.450600e+02  0.000000e+00
     vertex  1.292870e+02 -1.451806e+02  0.000000e+00
     vertex  1.277130e+02 -1.451806e+02  0.000000e+00
   endloop
 endfacet
 facet normal -0.000000e+00  0.000000e+00 -1.000000e+00
   outer loop
     vertex  1.293370e+02 -1.450600e+02  0.000000e+00
     vertex  1.277130e+02 -1.451806e+02  0.000000e+00
     vertex  1.276630e+02 -1.450600e+02  0.000000e+00
   endloop
 endfacet
 facet normal  0.000000e+00 -0.000000e+00 -1.000000e+00
   outer loop
     vertex  1.300200e+02 -1.457430e+02  0.000000e+00
     vertex  1.300200e+02 -1.474170e+02  0.000000e+00
     vertex  1.298994e+02 -1.473670e+02  0.000000e+00
   endloop
 endfacet
 facet normal  0.000000e+00  0.000000e+00 -1.000000e+00
   outer loop
     vertex  1.300200e+02 -1.457430e+02  0.000000e+00
     vertex  1.298994e+02 -1.473670e+02  0.000000e+00
     vertex  1.298994e+02 -1.457930e+02  0.000000e+00
   endloop
 endfacet
 facet normal  0.000000e+00  0.000000e+00 -1.000000e+00
   outer loop
     vertex  1.275836e+02 -1.431236e+02  0.000000e+00
     vertex  1.274800e+02 -1.448770e+02  0.000000e+00
     vertex  1.274800e+02 -1.432030e+02  0.000000e+00
   endloop
 endfacet
 facet normal  0.000000e+00 -0.000000e+00 -1.000000e+00
   outer loop
     vertex  1.275836e+02 -1.431236e+02  0.000000e+00
     vertex  1.275836e+02 -1.449564e+02  0.000000e+00
     vertex  1.274800e+02 -1.448770e+02  0.000000e+00
   endloop
 endfacet
 facet normal  0.000000e+00  0.000000e+00 -1.000000e+00
   outer loop
     vertex  1.294164e+02 -1.449564e+02  0.000000e+00
     vertex  1.293370e+02 -1.450600e+02  0.000000e+00
     vertex  1.276630e+02 -1.450600e+02  0.000000e+00
   endloop
 endfacet
 facet normal -0.000000e+00  0.000000e+00 -1.000000e+00
   outer loop
     vertex  1.294164e+02 -1.449564e+02  0.000000e+00
     vertex  1.276630e+02 -1.450600e+02  0.000000e+00
     vertex  1.275836e+02 -1.449564e+02  0.000000e+00
   endloop
 endfacet
 facet normal  0.000000e+00 -0.000000e+00 -1.000000e+00
   outer loop
     vertex  1.301236e+02 -1.456636e+02  0.000000e+00
     vertex  1.301236e+02 -1.474964e+02  0.000000e+00
     vertex  1.300200e+02 -1.474170e+02  0.000000e+00
   endloop
 endfacet
 facet normal  0.000000e+00  0.000000e+00 -1.000000e+00
   outer loop
     vertex  1.301236e+02 -1.456636e+02  0.000000e+00
     vertex  1.302030e+02 -1.476000e+02  0.000000e+00
     vertex  1.301236e+02 -1.474964e+02  0.000000e+00
   endloop
 endfacet
 facet normal  0.000000e+00  0.000000e+00 -1.000000e+00
   outer loop
     vertex  1.301236e+02 -1.456636e+02  0.000000e+00
     vertex  1.300200e+02 -1.474170e+02  0.000000e+00
     vertex  1.300200e+02 -1.457430e+02  0.000000e+00
   endloop
 endfacet
 facet normal  0.000000e+00  0.000000e+00 -1.000000e+00
   outer loop
     vertex  1.302030e+02 -1.455600e+02  0.000000e+00
     vertex  1.302530e+02 -1.477206e+02  0.000000e+00
     vertex  1.302030e+02 -1.476000e+02  0.000000e+00
   endloop
 endfacet
 facet normal  0.000000e+00 -0.000000e+00 -1.000000e+00
   outer loop
     vertex  1.302030e+02 -1.455600e+02  0.000000e+00
     vertex  1.302030e+02 -1.476000e+02  0.000000e+00
     vertex  1.301236e+02 -1.456636e+02  0.000000e+00
   endloop
 endfacet
 facet normal  0.000000e+00 -0.000000e+00 -1.000000e+00
   outer loop
     vertex  1.302530e+02 -1.454394e+02  0.000000e+00
     vertex  1.302530e+02 -1.477206e+02  0.000000e+00
     vertex  1.302030e+02 -1.455600e+02  0.000000e+00
   endloop
 endfacet
 facet normal  0.000000e+00 -0.000000e+00 -1.000000e+00
   outer loop
     vertex  1.302700e+02 -1.453100e+02  0.000000e+00
     vertex  1.302700e+02 -1.478500e+02  0.000000e+00
     vertex  1.302530e+02 -1.477206e+02  0.000000e+00
   endloop
 endfacet
 facet normal  0.000000e+00  0.000000e+00 -1.000000e+00
   outer loop
     vertex  1.302700e+02 -1.453100e+02  0.000000e+00
     vertex  1.302530e+02 -1.477206e+02  0.000000e+00
     vertex  1.302530e+02 -1.454394e+02  0.000000e+00
   endloop
 endfacet
 facet normal  0.000000e+00  0.000000e+00 -1.000000e+00
   outer loop
     vertex  1.294164e+02 -1.431236e+02  0.000000e+00
     vertex  1.295200e+02 -1.448770e+02  0.000000e+00
     vertex  1.294164e+02 -1.449564e+02  0.000000e+00
   endloop
 endfacet
 facet normal  0.000000e+00 -0.000000e+00 -1.000000e+00
   outer loop
     vertex  1.294164e+02 -1.431236e+02  0.000000e+00
     vertex  1.294164e+02 -1.449564e+02  0.000000e+00
     vertex  1.275836e+02 -1.449564e+02  0.000000e+00
   endloop
 endfacet
 facet normal -0.000000e+00  0.000000e+00 -1.000000e+00
   outer loop
     vertex  1.294164e+02 -1.431236e+02  0.000000e+00
     vertex  1.275836e+02 -1.449564e+02  0.000000e+00
     vertex  1.275836e+02 -1.431236e+02  0.000000e+00
   endloop
 endfacet
 facet normal  0.000000e+00  0.000000e+00 -1.000000e+00
   outer loop
     vertex  1.295200e+02 -1.432030e+02  0.000000e+00
     vertex  1.296406e+02 -1.448270e+02  0.000000e+00
     vertex  1.295200e+02 -1.448770e+02  0.000000e+00
   endloop
 endfacet
 facet normal -0.000000e+00 -0.000000e+00 -1.000000e+00
   outer loop
     vertex  1.295200e+02 -1.432030e+02  0.000000e+00
     vertex  1.295200e+02 -1.448770e+02  0.000000e+00
     vertex  1.294164e+02 -1.431236e+02  0.000000e+00
   endloop
 endfacet
 facet normal  0.000000e+00 -0.000000e+00 -1.000000e+00
   outer loop
     vertex  1.293370e+02 -1.430200e+02  0.000000e+00
     vertex  1.294164e+02 -1.431236e+02  0.000000e+00
     vertex  1.275836e+02 -1.431236e+02  0.000000e+00
   endloop
 endfacet
 facet normal -0.000000e+00  0.000000e+00 -1.000000e+00
   outer loop
     vertex  1.293370e+02 -1.430200e+02  0.000000e+00
     vertex  1.275836e+02 -1.431236e+02  0.000000e+00
     vertex  1.276630e+02 -1.430200e+02  0.000000e+00
   endloop
 endfacet
 facet normal  0.000000e+00  0.000000e+00 -1.000000e+00
   outer loop
     vertex  1.296406e+02 -1.432530e+02  0.000000e+00
     vertex  1.297700e+02 -1.448100e+02  0.000000e+00
     vertex  1.296406e+02 -1.448270e+02  0.000000e+00
   endloop
 endfacet
 facet normal -0.000000e+00 -0.000000e+00 -1.000000e+00
   outer loop
     vertex  1.296406e+02 -1.432530e+02  0.000000e+00
     vertex  1.296406e+02 -1.448270e+02  0.000000e+00
     vertex  1.295200e+02 -1.432030e+02  0.000000e+00
   endloop
 endfacet
 facet normal  0.000000e+00 -0.000000e+00 -1.000000e+00
   outer loop
     vertex  1.292870e+02 -1.428994e+02  0.000000e+00
     vertex  1.293370e+02 -1.430200e+02  0.000000e+00
     vertex  1.276630e+02 -1.430200e+02  0.000000e+00
   endloop
 endfacet
 facet normal -0.000000e+00  0.000000e+00 -1.000000e+00
   outer loop
     vertex  1.292870e+02 -1.428994e+02  0.000000e+00
     vertex  1.276630e+02 -1.430200e+02  0.000000e+00
     vertex  1.277130e+02 -1.428994e+02  0.000000e+00
   endloop
 endfacet
 facet normal  0.000000e+00  0.000000e+00 -1.000000e+00
   outer loop
     vertex  1.297700e+02 -1.432700e+02  0.000000e+00
     vertex  1.298994e+02 -1.448270e+02  0.000000e+00
     vertex  1.297700e+02 -1.448100e+02  0.000000e+00
   endloop
 endfacet
 facet normal -0.000000e+00 -0.000000e+00 -1.000000e+00
   outer loop
     vertex  1.297700e+02 -1.432700e+02  0.000000e+00
     vertex  1.297700e+02 -1.448100e+02  0.000000e+00
     vertex  1.296406e+02 -1.432530e+02  0.000000e+00
   endloop
 endfacet
 facet normal  0.000000e+00  0.000000e+00 -1.000000e+00
   outer loop
     vertex  1.292700e+02 -1.427700e+02  0.000000e+00
     vertex  1.277300e+02 -1.427700e+02  0.000000e+00
     vertex  1.277130e+02 -1.426406e+02  0.000000e+00
   endloop
 endfacet
 facet normal -0.000000e+00  0.000000e+00 -1.000000e+00
   outer loop
     vertex  1.292700e+02 -1.427700e+02  0.000000e+00
     vertex  1.277130e+02 -1.428994e+02  0.000000e+00
     vertex  1.277300e+02 -1.427700e+02  0.000000e+00
   endloop
 endfacet
 facet normal  0.000000e+00 -0.000000e+00 -1.000000e+00
   outer loop
     vertex  1.292700e+02 -1.427700e+02  0.000000e+00
     vertex  1.292870e+02 -1.428994e+02  0.000000e+00
     vertex  1.277130e+02 -1.428994e+02  0.000000e+00
   endloop
 endfacet
 facet normal -0.000000e+00  0.000000e+00 -1.000000e+00
   outer loop
     vertex  1.292870e+02 -1.426406e+02  0.000000e+00
     vertex  1.292700e+02 -1.427700e+02  0.000000e+00
     vertex  1.277130e+02 -1.426406e+02  0.000000e+00
   endloop
 endfacet
 facet normal  0.000000e+00  0.000000e+00 -1.000000e+00
   outer loop
     vertex  1.292870e+02 -1.426406e+02  0.000000e+00
     vertex  1.277130e+02 -1.426406e+02  0.000000e+00
     vertex  1.276630e+02 -1.425200e+02  0.000000e+00
   endloop
 endfacet
 facet normal  0.000000e+00 -0.000000e+00 -1.000000e+00
   outer loop
     vertex  1.298994e+02 -1.432530e+02  0.000000e+00
     vertex  1.298994e+02 -1.448270e+02  0.000000e+00
     vertex  1.297700e+02 -1.432700e+02  0.000000e+00
   endloop
 endfacet
 facet normal  0.000000e+00 -0.000000e+00 -1.000000e+00
   outer loop
     vertex  1.300200e+02 -1.432030e+02  0.000000e+00
     vertex  1.300200e+02 -1.448770e+02  0.000000e+00
     vertex  1.298994e+02 -1.448270e+02  0.000000e+00
   endloop
 endfacet
 facet normal  0.000000e+00  0.000000e+00 -1.000000e+00
   outer loop
     vertex  1.300200e+02 -1.432030e+02  0.000000e+00
     vertex  1.298994e+02 -1.448270e+02  0.000000e+00
     vertex  1.298994e+02 -1.432530e+02  0.000000e+00
   endloop
 endfacet
 facet normal -0.000000e+00  0.000000e+00 -1.000000e+00
   outer loop
     vertex  1.293370e+02 -1.425200e+02  0.000000e+00
     vertex  1.292870e+02 -1.426406e+02  0.000000e+00
     vertex  1.276630e+02 -1.425200e+02  0.000000e+00
   endloop
 endfacet
 facet normal -0.000000e+00  0.000000e+00 -1.000000e+00
   outer loop
     vertex  1.294164e+02 -1.424164e+02  0.000000e+00
     vertex  1.276630e+02 -1.425200e+02  0.000000e+00
     vertex  1.275836e+02 -1.424164e+02  0.000000e+00
   endloop
 endfacet
 facet normal  0.000000e+00  0.000000e+00 -1.000000e+00
   outer loop
     vertex  1.294164e+02 -1.424164e+02  0.000000e+00
     vertex  1.293370e+02 -1.425200e+02  0.000000e+00
     vertex  1.276630e+02 -1.425200e+02  0.000000e+00
   endloop
 endfacet
 facet normal  0.000000e+00 -0.000000e+00 -1.000000e+00
   outer loop
     vertex  1.301236e+02 -1.431236e+02  0.000000e+00
     vertex  1.301236e+02 -1.449564e+02  0.000000e+00
     vertex  1.300200e+02 -1.448770e+02  0.000000e+00
   endloop
 endfacet
 facet normal  0.000000e+00  0.000000e+00 -1.000000e+00
   outer loop
     vertex  1.301236e+02 -1.431236e+02  0.000000e+00
     vertex  1.302030e+02 -1.450600e+02  0.000000e+00
     vertex  1.301236e+02 -1.449564e+02  0.000000e+00
   endloop
 endfacet
 facet normal  0.000000e+00  0.000000e+00 -1.000000e+00
   outer loop
     vertex  1.301236e+02 -1.431236e+02  0.000000e+00
     vertex  1.300200e+02 -1.448770e+02  0.000000e+00
     vertex  1.300200e+02 -1.432030e+02  0.000000e+00
   endloop
 endfacet
 facet normal  0.000000e+00 -0.000000e+00 -1.000000e+00
   outer loop
     vertex  1.302030e+02 -1.430200e+02  0.000000e+00
     vertex  1.302030e+02 -1.450600e+02  0.000000e+00
     vertex  1.301236e+02 -1.431236e+02  0.000000e+00
   endloop
 endfacet
 facet normal  0.000000e+00  0.000000e+00 -1.000000e+00
   outer loop
     vertex  1.295200e+02 -1.423370e+02  0.000000e+00
     vertex  1.294164e+02 -1.424164e+02  0.000000e+00
     vertex  1.275836e+02 -1.424164e+02  0.000000e+00
   endloop
 endfacet
 facet normal -0.000000e+00  0.000000e+00 -1.000000e+00
   outer loop
     vertex  1.295200e+02 -1.423370e+02  0.000000e+00
     vertex  1.275836e+02 -1.424164e+02  0.000000e+00
     vertex  1.274800e+02 -1.423370e+02  0.000000e+00
   endloop
 endfacet
 facet normal  0.000000e+00  0.000000e+00 -1.000000e+00
   outer loop
     vertex  1.296406e+02 -1.422870e+02  0.000000e+00
     vertex  1.295200e+02 -1.423370e+02  0.000000e+00
     vertex  1.274800e+02 -1.423370e+02  0.000000e+00
   endloop
 endfacet
 facet normal -0.000000e+00  0.000000e+00 -1.000000e+00
   outer loop
     vertex  1.296406e+02 -1.422870e+02  0.000000e+00
     vertex  1.274800e+02 -1.423370e+02  0.000000e+00
     vertex  1.273594e+02 -1.422870e+02  0.000000e+00
   endloop
 endfacet
 facet normal  0.000000e+00 -0.000000e+00 -1.000000e+00
   outer loop
     vertex  1.302530e+02 -1.428994e+02  0.000000e+00
     vertex  1.302530e+02 -1.451806e+02  0.000000e+00
     vertex  1.302030e+02 -1.450600e+02  0.000000e+00
   endloop
 endfacet
 facet normal  0.000000e+00  0.000000e+00 -1.000000e+00
   outer loop
     vertex  1.302530e+02 -1.428994e+02  0.000000e+00
     vertex  1.302030e+02 -1.450600e+02  0.000000e+00
     vertex  1.302030e+02 -1.430200e+02  0.000000e+00
   endloop
 endfacet
 facet normal  0.000000e+00  0.000000e+00 -1.000000e+00
   outer loop
     vertex  1.297700e+02 -1.422700e+02  0.000000e+00
     vertex  1.296406e+02 -1.422870e+02  0.000000e+00
     vertex  1.273594e+02 -1.422870e+02  0.000000e+00
   endloop
 endfacet
 facet normal -0.000000e+00  0.000000e+00 -1.000000e+00
   outer loop
     vertex  1.297700e+02 -1.422700e+02  0.000000e+00
     vertex  1.273594e+02 -1.422870e+02  0.000000e+00
     vertex  1.272300e+02 -1.422700e+02  0.000000e+00
   endloop
 endfacet
 facet normal  0.000000e+00  0.000000e+00 -1.000000e+00
   outer loop
     vertex  1.302700e+02 -1.427700e+02  0.000000e+00
     vertex  1.302530e+02 -1.451806e+02  0.000000e+00
     vertex  1.302530e+02 -1.428994e+02  0.000000e+00
   endloop
 endfacet
 facet normal  0.000000e+00 -0.000000e+00 -1.000000e+00
   outer loop
     vertex  1.302700e+02 -1.427700e+02  0.000000e+00
     vertex  1.302700e+02 -1.453100e+02  0.000000e+00
     vertex  1.302530e+02 -1.451806e+02  0.000000e+00
   endloop
 endfacet
 facet normal  0.000000e+00  0.000000e+00 -1.000000e+00
   outer loop
     vertex  1.518686e+02 -1.541314e+02  0.000000e+00
     vertex  1.298994e+02 -1.483330e+02  0.000000e+00
     vertex  1.300200e+02 -1.482830e+02  0.000000e+00
   endloop
 endfacet
 facet normal  0.000000e+00  0.000000e+00 -1.000000e+00
   outer loop
     vertex  1.516144e+02 -1.538000e+02  0.000000e+00
     vertex  1.300200e+02 -1.482830e+02  0.000000e+00
     vertex  1.301236e+02 -1.482036e+02  0.000000e+00
   endloop
 endfacet
 facet normal -0.000000e+00 -0.000000e+00 -1.000000e+00
   outer loop
     vertex  1.516144e+02 -1.538000e+02  0.000000e+00
     vertex  1.518686e+02 -1.541314e+02  0.000000e+00
     vertex  1.300200e+02 -1.482830e+02  0.000000e+00
   endloop
 endfacet
 facet normal  0.000000e+00 -0.000000e+00 -1.000000e+00
   outer loop
     vertex  1.032000e+02 -1.053856e+02  0.000000e+00
     vertex  1.032000e+02 -1.516144e+02  0.000000e+00
     vertex  1.028686e+02 -1.518686e+02  0.000000e+00
   endloop
 endfacet
 facet normal  0.000000e+00  0.000000e+00 -1.000000e+00
   outer loop
     vertex  1.032000e+02 -1.053856e+02  0.000000e+00
     vertex  1.035859e+02 -1.514545e+02  0.000000e+00
     vertex  1.032000e+02 -1.516144e+02  0.000000e+00
   endloop
 endfacet
 facet normal -0.000000e+00  0.000000e+00 -1.000000e+00
   outer loop
     vertex  1.032000e+02 -1.053856e+02  0.000000e+00
     vertex  1.028686e+02 -1.518686e+02  0.000000e+00
     vertex  1.028686e+02 -1.051314e+02  0.000000e+00
   endloop
 endfacet
 facet normal  0.000000e+00  0.000000e+00 -1.000000e+00
   outer loop
     vertex  1.026144e+02 -1.048000e+02  0.000000e+00
     vertex  1.028686e+02 -1.518686e+02  0.000000e+00
     vertex  1.026144e+02 -1.522000e+02  0.000000e+00
   endloop
 endfacet
 facet normal  0.000000e+00 -0.000000e+00 -1.000000e+00
   outer loop
     vertex  1.026144e+02 -1.048000e+02  0.000000e+00
     vertex  1.026144e+02 -1.522000e+02  0.000000e+00
     vertex  1.000000e+02 -1.570000e+02  0.000000e+00
   endloop
 endfacet
 facet normal  0.000000e+00  0.000000e+00 -1.000000e+00
   outer loop
     vertex  1.026144e+02 -1.048000e+02  0.000000e+00
     vertex  1.028686e+02 -1.051314e+02  0.000000e+00
     vertex  1.028686e+02 -1.518686e+02  0.000000e+00
   endloop
 endfacet
 facet normal  0.000000e+00  0.000000e+00 -1.000000e+00
   outer loop
     vertex  1.522000e+02 -1.543856e+02  0.000000e+00
     vertex  1.048000e+02 -1.543856e+02  0.000000e+00
     vertex  1.297700e+02 -1.483500e+02  0.000000e+00
   endloop
 endfacet
 facet normal  0.000000e+00  0.000000e+00 -1.000000e+00
   outer loop
     vertex  1.522000e+02 -1.543856e+02  0.000000e+00
     vertex  1.297700e+02 -1.483500e+02  0.000000e+00
     vertex  1.298994e+02 -1.483330e+02  0.000000e+00
   endloop
 endfacet
 facet normal  0.000000e+00  0.000000e+00 -1.000000e+00
   outer loop
     vertex  1.522000e+02 -1.543856e+02  0.000000e+00
     vertex  1.298994e+02 -1.483330e+02  0.000000e+00
     vertex  1.518686e+02 -1.541314e+02  0.000000e+00
   endloop
 endfacet
 facet normal  0.000000e+00  0.000000e+00 -1.000000e+00
   outer loop
     vertex  1.514545e+02 -1.534141e+02  0.000000e+00
     vertex  1.301236e+02 -1.482036e+02  0.000000e+00
     vertex  1.302030e+02 -1.481000e+02  0.000000e+00
   endloop
 endfacet
 facet normal -0.000000e+00 -0.000000e+00 -1.000000e+00
   outer loop
     vertex  1.514545e+02 -1.534141e+02  0.000000e+00
     vertex  1.516144e+02 -1.538000e+02  0.000000e+00
     vertex  1.301236e+02 -1.482036e+02  0.000000e+00
   endloop
 endfacet
 facet normal -0.000000e+00 -0.000000e+00 -1.000000e+00
   outer loop
     vertex  1.035859e+02 -1.055455e+02  0.000000e+00
     vertex  1.035859e+02 -1.514545e+02  0.000000e+00
     vertex  1.032000e+02 -1.053856e+02  0.000000e+00
   endloop
 endfacet
 facet normal -0.000000e+00 -0.000000e+00 -1.000000e+00
   outer loop
     vertex  1.514000e+02 -1.530000e+02  0.000000e+00
     vertex  1.514545e+02 -1.534141e+02  0.000000e+00
     vertex  1.302030e+02 -1.481000e+02  0.000000e+00
   endloop
 endfacet
 facet normal  0.000000e+00  0.000000e+00 -1.000000e+00
   outer loop
     vertex  1.514000e+02 -1.530000e+02  0.000000e+00
     vertex  1.302030e+02 -1.481000e+02  0.000000e+00
     vertex  1.302530e+02 -1.479794e+02  0.000000e+00
   endloop
 endfacet
 facet normal  0.000000e+00 -0.000000e+00 -1.000000e+00
   outer loop
     vertex  1.040000e+02 -1.056000e+02  0.000000e+00
     vertex  1.040000e+02 -1.514000e+02  0.000000e+00
     vertex  1.035859e+02 -1.514545e+02  0.000000e+00
   endloop
 endfacet
 facet normal -0.000000e+00  0.000000e+00 -1.000000e+00
   outer loop
     vertex  1.040000e+02 -1.056000e+02  0.000000e+00
     vertex  1.035859e+02 -1.514545e+02  0.000000e+00
     vertex  1.035859e+02 -1.055455e+02  0.000000e+00
   endloop
 endfacet
 facet normal  0.000000e+00  0.000000e+00 -1.000000e+00
   outer loop
     vertex  1.514545e+02 -1.525859e+02  0.000000e+00
     vertex  1.302530e+02 -1.479794e+02  0.000000e+00
     vertex  1.302700e+02 -1.478500e+02  0.000000e+00
   endloop
 endfacet
 facet normal -0.000000e+00  0.000000e+00 -1.000000e+00
   outer loop
     vertex  1.514545e+02 -1.525859e+02  0.000000e+00
     vertex  1.514000e+02 -1.530000e+02  0.000000e+00
     vertex  1.302530e+02 -1.479794e+02  0.000000e+00
   endloop
 endfacet
 facet normal  0.000000e+00  0.000000e+00 -1.000000e+00
   outer loop
     vertex  1.044141e+02 -1.055455e+02  0.000000e+00
     vertex  1.044141e+02 -1.514545e+02  0.000000e+00
     vertex  1.040000e+02 -1.514000e+02  0.000000e+00
   endloop
 endfacet
 facet normal  0.000000e+00  0.000000e+00 -1.000000e+00
   outer loop
     vertex  1.044141e+02 -1.055455e+02  0.000000e+00
     vertex  1.040000e+02 -1.514000e+02  0.000000e+00
     vertex  1.040000e+02 -1.056000e+02  0.000000e+00
   endloop
 endfacet
 facet normal  0.000000e+00 -0.000000e+00 -1.000000e+00
   outer loop
     vertex  1.044141e+02 -1.055455e+02  0.000000e+00
     vertex  1.267970e+02 -1.425200e+02  0.000000e+00
     vertex  1.044141e+02 -1.514545e+02  0.000000e+00
   endloop
 endfacet
 facet normal  0.000000e+00  0.000000e+00 -1.000000e+00
   outer loop
     vertex  1.044141e+02 -1.055455e+02  0.000000e+00
     vertex  1.268764e+02 -1.424164e+02  0.000000e+00
     vertex  1.267970e+02 -1.425200e+02  0.000000e+00
   endloop
 endfacet
 facet normal  0.000000e+00  0.000000e+00 -1.000000e+00
   outer loop
     vertex  1.516144e+02 -1.522000e+02  0.000000e+00
     vertex  1.302700e+02 -1.478500e+02  0.000000e+00
     vertex  1.302700e+02 -1.453100e+02  0.000000e+00
   endloop
 endfacet
 facet normal -0.000000e+00  0.000000e+00 -1.000000e+00
   outer loop
     vertex  1.516144e+02 -1.522000e+02  0.000000e+00
     vertex  1.514545e+02 -1.525859e+02  0.000000e+00
     vertex  1.302700e+02 -1.478500e+02  0.000000e+00
   endloop
 endfacet
 facet normal  0.000000e+00  0.000000e+00 -1.000000e+00
   outer loop
     vertex  1.000000e+02 -1.000000e+02  0.000000e+00
     vertex  1.024000e+02 -1.040000e+02  0.000000e+00
     vertex  1.024545e+02 -1.044141e+02  0.000000e+00
   endloop
 endfacet
 facet normal  0.000000e+00  0.000000e+00 -1.000000e+00
   outer loop
     vertex  1.000000e+02 -1.000000e+02  0.000000e+00
     vertex  1.024545e+02 -1.035859e+02  0.000000e+00
     vertex  1.024000e+02 -1.040000e+02  0.000000e+00
   endloop
 endfacet
 facet normal  0.000000e+00  0.000000e+00 -1.000000e+00
   outer loop
     vertex  1.000000e+02 -1.000000e+02  0.000000e+00
     vertex  1.026144e+02 -1.032000e+02  0.000000e+00
     vertex  1.024545e+02 -1.035859e+02  0.000000e+00
   endloop
 endfacet
 facet normal  0.000000e+00  0.000000e+00 -1.000000e+00
   outer loop
     vertex  1.000000e+02 -1.000000e+02  0.000000e+00
     vertex  1.026144e+02 -1.048000e+02  0.000000e+00
     vertex  1.000000e+02 -1.570000e+02  0.000000e+00
   endloop
 endfacet
 facet normal  0.000000e+00  0.000000e+00 -1.000000e+00
   outer loop
     vertex  1.000000e+02 -1.000000e+02  0.000000e+00
     vertex  1.024545e+02 -1.044141e+02  0.000000e+00
     vertex  1.026144e+02 -1.048000e+02  0.000000e+00
   endloop
 endfacet
 facet normal  0.000000e+00  0.000000e+00 -1.000000e+00
   outer loop
     vertex  1.518686e+02 -1.518686e+02  0.000000e+00
     vertex  1.302700e+02 -1.453100e+02  0.000000e+00
     vertex  1.302700e+02 -1.427700e+02  0.000000e+00
   endloop
 endfacet
 facet normal -0.000000e+00  0.000000e+00 -1.000000e+00
   outer loop
     vertex  1.518686e+02 -1.518686e+02  0.000000e+00
     vertex  1.516144e+02 -1.522000e+02  0.000000e+00
     vertex  1.302700e+02 -1.453100e+02  0.000000e+00
   endloop
 endfacet
 facet normal  0.000000e+00  0.000000e+00 -1.000000e+00
   outer loop
     vertex  1.570000e+02 -1.570000e+02  0.000000e+00
     vertex  1.000000e+02 -1.570000e+02  0.000000e+00
     vertex  1.048000e+02 -1.543856e+02  0.000000e+00
   endloop
 endfacet
 facet normal  0.000000e+00  0.000000e+00 -1.000000e+00
   outer loop
     vertex  1.570000e+02 -1.570000e+02  0.000000e+00
     vertex  1.048000e+02 -1.543856e+02  0.000000e+00
     vertex  1.522000e+02 -1.543856e+02  0.000000e+00
   endloop
 endfacet
 facet normal  0.000000e+00  0.000000e+00 -1.000000e+00
   outer loop
     vertex  1.570000e+02 -1.570000e+02  0.000000e+00
     vertex  1.525859e+02 -1.545455e+02  0.000000e+00
     vertex  1.530000e+02 -1.546000e+02  0.000000e+00
   endloop
 endfacet
 facet normal  0.000000e+00  0.000000e+00 -1.000000e+00
   outer loop
     vertex  1.570000e+02 -1.570000e+02  0.000000e+00
     vertex  1.522000e+02 -1.543856e+02  0.000000e+00
     vertex  1.525859e+02 -1.545455e+02  0.000000e+00
   endloop
 endfacet
 facet normal  0.000000e+00  0.000000e+00 -1.000000e+00
   outer loop
     vertex  1.570000e+02 -1.570000e+02  0.000000e+00
     vertex  1.534141e+02 -1.545455e+02  0.000000e+00
     vertex  1.538000e+02 -1.543856e+02  0.000000e+00
   endloop
 endfacet
 facet normal  0.000000e+00  0.000000e+00 -1.000000e+00
   outer loop
     vertex  1.570000e+02 -1.570000e+02  0.000000e+00
     vertex  1.530000e+02 -1.546000e+02  0.000000e+00
     vertex  1.534141e+02 -1.545455e+02  0.000000e+00
   endloop
 endfacet
 facet normal  0.000000e+00 -0.000000e+00 -1.000000e+00
   outer loop
     vertex  1.541314e+02 -1.541314e+02  0.000000e+00
     vertex  1.570000e+02 -1.570000e+02  0.000000e+00
     vertex  1.538000e+02 -1.543856e+02  0.000000e+00
   endloop
 endfacet
 facet normal -0.000000e+00  0.000000e+00 -1.000000e+00
   outer loop
     vertex  1.028686e+02 -1.028686e+02  0.000000e+00
     vertex  1.026144e+02 -1.032000e+02  0.000000e+00
     vertex  1.000000e+02 -1.000000e+02  0.000000e+00
   endloop
 endfacet
 facet normal -0.000000e+00  0.000000e+00 -1.000000e+00
   outer loop
     vertex  1.032000e+02 -1.026144e+02  0.000000e+00
     vertex  1.028686e+02 -1.028686e+02  0.000000e+00
     vertex  1.000000e+02 -1.000000e+02  0.000000e+00
   endloop
 endfacet
 facet normal -0.000000e+00  0.000000e+00 -1.000000e+00
   outer loop
     vertex  1.522000e+02 -1.516144e+02  0.000000e+00
     vertex  1.518686e+02 -1.518686e+02  0.000000e+00
     vertex  1.302700e+02 -1.427700e+02  0.000000e+00
   endloop
 endfacet
 facet normal  0.000000e+00  0.000000e+00 -1.000000e+00
   outer loop
     vertex  1.522000e+02 -1.516144e+02  0.000000e+00
     vertex  1.302530e+02 -1.426406e+02  0.000000e+00
     vertex  1.302030e+02 -1.425200e+02  0.000000e+00
   endloop
 endfacet
 facet normal  0.000000e+00  0.000000e+00 -1.000000e+00
   outer loop
     vertex  1.522000e+02 -1.516144e+02  0.000000e+00
     vertex  1.302700e+02 -1.427700e+02  0.000000e+00
     vertex  1.302530e+02 -1.426406e+02  0.000000e+00
   endloop
 endfacet
 facet normal  0.000000e+00 -0.000000e+00 -1.000000e+00
   outer loop
     vertex  1.543856e+02 -1.538000e+02  0.000000e+00
     vertex  1.570000e+02 -1.570000e+02  0.000000e+00
     vertex  1.541314e+02 -1.541314e+02  0.000000e+00
   endloop
 endfacet
 facet normal -0.000000e+00  0.000000e+00 -1.000000e+00
   outer loop
     vertex  1.525859e+02 -1.514545e+02  0.000000e+00
     vertex  1.522000e+02 -1.516144e+02  0.000000e+00
     vertex  1.302030e+02 -1.425200e+02  0.000000e+00
   endloop
 endfacet
 facet normal  0.000000e+00 -0.000000e+00 -1.000000e+00
   outer loop
     vertex  1.545455e+02 -1.534141e+02  0.000000e+00
     vertex  1.570000e+02 -1.570000e+02  0.000000e+00
     vertex  1.543856e+02 -1.538000e+02  0.000000e+00
   endloop
 endfacet
 facet normal -0.000000e+00  0.000000e+00 -1.000000e+00
   outer loop
     vertex  1.035859e+02 -1.024545e+02  0.000000e+00
     vertex  1.032000e+02 -1.026144e+02  0.000000e+00
     vertex  1.000000e+02 -1.000000e+02  0.000000e+00
   endloop
 endfacet
 facet normal  0.000000e+00 -0.000000e+00 -1.000000e+00
   outer loop
     vertex  1.546000e+02 -1.530000e+02  0.000000e+00
     vertex  1.570000e+02 -1.570000e+02  0.000000e+00
     vertex  1.545455e+02 -1.534141e+02  0.000000e+00
   endloop
 endfacet
 facet normal -0.000000e+00  0.000000e+00 -1.000000e+00
   outer loop
     vertex  1.040000e+02 -1.024000e+02  0.000000e+00
     vertex  1.035859e+02 -1.024545e+02  0.000000e+00
     vertex  1.000000e+02 -1.000000e+02  0.000000e+00
   endloop
 endfacet
 facet normal  0.000000e+00  0.000000e+00 -1.000000e+00
   outer loop
     vertex  1.545455e+02 -1.525859e+02  0.000000e+00
     vertex  1.570000e+02 -1.570000e+02  0.000000e+00
     vertex  1.546000e+02 -1.530000e+02  0.000000e+00
   endloop
 endfacet
 facet normal  0.000000e+00  0.000000e+00 -1.000000e+00
   outer loop
     vertex  1.044141e+02 -1.024545e+02  0.000000e+00
     vertex  1.040000e+02 -1.024000e+02  0.000000e+00
     vertex  1.000000e+02 -1.000000e+02  0.000000e+00
   endloop
 endfacet
 facet normal  0.000000e+00  0.000000e+00 -1.000000e+00
   outer loop
     vertex  1.543856e+02 -1.522000e+02  0.000000e+00
     vertex  1.570000e+02 -1.570000e+02  0.000000e+00
     vertex  1.545455e+02 -1.525859e+02  0.000000e+00
   endloop
 endfacet
 facet normal  0.000000e+00  0.000000e+00 -1.000000e+00
   outer loop
     vertex  1.239679e+02 -1.075421e+02  0.000000e+00
     vertex  1.048000e+02 -1.053856e+02  0.000000e+00
     vertex  1.051314e+02 -1.051314e+02  0.000000e+00
   endloop
 endfacet
 facet normal  0.000000e+00  0.000000e+00 -1.000000e+00
   outer loop
     vertex  1.240300e+02 -1.075898e+02  0.000000e+00
     vertex  1.044141e+02 -1.055455e+02  0.000000e+00
     vertex  1.048000e+02 -1.053856e+02  0.000000e+00
   endloop
 endfacet
 facet normal -0.000000e+00 -0.000000e+00 -1.000000e+00
   outer loop
     vertex  1.240300e+02 -1.075898e+02  0.000000e+00
     vertex  1.268764e+02 -1.424164e+02  0.000000e+00
     vertex  1.044141e+02 -1.055455e+02  0.000000e+00
   endloop
 endfacet
 facet normal  0.000000e+00  0.000000e+00 -1.000000e+00
   outer loop
     vertex  1.240300e+02 -1.075898e+02  0.000000e+00
     vertex  1.048000e+02 -1.053856e+02  0.000000e+00
     vertex  1.239679e+02 -1.075421e+02  0.000000e+00
   endloop
 endfacet
 facet normal  0.000000e+00  0.000000e+00 -1.000000e+00
   outer loop
     vertex  1.240300e+02 -1.075898e+02  0.000000e+00
     vertex  1.269800e+02 -1.423370e+02  0.000000e+00
     vertex  1.268764e+02 -1.424164e+02  0.000000e+00
   endloop
 endfacet
 facet normal -0.000000e+00 -0.000000e+00 -1.000000e+00
   outer loop
     vertex  1.239202e+02 -1.074800e+02  0.000000e+00
     vertex  1.239679e+02 -1.075421e+02  0.000000e+00
     vertex  1.051314e+02 -1.051314e+02  0.000000e+00
   endloop
 endfacet
 facet normal -0.000000e+00 -0.000000e+00 -1.000000e+00
   outer loop
     vertex  1.241024e+02 -1.076198e+02  0.000000e+00
     vertex  1.269800e+02 -1.423370e+02  0.000000e+00
     vertex  1.240300e+02 -1.075898e+02  0.000000e+00
   endloop
 endfacet
 facet normal  0.000000e+00  0.000000e+00 -1.000000e+00
   outer loop
     vertex  1.241024e+02 -1.076198e+02  0.000000e+00
     vertex  1.271006e+02 -1.422870e+02  0.000000e+00
     vertex  1.269800e+02 -1.423370e+02  0.000000e+00
   endloop
 endfacet
 facet normal -0.000000e+00 -0.000000e+00 -1.000000e+00
   outer loop
     vertex  1.238902e+02 -1.074076e+02  0.000000e+00
     vertex  1.239202e+02 -1.074800e+02  0.000000e+00
     vertex  1.051314e+02 -1.051314e+02  0.000000e+00
   endloop
 endfacet
 facet normal  0.000000e+00  0.000000e+00 -1.000000e+00
   outer loop
     vertex  1.238902e+02 -1.074076e+02  0.000000e+00
     vertex  1.051314e+02 -1.051314e+02  0.000000e+00
     vertex  1.053856e+02 -1.048000e+02  0.000000e+00
   endloop
 endfacet
 facet normal  0.000000e+00  0.000000e+00 -1.000000e+00
   outer loop
     vertex  1.238800e+02 -1.073300e+02  0.000000e+00
     vertex  1.053856e+02 -1.048000e+02  0.000000e+00
     vertex  1.055455e+02 -1.044141e+02  0.000000e+00
   endloop
 endfacet
 facet normal -0.000000e+00 -0.000000e+00 -1.000000e+00
   outer loop
     vertex  1.238800e+02 -1.073300e+02  0.000000e+00
     vertex  1.238902e+02 -1.074076e+02  0.000000e+00
     vertex  1.053856e+02 -1.048000e+02  0.000000e+00
   endloop
 endfacet
 facet normal -0.000000e+00 -0.000000e+00 -1.000000e+00
   outer loop
     vertex  1.241800e+02 -1.076300e+02  0.000000e+00
     vertex  1.271006e+02 -1.422870e+02  0.000000e+00
     vertex  1.241024e+02 -1.076198e+02  0.000000e+00
   endloop
 endfacet
 facet normal  0.000000e+00  0.000000e+00 -1.000000e+00
   outer loop
     vertex  1.241800e+02 -1.076300e+02  0.000000e+00
     vertex  1.272300e+02 -1.422700e+02  0.000000e+00
     vertex  1.271006e+02 -1.422870e+02  0.000000e+00
   endloop
 endfacet
 facet normal  0.000000e+00 -0.000000e+00 -1.000000e+00
   outer loop
     vertex  1.242576e+02 -1.076198e+02  0.000000e+00
     vertex  1.272300e+02 -1.422700e+02  0.000000e+00
     vertex  1.241800e+02 -1.076300e+02  0.000000e+00
   endloop
 endfacet
 facet normal  0.000000e+00  0.000000e+00 -1.000000e+00
   outer loop
     vertex  1.238800e+02 -1.062300e+02  0.000000e+00
     vertex  1.055455e+02 -1.044141e+02  0.000000e+00
     vertex  1.056000e+02 -1.040000e+02  0.000000e+00
   endloop
 endfacet
 facet normal -0.000000e+00 -0.000000e+00 -1.000000e+00
   outer loop
     vertex  1.238800e+02 -1.062300e+02  0.000000e+00
     vertex  1.238800e+02 -1.073300e+02  0.000000e+00
     vertex  1.055455e+02 -1.044141e+02  0.000000e+00
   endloop
 endfacet
 facet normal -0.000000e+00  0.000000e+00 -1.000000e+00
   outer loop
     vertex  1.238902e+02 -1.061524e+02  0.000000e+00
     vertex  1.238800e+02 -1.062300e+02  0.000000e+00
     vertex  1.056000e+02 -1.040000e+02  0.000000e+00
   endloop
 endfacet
 facet normal -0.000000e+00  0.000000e+00 -1.000000e+00
   outer loop
     vertex  1.254475e+02 -1.065615e+02  0.000000e+00
     vertex  1.244800e+02 -1.073300e+02  0.000000e+00
     vertex  1.253802e+02 -1.065098e+02  0.000000e+00
   endloop
 endfacet
 facet normal -0.000000e+00  0.000000e+00 -1.000000e+00
   outer loop
     vertex  1.253285e+02 -1.064425e+02  0.000000e+00
     vertex  1.244800e+02 -1.073300e+02  0.000000e+00
     vertex  1.244800e+02 -1.062300e+02  0.000000e+00
   endloop
 endfacet
 facet normal  0.000000e+00 -0.000000e+00 -1.000000e+00
   outer loop
     vertex  1.253285e+02 -1.064425e+02  0.000000e+00
     vertex  1.253802e+02 -1.065098e+02  0.000000e+00
     vertex  1.244800e+02 -1.073300e+02  0.000000e+00
   endloop
 endfacet
 facet normal  0.000000e+00  0.000000e+00 -1.000000e+00
   outer loop
     vertex  1.255259e+02 -1.065939e+02  0.000000e+00
     vertex  1.244698e+02 -1.074076e+02  0.000000e+00
     vertex  1.244800e+02 -1.073300e+02  0.000000e+00
   endloop
 endfacet
 facet normal -0.000000e+00  0.000000e+00 -1.000000e+00
   outer loop
     vertex  1.255259e+02 -1.065939e+02  0.000000e+00
     vertex  1.244800e+02 -1.073300e+02  0.000000e+00
     vertex  1.254475e+02 -1.065615e+02  0.000000e+00
   endloop
 endfacet
 facet normal -0.000000e+00 -0.000000e+00 -1.000000e+00
   outer loop
     vertex  1.252961e+02 -1.063641e+02  0.000000e+00
     vertex  1.253285e+02 -1.064425e+02  0.000000e+00
     vertex  1.244800e+02 -1.062300e+02  0.000000e+00
   endloop
 endfacet
 facet normal  0.000000e+00  0.000000e+00 -1.000000e+00
   outer loop
     vertex  1.256100e+02 -1.066050e+02  0.000000e+00
     vertex  1.244398e+02 -1.074800e+02  0.000000e+00
     vertex  1.244698e+02 -1.074076e+02  0.000000e+00
   endloop
 endfacet
 facet normal -0.000000e+00  0.000000e+00 -1.000000e+00
   outer loop
     vertex  1.256100e+02 -1.066050e+02  0.000000e+00
     vertex  1.244698e+02 -1.074076e+02  0.000000e+00
     vertex  1.255259e+02 -1.065939e+02  0.000000e+00
   endloop
 endfacet
 facet normal -0.000000e+00 -0.000000e+00 -1.000000e+00
   outer loop
     vertex  1.252850e+02 -1.062800e+02  0.000000e+00
     vertex  1.252961e+02 -1.063641e+02  0.000000e+00
     vertex  1.244800e+02 -1.062300e+02  0.000000e+00
   endloop
 endfacet
 facet normal  0.000000e+00  0.000000e+00 -1.000000e+00
   outer loop
     vertex  1.256941e+02 -1.065939e+02  0.000000e+00
     vertex  1.243921e+02 -1.075421e+02  0.000000e+00
     vertex  1.244398e+02 -1.074800e+02  0.000000e+00
   endloop
 endfacet
 facet normal  0.000000e+00  0.000000e+00 -1.000000e+00
   outer loop
     vertex  1.256941e+02 -1.065939e+02  0.000000e+00
     vertex  1.244398e+02 -1.074800e+02  0.000000e+00
     vertex  1.256100e+02 -1.066050e+02  0.000000e+00
   endloop
 endfacet
 facet normal -0.000000e+00  0.000000e+00 -1.000000e+00
   outer loop
     vertex  1.252961e+02 -1.061959e+02  0.000000e+00
     vertex  1.244800e+02 -1.062300e+02  0.000000e+00
     vertex  1.244698e+02 -1.061524e+02  0.000000e+00
   endloop
 endfacet
 facet normal  0.000000e+00  0.000000e+00 -1.000000e+00
   outer loop
     vertex  1.252961e+02 -1.061959e+02  0.000000e+00
     vertex  1.252850e+02 -1.062800e+02  0.000000e+00
     vertex  1.244800e+02 -1.062300e+02  0.000000e+00
   endloop
 endfacet
 facet normal  0.000000e+00  0.000000e+00 -1.000000e+00
   outer loop
     vertex  1.257725e+02 -1.065615e+02  0.000000e+00
     vertex  1.243921e+02 -1.075421e+02  0.000000e+00
     vertex  1.256941e+02 -1.065939e+02  0.000000e+00
   endloop
 endfacet
 facet normal -0.000000e+00  0.000000e+00 -1.000000e+00
   outer loop
     vertex  1.253285e+02 -1.061175e+02  0.000000e+00
     vertex  1.244698e+02 -1.061524e+02  0.000000e+00
     vertex  1.244398e+02 -1.060800e+02  0.000000e+00
   endloop
 endfacet
 facet normal  0.000000e+00  0.000000e+00 -1.000000e+00
   outer loop
     vertex  1.253285e+02 -1.061175e+02  0.000000e+00
     vertex  1.252961e+02 -1.061959e+02  0.000000e+00
     vertex  1.244698e+02 -1.061524e+02  0.000000e+00
   endloop
 endfacet
 facet normal  0.000000e+00  0.000000e+00 -1.000000e+00
   outer loop
     vertex  1.253802e+02 -1.060502e+02  0.000000e+00
     vertex  1.253285e+02 -1.061175e+02  0.000000e+00
     vertex  1.244398e+02 -1.060800e+02  0.000000e+00
   endloop
 endfacet
 facet normal -0.000000e+00  0.000000e+00 -1.000000e+00
   outer loop
     vertex  1.253802e+02 -1.060502e+02  0.000000e+00
     vertex  1.244398e+02 -1.060800e+02  0.000000e+00
     vertex  1.243921e+02 -1.060179e+02  0.000000e+00
   endloop
 endfacet
 facet normal -0.000000e+00  0.000000e+00 -1.000000e+00
   outer loop
     vertex  1.254475e+02 -1.059985e+02  0.000000e+00
     vertex  1.243921e+02 -1.060179e+02  0.000000e+00
     vertex  1.243300e+02 -1.059702e+02  0.000000e+00
   endloop
 endfacet
 facet normal  0.000000e+00  0.000000e+00 -1.000000e+00
   outer loop
     vertex  1.254475e+02 -1.059985e+02  0.000000e+00
     vertex  1.253802e+02 -1.060502e+02  0.000000e+00
     vertex  1.243921e+02 -1.060179e+02  0.000000e+00
   endloop
 endfacet
 facet normal  0.000000e+00  0.000000e+00 -1.000000e+00
   outer loop
     vertex  1.255259e+02 -1.059661e+02  0.000000e+00
     vertex  1.254475e+02 -1.059985e+02  0.000000e+00
     vertex  1.243300e+02 -1.059702e+02  0.000000e+00
   endloop
 endfacet
 facet normal  0.000000e+00 -0.000000e+00 -1.000000e+00
   outer loop
     vertex  1.240300e+02 -1.032598e+02  0.000000e+00
     vertex  1.240300e+02 -1.059702e+02  0.000000e+00
     vertex  1.239679e+02 -1.060179e+02  0.000000e+00
   endloop
 endfacet
 facet normal  0.000000e+00  0.000000e+00 -1.000000e+00
   outer loop
     vertex  1.240300e+02 -1.032598e+02  0.000000e+00
     vertex  1.241024e+02 -1.059402e+02  0.000000e+00
     vertex  1.240300e+02 -1.059702e+02  0.000000e+00
   endloop
 endfacet
 facet normal -0.000000e+00  0.000000e+00 -1.000000e+00
   outer loop
     vertex  1.240300e+02 -1.032598e+02  0.000000e+00
     vertex  1.239679e+02 -1.060179e+02  0.000000e+00
     vertex  1.239679e+02 -1.032121e+02  0.000000e+00
   endloop
 endfacet
 facet normal  0.000000e+00  0.000000e+00 -1.000000e+00
   outer loop
     vertex  1.239202e+02 -1.031500e+02  0.000000e+00
     vertex  1.239679e+02 -1.060179e+02  0.000000e+00
     vertex  1.239202e+02 -1.060800e+02  0.000000e+00
   endloop
 endfacet
 facet normal  0.000000e+00  0.000000e+00 -1.000000e+00
   outer loop
     vertex  1.239202e+02 -1.031500e+02  0.000000e+00
     vertex  1.239679e+02 -1.032121e+02  0.000000e+00
     vertex  1.239679e+02 -1.060179e+02  0.000000e+00
   endloop
 endfacet
 facet normal -0.000000e+00 -0.000000e+00 -1.000000e+00
   outer loop
     vertex  1.241024e+02 -1.032898e+02  0.000000e+00
     vertex  1.241024e+02 -1.059402e+02  0.000000e+00
     vertex  1.240300e+02 -1.032598e+02  0.000000e+00
   endloop
 endfacet
 facet normal  0.000000e+00  0.000000e+00 -1.000000e+00
   outer loop
     vertex  1.238902e+02 -1.030776e+02  0.000000e+00
     vertex  1.239202e+02 -1.060800e+02  0.000000e+00
     vertex  1.238902e+02 -1.061524e+02  0.000000e+00
   endloop
 endfacet
 facet normal  0.000000e+00  0.000000e+00 -1.000000e+00
   outer loop
     vertex  1.238902e+02 -1.030776e+02  0.000000e+00
     vertex  1.239202e+02 -1.031500e+02  0.000000e+00
     vertex  1.239202e+02 -1.060800e+02  0.000000e+00
   endloop
 endfacet
 facet normal  0.000000e+00 -0.000000e+00 -1.000000e+00
   outer loop
     vertex  1.238902e+02 -1.030776e+02  0.000000e+00
     vertex  1.238902e+02 -1.061524e+02  0.000000e+00
     vertex  1.056000e+02 -1.040000e+02  0.000000e+00
   endloop
 endfacet
 facet normal  0.000000e+00 -0.000000e+00 -1.000000e+00
   outer loop
     vertex  1.238800e+02 -1.030000e+02  0.000000e+00
     vertex  1.238902e+02 -1.030776e+02  0.000000e+00
     vertex  1.056000e+02 -1.040000e+02  0.000000e+00
   endloop
 endfacet
 facet normal  0.000000e+00 -0.000000e+00 -1.000000e+00
   outer loop
     vertex  1.241800e+02 -1.033000e+02  0.000000e+00
     vertex  1.241800e+02 -1.059300e+02  0.000000e+00
     vertex  1.241024e+02 -1.059402e+02  0.000000e+00
   endloop
 endfacet
 facet normal -0.000000e+00  0.000000e+00 -1.000000e+00
   outer loop
     vertex  1.241800e+02 -1.033000e+02  0.000000e+00
     vertex  1.241024e+02 -1.059402e+02  0.000000e+00
     vertex  1.241024e+02 -1.032898e+02  0.000000e+00
   endloop
 endfacet
 facet normal  0.000000e+00 -0.000000e+00 -1.000000e+00
   outer loop
     vertex  1.242576e+02 -1.032898e+02  0.000000e+00
     vertex  1.242576e+02 -1.059402e+02  0.000000e+00
     vertex  1.241800e+02 -1.059300e+02  0.000000e+00
   endloop
 endfacet
 facet normal  0.000000e+00  0.000000e+00 -1.000000e+00
   outer loop
     vertex  1.242576e+02 -1.032898e+02  0.000000e+00
     vertex  1.241800e+02 -1.059300e+02  0.000000e+00
     vertex  1.241800e+02 -1.033000e+02  0.000000e+00
   endloop
 endfacet
 facet normal  0.000000e+00  0.000000e+00 -1.000000e+00
   outer loop
     vertex  1.243300e+02 -1.032598e+02  0.000000e+00
     vertex  1.255259e+02 -1.059661e+02  0.000000e+00
     vertex  1.243300e+02 -1.059702e+02  0.000000e+00
   endloop
 endfacet
 facet normal  0.000000e+00 -0.000000e+00 -1.000000e+00
   outer loop
     vertex  1.243300e+02 -1.032598e+02  0.000000e+00
     vertex  1.243300e+02 -1.059702e+02  0.000000e+00
     vertex  1.242576e+02 -1.059402e+02  0.000000e+00
   endloop
 endfacet
 facet normal  0.000000e+00  0.000000e+00 -1.000000e+00
   outer loop
     vertex  1.243300e+02 -1.032598e+02  0.000000e+00
     vertex  1.242576e+02 -1.059402e+02  0.000000e+00
     vertex  1.242576e+02 -1.032898e+02  0.000000e+00
   endloop
 endfacet
 facet normal  0.000000e+00 -0.000000e+00 -1.000000e+00
   outer loop
     vertex  1.243921e+02 -1.032121e+02  0.000000e+00
     vertex  1.255259e+02 -1.059661e+02  0.000000e+00
     vertex  1.243300e+02 -1.032598e+02  0.000000e+00
   endloop
 endfacet
 facet normal  0.000000e+00  0.000000e+00 -1.000000e+00
   outer loop
     vertex  1.243921e+02 -1.032121e+02  0.000000e+00
     vertex  1.256100e+02 -1.059550e+02  0.000000e+00
     vertex  1.255259e+02 -1.059661e+02  0.000000e+00
   endloop
 endfacet
 facet normal  0.000000e+00 -0.000000e+00 -1.000000e+00
   outer loop
     vertex  1.244398e+02 -1.031500e+02  0.000000e+00
     vertex  1.256100e+02 -1.059550e+02  0.000000e+00
     vertex  1.243921e+02 -1.032121e+02  0.000000e+00
   endloop
 endfacet
 facet normal  0.000000e+00  0.000000e+00 -1.000000e+00
   outer loop
     vertex  1.244398e+02 -1.031500e+02  0.000000e+00
     vertex  1.256941e+02 -1.059661e+02  0.000000e+00
     vertex  1.256100e+02 -1.059550e+02  0.000000e+00
   endloop
 endfacet
 facet normal  0.000000e+00 -0.000000e+00 -1.000000e+00
   outer loop
     vertex  1.244698e+02 -1.030776e+02  0.000000e+00
     vertex  1.256941e+02 -1.059661e+02  0.000000e+00
     vertex  1.244398e+02 -1.031500e+02  0.000000e+00
   endloop
 endfacet
 facet normal  0.000000e+00  0.000000e+00 -1.000000e+00
   outer loop
     vertex  1.244698e+02 -1.030776e+02  0.000000e+00
     vertex  1.257725e+02 -1.059985e+02  0.000000e+00
     vertex  1.256941e+02 -1.059661e+02  0.000000e+00
   endloop
 endfacet
 facet normal  0.000000e+00 -0.000000e+00 -1.000000e+00
   outer loop
     vertex  1.244800e+02 -1.030000e+02  0.000000e+00
     vertex  1.257725e+02 -1.059985e+02  0.000000e+00
     vertex  1.244698e+02 -1.030776e+02  0.000000e+00
   endloop
 endfacet
 facet normal  0.000000e+00  0.000000e+00 -1.000000e+00
   outer loop
     vertex  1.244800e+02 -1.030000e+02  0.000000e+00
     vertex  1.258398e+02 -1.060502e+02  0.000000e+00
     vertex  1.257725e+02 -1.059985e+02  0.000000e+00
   endloop
 endfacet
 facet normal  0.000000e+00  0.000000e+00 -1.000000e+00
   outer loop
     vertex  1.238800e+02 -1.022000e+02  0.000000e+00
     vertex  1.056000e+02 -1.040000e+02  0.000000e+00
     vertex  1.055455e+02 -1.035859e+02  0.000000e+00
   endloop
 endfacet
 facet normal  0.000000e+00 -0.000000e+00 -1.000000e+00
   outer loop
     vertex  1.238800e+02 -1.022000e+02  0.000000e+00
     vertex  1.238800e+02 -1.030000e+02  0.000000e+00
     vertex  1.056000e+02 -1.040000e+02  0.000000e+00
   endloop
 endfacet
 facet normal  0.000000e+00  0.000000e+00 -1.000000e+00
   outer loop
     vertex  1.238902e+02 -1.021224e+02  0.000000e+00
     vertex  1.055455e+02 -1.035859e+02  0.000000e+00
     vertex  1.053856e+02 -1.032000e+02  0.000000e+00
   endloop
 endfacet
 facet normal  0.000000e+00  0.000000e+00 -1.000000e+00
   outer loop
     vertex  1.238902e+02 -1.021224e+02  0.000000e+00
     vertex  1.238800e+02 -1.022000e+02  0.000000e+00
     vertex  1.055455e+02 -1.035859e+02  0.000000e+00
   endloop
 endfacet
 facet normal  0.000000e+00  0.000000e+00 -1.000000e+00
   outer loop
     vertex  1.239202e+02 -1.020500e+02  0.000000e+00
     vertex  1.053856e+02 -1.032000e+02  0.000000e+00
     vertex  1.051314e+02 -1.028686e+02  0.000000e+00
   endloop
 endfacet
 facet normal  0.000000e+00  0.000000e+00 -1.000000e+00
   outer loop
     vertex  1.239202e+02 -1.020500e+02  0.000000e+00
     vertex  1.238902e+02 -1.021224e+02  0.000000e+00
     vertex  1.053856e+02 -1.032000e+02  0.000000e+00
   endloop
 endfacet
 facet normal  0.000000e+00  0.000000e+00 -1.000000e+00
   outer loop
     vertex  1.239679e+02 -1.019879e+02  0.000000e+00
     vertex  1.051314e+02 -1.028686e+02  0.000000e+00
     vertex  1.048000e+02 -1.026144e+02  0.000000e+00
   endloop
 endfacet
 facet normal  0.000000e+00  0.000000e+00 -1.000000e+00
   outer loop
     vertex  1.239679e+02 -1.019879e+02  0.000000e+00
     vertex  1.239202e+02 -1.020500e+02  0.000000e+00
     vertex  1.051314e+02 -1.028686e+02  0.000000e+00
   endloop
 endfacet
 facet normal  0.000000e+00  0.000000e+00 -1.000000e+00
   outer loop
     vertex  1.240300e+02 -1.019402e+02  0.000000e+00
     vertex  1.048000e+02 -1.026144e+02  0.000000e+00
     vertex  1.044141e+02 -1.024545e+02  0.000000e+00
   endloop
 endfacet
 facet normal -0.000000e+00  0.000000e+00 -1.000000e+00
   outer loop
     vertex  1.240300e+02 -1.019402e+02  0.000000e+00
     vertex  1.044141e+02 -1.024545e+02  0.000000e+00
     vertex  1.000000e+02 -1.000000e+02  0.000000e+00
   endloop
 endfacet
 facet normal  0.000000e+00  0.000000e+00 -1.000000e+00
   outer loop
     vertex  1.240300e+02 -1.019402e+02  0.000000e+00
     vertex  1.239679e+02 -1.019879e+02  0.000000e+00
     vertex  1.048000e+02 -1.026144e+02  0.000000e+00
   endloop
 endfacet
 facet normal -0.000000e+00  0.000000e+00 -1.000000e+00
   outer loop
     vertex  1.241024e+02 -1.019102e+02  0.000000e+00
     vertex  1.240300e+02 -1.019402e+02  0.000000e+00
     vertex  1.000000e+02 -1.000000e+02  0.000000e+00
   endloop
 endfacet
 facet normal -0.000000e+00  0.000000e+00 -1.000000e+00
   outer loop
     vertex  1.312275e+02 -1.065615e+02  0.000000e+00
     vertex  1.257725e+02 -1.065615e+02  0.000000e+00
     vertex  1.258398e+02 -1.065098e+02  0.000000e+00
   endloop
 endfacet
 facet normal  0.000000e+00  0.000000e+00 -1.000000e+00
   outer loop
     vertex  1.312275e+02 -1.065615e+02  0.000000e+00
     vertex  1.258398e+02 -1.065098e+02  0.000000e+00
     vertex  1.311602e+02 -1.065098e+02  0.000000e+00
   endloop
 endfacet
 facet normal  0.000000e+00  0.000000e+00 -1.000000e+00
   outer loop
     vertex  1.311085e+02 -1.064425e+02  0.000000e+00
     vertex  1.258398e+02 -1.065098e+02  0.000000e+00
     vertex  1.258915e+02 -1.064425e+02  0.000000e+00
   endloop
 endfacet
 facet normal  0.000000e+00 -0.000000e+00 -1.000000e+00
   outer loop
     vertex  1.311085e+02 -1.064425e+02  0.000000e+00
     vertex  1.311602e+02 -1.065098e+02  0.000000e+00
     vertex  1.258398e+02 -1.065098e+02  0.000000e+00
   endloop
 endfacet
 facet normal  0.000000e+00 -0.000000e+00 -1.000000e+00
   outer loop
     vertex  1.310761e+02 -1.063641e+02  0.000000e+00
     vertex  1.311085e+02 -1.064425e+02  0.000000e+00
     vertex  1.258915e+02 -1.064425e+02  0.000000e+00
   endloop
 endfacet
 facet normal -0.000000e+00  0.000000e+00 -1.000000e+00
   outer loop
     vertex  1.310761e+02 -1.063641e+02  0.000000e+00
     vertex  1.259239e+02 -1.063641e+02  0.000000e+00
     vertex  1.259350e+02 -1.062800e+02  0.000000e+00
   endloop
 endfacet
 facet normal  0.000000e+00  0.000000e+00 -1.000000e+00
   outer loop
     vertex  1.310761e+02 -1.063641e+02  0.000000e+00
     vertex  1.258915e+02 -1.064425e+02  0.000000e+00
     vertex  1.259239e+02 -1.063641e+02  0.000000e+00
   endloop
 endfacet
 facet normal  0.000000e+00 -0.000000e+00 -1.000000e+00
   outer loop
     vertex  1.310650e+02 -1.062800e+02  0.000000e+00
     vertex  1.310761e+02 -1.063641e+02  0.000000e+00
     vertex  1.259350e+02 -1.062800e+02  0.000000e+00
   endloop
 endfacet
 facet normal -0.000000e+00  0.000000e+00 -1.000000e+00
   outer loop
     vertex  1.310761e+02 -1.061959e+02  0.000000e+00
     vertex  1.259239e+02 -1.061959e+02  0.000000e+00
     vertex  1.258915e+02 -1.061175e+02  0.000000e+00
   endloop
 endfacet
 facet normal  0.000000e+00  0.000000e+00 -1.000000e+00
   outer loop
     vertex  1.310761e+02 -1.061959e+02  0.000000e+00
     vertex  1.259350e+02 -1.062800e+02  0.000000e+00
     vertex  1.259239e+02 -1.061959e+02  0.000000e+00
   endloop
 endfacet
 facet normal  0.000000e+00  0.000000e+00 -1.000000e+00
   outer loop
     vertex  1.310761e+02 -1.061959e+02  0.000000e+00
     vertex  1.310650e+02 -1.062800e+02  0.000000e+00
     vertex  1.259350e+02 -1.062800e+02  0.000000e+00
   endloop
 endfacet
 facet normal  0.000000e+00  0.000000e+00 -1.000000e+00
   outer loop
     vertex  1.311085e+02 -1.061175e+02  0.000000e+00
     vertex  1.310761e+02 -1.061959e+02  0.000000e+00
     vertex  1.258915e+02 -1.061175e+02  0.000000e+00
   endloop
 endfacet
 facet normal  0.000000e+00  0.000000e+00 -1.000000e+00
   outer loop
     vertex  1.326079e+02 -1.075421e+02  0.000000e+00
     vertex  1.243921e+02 -1.075421e+02  0.000000e+00
     vertex  1.257725e+02 -1.065615e+02  0.000000e+00
   endloop
 endfacet
 facet normal  0.000000e+00  0.000000e+00 -1.000000e+00
   outer loop
     vertex  1.326079e+02 -1.075421e+02  0.000000e+00
     vertex  1.257725e+02 -1.065615e+02  0.000000e+00
     vertex  1.312275e+02 -1.065615e+02  0.000000e+00
   endloop
 endfacet
 facet normal  0.000000e+00  0.000000e+00 -1.000000e+00
   outer loop
     vertex  1.326079e+02 -1.075421e+02  0.000000e+00
     vertex  1.312275e+02 -1.065615e+02  0.000000e+00
     vertex  1.313059e+02 -1.065939e+02  0.000000e+00
   endloop
 endfacet
 facet normal  0.000000e+00  0.000000e+00 -1.000000e+00
   outer loop
     vertex  1.326700e+02 -1.075898e+02  0.000000e+00
     vertex  1.243300e+02 -1.075898e+02  0.000000e+00
     vertex  1.243921e+02 -1.075421e+02  0.000000e+00
   endloop
 endfacet
 facet normal  0.000000e+00  0.000000e+00 -1.000000e+00
   outer loop
     vertex  1.326700e+02 -1.075898e+02  0.000000e+00
     vertex  1.243921e+02 -1.075421e+02  0.000000e+00
     vertex  1.326079e+02 -1.075421e+02  0.000000e+00
   endloop
 endfacet
 facet normal -0.000000e+00 -0.000000e+00 -1.000000e+00
   outer loop
     vertex  1.325602e+02 -1.074800e+02  0.000000e+00
     vertex  1.326079e+02 -1.075421e+02  0.000000e+00
     vertex  1.313059e+02 -1.065939e+02  0.000000e+00
   endloop
 endfacet
 facet normal  0.000000e+00  0.000000e+00 -1.000000e+00
   outer loop
     vertex  1.325602e+02 -1.074800e+02  0.000000e+00
     vertex  1.313059e+02 -1.065939e+02  0.000000e+00
     vertex  1.313900e+02 -1.066050e+02  0.000000e+00
   endloop
 endfacet
 facet normal -0.000000e+00  0.000000e+00 -1.000000e+00
   outer loop
     vertex  1.311602e+02 -1.060502e+02  0.000000e+00
     vertex  1.258398e+02 -1.060502e+02  0.000000e+00
     vertex  1.244800e+02 -1.030000e+02  0.000000e+00
   endloop
 endfacet
 facet normal  0.000000e+00  0.000000e+00 -1.000000e+00
   outer loop
     vertex  1.311602e+02 -1.060502e+02  0.000000e+00
     vertex  1.258915e+02 -1.061175e+02  0.000000e+00
     vertex  1.258398e+02 -1.060502e+02  0.000000e+00
   endloop
 endfacet
 facet normal  0.000000e+00  0.000000e+00 -1.000000e+00
   outer loop
     vertex  1.311602e+02 -1.060502e+02  0.000000e+00
     vertex  1.311085e+02 -1.061175e+02  0.000000e+00
     vertex  1.258915e+02 -1.061175e+02  0.000000e+00
   endloop
 endfacet
 facet normal  0.000000e+00  0.000000e+00 -1.000000e+00
   outer loop
     vertex  1.327424e+02 -1.076198e+02  0.000000e+00
     vertex  1.297700e+02 -1.422700e+02  0.000000e+00
     vertex  1.272300e+02 -1.422700e+02  0.000000e+00
   endloop
 endfacet
 facet normal  0.000000e+00  0.000000e+00 -1.000000e+00
   outer loop
     vertex  1.327424e+02 -1.076198e+02  0.000000e+00
     vertex  1.242576e+02 -1.076198e+02  0.000000e+00
     vertex  1.243300e+02 -1.075898e+02  0.000000e+00
   endloop
 endfacet
 facet normal -0.000000e+00  0.000000e+00 -1.000000e+00
   outer loop
     vertex  1.327424e+02 -1.076198e+02  0.000000e+00
     vertex  1.272300e+02 -1.422700e+02  0.000000e+00
     vertex  1.242576e+02 -1.076198e+02  0.000000e+00
   endloop
 endfacet
 facet normal  0.000000e+00  0.000000e+00 -1.000000e+00
   outer loop
     vertex  1.327424e+02 -1.076198e+02  0.000000e+00
     vertex  1.243300e+02 -1.075898e+02  0.000000e+00
     vertex  1.326700e+02 -1.075898e+02  0.000000e+00
   endloop
 endfacet
 facet normal -0.000000e+00 -0.000000e+00 -1.000000e+00
   outer loop
     vertex  1.325302e+02 -1.074076e+02  0.000000e+00
     vertex  1.325602e+02 -1.074800e+02  0.000000e+00
     vertex  1.313900e+02 -1.066050e+02  0.000000e+00
   endloop
 endfacet
 facet normal  0.000000e+00  0.000000e+00 -1.000000e+00
   outer loop
     vertex  1.325302e+02 -1.074076e+02  0.000000e+00
     vertex  1.313900e+02 -1.066050e+02  0.000000e+00
     vertex  1.314741e+02 -1.065939e+02  0.000000e+00
   endloop
 endfacet
 facet normal -0.000000e+00  0.000000e+00 -1.000000e+00
   outer loop
     vertex  1.328200e+02 -1.076300e+02  0.000000e+00
     vertex  1.297700e+02 -1.422700e+02  0.000000e+00
     vertex  1.327424e+02 -1.076198e+02  0.000000e+00
   endloop
 endfacet
 facet normal  0.000000e+00  0.000000e+00 -1.000000e+00
   outer loop
     vertex  1.328200e+02 -1.076300e+02  0.000000e+00
     vertex  1.298994e+02 -1.422870e+02  0.000000e+00
     vertex  1.297700e+02 -1.422700e+02  0.000000e+00
   endloop
 endfacet
 facet normal -0.000000e+00 -0.000000e+00 -1.000000e+00
   outer loop
     vertex  1.325200e+02 -1.073300e+02  0.000000e+00
     vertex  1.325302e+02 -1.074076e+02  0.000000e+00
     vertex  1.314741e+02 -1.065939e+02  0.000000e+00
   endloop
 endfacet
 facet normal  0.000000e+00  0.000000e+00 -1.000000e+00
   outer loop
     vertex  1.325200e+02 -1.073300e+02  0.000000e+00
     vertex  1.315525e+02 -1.065615e+02  0.000000e+00
     vertex  1.316198e+02 -1.065098e+02  0.000000e+00
   endloop
 endfacet
 facet normal  0.000000e+00  0.000000e+00 -1.000000e+00
   outer loop
     vertex  1.325200e+02 -1.073300e+02  0.000000e+00
     vertex  1.314741e+02 -1.065939e+02  0.000000e+00
     vertex  1.315525e+02 -1.065615e+02  0.000000e+00
   endloop
 endfacet
 facet normal  0.000000e+00 -0.000000e+00 -1.000000e+00
   outer loop
     vertex  1.316715e+02 -1.064425e+02  0.000000e+00
     vertex  1.325200e+02 -1.073300e+02  0.000000e+00
     vertex  1.316198e+02 -1.065098e+02  0.000000e+00
   endloop
 endfacet
 facet normal  0.000000e+00  0.000000e+00 -1.000000e+00
   outer loop
     vertex  1.328976e+02 -1.076198e+02  0.000000e+00
     vertex  1.298994e+02 -1.422870e+02  0.000000e+00
     vertex  1.328200e+02 -1.076300e+02  0.000000e+00
   endloop
 endfacet
 facet normal  0.000000e+00  0.000000e+00 -1.000000e+00
   outer loop
     vertex  1.328976e+02 -1.076198e+02  0.000000e+00
     vertex  1.300200e+02 -1.423370e+02  0.000000e+00
     vertex  1.298994e+02 -1.422870e+02  0.000000e+00
   endloop
 endfacet
 facet normal  0.000000e+00  0.000000e+00 -1.000000e+00
   outer loop
     vertex  1.329700e+02 -1.075898e+02  0.000000e+00
     vertex  1.300200e+02 -1.423370e+02  0.000000e+00
     vertex  1.328976e+02 -1.076198e+02  0.000000e+00
   endloop
 endfacet
 facet normal  0.000000e+00  0.000000e+00 -1.000000e+00
   outer loop
     vertex  1.329700e+02 -1.075898e+02  0.000000e+00
     vertex  1.301236e+02 -1.424164e+02  0.000000e+00
     vertex  1.300200e+02 -1.423370e+02  0.000000e+00
   endloop
 endfacet
 facet normal -0.000000e+00  0.000000e+00 -1.000000e+00
   outer loop
     vertex  1.325200e+02 -1.062300e+02  0.000000e+00
     vertex  1.317150e+02 -1.062800e+02  0.000000e+00
     vertex  1.317039e+02 -1.061959e+02  0.000000e+00
   endloop
 endfacet
 facet normal  0.000000e+00  0.000000e+00 -1.000000e+00
   outer loop
     vertex  1.325200e+02 -1.062300e+02  0.000000e+00
     vertex  1.317039e+02 -1.063641e+02  0.000000e+00
     vertex  1.317150e+02 -1.062800e+02  0.000000e+00
   endloop
 endfacet
 facet normal  0.000000e+00  0.000000e+00 -1.000000e+00
   outer loop
     vertex  1.325200e+02 -1.062300e+02  0.000000e+00
     vertex  1.316715e+02 -1.064425e+02  0.000000e+00
     vertex  1.317039e+02 -1.063641e+02  0.000000e+00
   endloop
 endfacet
 facet normal  0.000000e+00 -0.000000e+00 -1.000000e+00
   outer loop
     vertex  1.325200e+02 -1.062300e+02  0.000000e+00
     vertex  1.325200e+02 -1.073300e+02  0.000000e+00
     vertex  1.316715e+02 -1.064425e+02  0.000000e+00
   endloop
 endfacet
 facet normal -0.000000e+00  0.000000e+00 -1.000000e+00
   outer loop
     vertex  1.325302e+02 -1.061524e+02  0.000000e+00
     vertex  1.317039e+02 -1.061959e+02  0.000000e+00
     vertex  1.316715e+02 -1.061175e+02  0.000000e+00
   endloop
 endfacet
 facet normal  0.000000e+00  0.000000e+00 -1.000000e+00
   outer loop
     vertex  1.325302e+02 -1.061524e+02  0.000000e+00
     vertex  1.325200e+02 -1.062300e+02  0.000000e+00
     vertex  1.317039e+02 -1.061959e+02  0.000000e+00
   endloop
 endfacet
 facet normal -0.000000e+00  0.000000e+00 -1.000000e+00
   outer loop
     vertex  1.325602e+02 -1.060800e+02  0.000000e+00
     vertex  1.316715e+02 -1.061175e+02  0.000000e+00
     vertex  1.316198e+02 -1.060502e+02  0.000000e+00
   endloop
 endfacet
 facet normal  0.000000e+00  0.000000e+00 -1.000000e+00
   outer loop
     vertex  1.325602e+02 -1.060800e+02  0.000000e+00
     vertex  1.325302e+02 -1.061524e+02  0.000000e+00
     vertex  1.316715e+02 -1.061175e+02  0.000000e+00
   endloop
 endfacet
 facet normal -0.000000e+00  0.000000e+00 -1.000000e+00
   outer loop
     vertex  1.326079e+02 -1.060179e+02  0.000000e+00
     vertex  1.316198e+02 -1.060502e+02  0.000000e+00
     vertex  1.315525e+02 -1.059985e+02  0.000000e+00
   endloop
 endfacet
 facet normal  0.000000e+00  0.000000e+00 -1.000000e+00
   outer loop
     vertex  1.326079e+02 -1.060179e+02  0.000000e+00
     vertex  1.325602e+02 -1.060800e+02  0.000000e+00
     vertex  1.316198e+02 -1.060502e+02  0.000000e+00
   endloop
 endfacet
 facet normal -0.000000e+00  0.000000e+00 -1.000000e+00
   outer loop
     vertex  1.326700e+02 -1.059702e+02  0.000000e+00
     vertex  1.315525e+02 -1.059985e+02  0.000000e+00
     vertex  1.314741e+02 -1.059661e+02  0.000000e+00
   endloop
 endfacet
 facet normal  0.000000e+00  0.000000e+00 -1.000000e+00
   outer loop
     vertex  1.326700e+02 -1.059702e+02  0.000000e+00
     vertex  1.326079e+02 -1.060179e+02  0.000000e+00
     vertex  1.315525e+02 -1.059985e+02  0.000000e+00
   endloop
 endfacet
 facet normal  0.000000e+00  0.000000e+00 -1.000000e+00
   outer loop
     vertex  1.325954e+02 -1.031989e+02  0.000000e+00
     vertex  1.313900e+02 -1.059550e+02  0.000000e+00
     vertex  1.313059e+02 -1.059661e+02  0.000000e+00
   endloop
 endfacet
 facet normal  0.000000e+00  0.000000e+00 -1.000000e+00
   outer loop
     vertex  1.326496e+02 -1.032469e+02  0.000000e+00
     vertex  1.314741e+02 -1.059661e+02  0.000000e+00
     vertex  1.313900e+02 -1.059550e+02  0.000000e+00
   endloop
 endfacet
 facet normal -0.000000e+00  0.000000e+00 -1.000000e+00
   outer loop
     vertex  1.326496e+02 -1.032469e+02  0.000000e+00
     vertex  1.313900e+02 -1.059550e+02  0.000000e+00
     vertex  1.325954e+02 -1.031989e+02  0.000000e+00
   endloop
 endfacet
 facet normal  0.000000e+00 -0.000000e+00 -1.000000e+00
   outer loop
     vertex  1.325544e+02 -1.031394e+02  0.000000e+00
     vertex  1.325954e+02 -1.031989e+02  0.000000e+00
     vertex  1.313059e+02 -1.059661e+02  0.000000e+00
   endloop
 endfacet
 facet normal  0.000000e+00 -0.000000e+00 -1.000000e+00
   outer loop
     vertex  1.327136e+02 -1.032805e+02  0.000000e+00
     vertex  1.327424e+02 -1.059402e+02  0.000000e+00
     vertex  1.326700e+02 -1.059702e+02  0.000000e+00
   endloop
 endfacet
 facet normal  0.000000e+00  0.000000e+00 -1.000000e+00
   outer loop
     vertex  1.327136e+02 -1.032805e+02  0.000000e+00
     vertex  1.326700e+02 -1.059702e+02  0.000000e+00
     vertex  1.314741e+02 -1.059661e+02  0.000000e+00
   endloop
 endfacet
 facet normal -0.000000e+00  0.000000e+00 -1.000000e+00
   outer loop
     vertex  1.327136e+02 -1.032805e+02  0.000000e+00
     vertex  1.314741e+02 -1.059661e+02  0.000000e+00
     vertex  1.326496e+02 -1.032469e+02  0.000000e+00
   endloop
 endfacet
 facet normal  0.000000e+00  0.000000e+00 -1.000000e+00
   outer loop
     vertex  1.325287e+02 -1.030718e+02  0.000000e+00
     vertex  1.313059e+02 -1.059661e+02  0.000000e+00
     vertex  1.312275e+02 -1.059985e+02  0.000000e+00
   endloop
 endfacet
 facet normal  0.000000e+00 -0.000000e+00 -1.000000e+00
   outer loop
     vertex  1.325287e+02 -1.030718e+02  0.000000e+00
     vertex  1.325544e+02 -1.031394e+02  0.000000e+00
     vertex  1.313059e+02 -1.059661e+02  0.000000e+00
   endloop
 endfacet
 facet normal  0.000000e+00 -0.000000e+00 -1.000000e+00
   outer loop
     vertex  1.327838e+02 -1.032978e+02  0.000000e+00
     vertex  1.328200e+02 -1.059300e+02  0.000000e+00
     vertex  1.327424e+02 -1.059402e+02  0.000000e+00
   endloop
 endfacet
 facet normal -0.000000e+00  0.000000e+00 -1.000000e+00
   outer loop
     vertex  1.327838e+02 -1.032978e+02  0.000000e+00
     vertex  1.327424e+02 -1.059402e+02  0.000000e+00
     vertex  1.327136e+02 -1.032805e+02  0.000000e+00
   endloop
 endfacet
 facet normal  0.000000e+00  0.000000e+00 -1.000000e+00
   outer loop
     vertex  1.325200e+02 -1.030000e+02  0.000000e+00
     vertex  1.312275e+02 -1.059985e+02  0.000000e+00
     vertex  1.311602e+02 -1.060502e+02  0.000000e+00
   endloop
 endfacet
 facet normal -0.000000e+00  0.000000e+00 -1.000000e+00
   outer loop
     vertex  1.325200e+02 -1.030000e+02  0.000000e+00
     vertex  1.311602e+02 -1.060502e+02  0.000000e+00
     vertex  1.244800e+02 -1.030000e+02  0.000000e+00
   endloop
 endfacet
 facet normal  0.000000e+00  0.000000e+00 -1.000000e+00
   outer loop
     vertex  1.325200e+02 -1.030000e+02  0.000000e+00
     vertex  1.244800e+02 -1.030000e+02  0.000000e+00
     vertex  1.244800e+02 -1.022000e+02  0.000000e+00
   endloop
 endfacet
 facet normal  0.000000e+00 -0.000000e+00 -1.000000e+00
   outer loop
     vertex  1.325200e+02 -1.030000e+02  0.000000e+00
     vertex  1.325287e+02 -1.030718e+02  0.000000e+00
     vertex  1.312275e+02 -1.059985e+02  0.000000e+00
   endloop
 endfacet
 facet normal  0.000000e+00 -0.000000e+00 -1.000000e+00
   outer loop
     vertex  1.328562e+02 -1.032978e+02  0.000000e+00
     vertex  1.328976e+02 -1.059402e+02  0.000000e+00
     vertex  1.328200e+02 -1.059300e+02  0.000000e+00
   endloop
 endfacet
 facet normal -0.000000e+00  0.000000e+00 -1.000000e+00
   outer loop
     vertex  1.328562e+02 -1.032978e+02  0.000000e+00
     vertex  1.328200e+02 -1.059300e+02  0.000000e+00
     vertex  1.327838e+02 -1.032978e+02  0.000000e+00
   endloop
 endfacet
 facet normal  0.000000e+00  0.000000e+00 -1.000000e+00
   outer loop
     vertex  1.329264e+02 -1.032805e+02  0.000000e+00
     vertex  1.328976e+02 -1.059402e+02  0.000000e+00
     vertex  1.328562e+02 -1.032978e+02  0.000000e+00
   endloop
 endfacet
 facet normal  0.000000e+00 -0.000000e+00 -1.000000e+00
   outer loop
     vertex  1.329264e+02 -1.032805e+02  0.000000e+00
     vertex  1.329700e+02 -1.059702e+02  0.000000e+00
     vertex  1.328976e+02 -1.059402e+02  0.000000e+00
   endloop
 endfacet
 facet normal  0.000000e+00 -0.000000e+00 -1.000000e+00
   outer loop
     vertex  1.329904e+02 -1.032469e+02  0.000000e+00
     vertex  1.330321e+02 -1.060179e+02  0.000000e+00
     vertex  1.329700e+02 -1.059702e+02  0.000000e+00
   endloop
 endfacet
 facet normal  0.000000e+00  0.000000e+00 -1.000000e+00
   outer loop
     vertex  1.329904e+02 -1.032469e+02  0.000000e+00
     vertex  1.329700e+02 -1.059702e+02  0.000000e+00
     vertex  1.329264e+02 -1.032805e+02  0.000000e+00
   endloop
 endfacet
 facet normal  0.000000e+00 -0.000000e+00 -1.000000e+00
   outer loop
     vertex  1.330446e+02 -1.031989e+02  0.000000e+00
     vertex  1.330798e+02 -1.060800e+02  0.000000e+00
     vertex  1.330321e+02 -1.060179e+02  0.000000e+00
   endloop
 endfacet
 facet normal  0.000000e+00  0.000000e+00 -1.000000e+00
   outer loop
     vertex  1.330446e+02 -1.031989e+02  0.000000e+00
     vertex  1.330321e+02 -1.060179e+02  0.000000e+00
     vertex  1.329904e+02 -1.032469e+02  0.000000e+00
   endloop
 endfacet
 facet normal  0.000000e+00 -0.000000e+00 -1.000000e+00
   outer loop
     vertex  1.330856e+02 -1.031394e+02  0.000000e+00
     vertex  1.331098e+02 -1.061524e+02  0.000000e+00
     vertex  1.330798e+02 -1.060800e+02  0.000000e+00
   endloop
 endfacet
 facet normal  0.000000e+00  0.000000e+00 -1.000000e+00
   outer loop
     vertex  1.330856e+02 -1.031394e+02  0.000000e+00
     vertex  1.330798e+02 -1.060800e+02  0.000000e+00
     vertex  1.330446e+02 -1.031989e+02  0.000000e+00
   endloop
 endfacet
 facet normal  0.000000e+00  0.000000e+00 -1.000000e+00
   outer loop
     vertex  1.331113e+02 -1.030718e+02  0.000000e+00
     vertex  1.331098e+02 -1.061524e+02  0.000000e+00
     vertex  1.330856e+02 -1.031394e+02  0.000000e+00
   endloop
 endfacet
 facet normal  0.000000e+00  0.000000e+00 -1.000000e+00
   outer loop
     vertex  1.325200e+02 -1.022000e+02  0.000000e+00
     vertex  1.244800e+02 -1.022000e+02  0.000000e+00
     vertex  1.244698e+02 -1.021224e+02  0.000000e+00
   endloop
 endfacet
 facet normal -0.000000e+00 -0.000000e+00 -1.000000e+00
   outer loop
     vertex  1.325200e+02 -1.022000e+02  0.000000e+00
     vertex  1.325200e+02 -1.030000e+02  0.000000e+00
     vertex  1.244800e+02 -1.022000e+02  0.000000e+00
   endloop
 endfacet
 facet normal -0.000000e+00  0.000000e+00 -1.000000e+00
   outer loop
     vertex  1.325302e+02 -1.021224e+02  0.000000e+00
     vertex  1.325200e+02 -1.022000e+02  0.000000e+00
     vertex  1.244698e+02 -1.021224e+02  0.000000e+00
   endloop
 endfacet
 facet normal  0.000000e+00  0.000000e+00 -1.000000e+00
   outer loop
     vertex  1.325602e+02 -1.020500e+02  0.000000e+00
     vertex  1.325302e+02 -1.021224e+02  0.000000e+00
     vertex  1.244698e+02 -1.021224e+02  0.000000e+00
   endloop
 endfacet
 facet normal  0.000000e+00  0.000000e+00 -1.000000e+00
   outer loop
     vertex  1.325602e+02 -1.020500e+02  0.000000e+00
     vertex  1.244698e+02 -1.021224e+02  0.000000e+00
     vertex  1.244398e+02 -1.020500e+02  0.000000e+00
   endloop
 endfacet
 facet normal  0.000000e+00  0.000000e+00 -1.000000e+00
   outer loop
     vertex  1.326079e+02 -1.019879e+02  0.000000e+00
     vertex  1.325602e+02 -1.020500e+02  0.000000e+00
     vertex  1.244398e+02 -1.020500e+02  0.000000e+00
   endloop
 endfacet
 facet normal -0.000000e+00  0.000000e+00 -1.000000e+00
   outer loop
     vertex  1.326079e+02 -1.019879e+02  0.000000e+00
     vertex  1.244398e+02 -1.020500e+02  0.000000e+00
     vertex  1.243921e+02 -1.019879e+02  0.000000e+00
   endloop
 endfacet
 facet normal  0.000000e+00  0.000000e+00 -1.000000e+00
   outer loop
     vertex  1.326700e+02 -1.019402e+02  0.000000e+00
     vertex  1.326079e+02 -1.019879e+02  0.000000e+00
     vertex  1.243921e+02 -1.019879e+02  0.000000e+00
   endloop
 endfacet
 facet normal -0.000000e+00  0.000000e+00 -1.000000e+00
   outer loop
     vertex  1.326700e+02 -1.019402e+02  0.000000e+00
     vertex  1.243921e+02 -1.019879e+02  0.000000e+00
     vertex  1.243300e+02 -1.019402e+02  0.000000e+00
   endloop
 endfacet
 facet normal  0.000000e+00  0.000000e+00 -1.000000e+00
   outer loop
     vertex  1.327424e+02 -1.019102e+02  0.000000e+00
     vertex  1.326700e+02 -1.019402e+02  0.000000e+00
     vertex  1.243300e+02 -1.019402e+02  0.000000e+00
   endloop
 endfacet
 facet normal -0.000000e+00  0.000000e+00 -1.000000e+00
   outer loop
     vertex  1.327424e+02 -1.019102e+02  0.000000e+00
     vertex  1.243300e+02 -1.019402e+02  0.000000e+00
     vertex  1.242576e+02 -1.019102e+02  0.000000e+00
   endloop
 endfacet
 facet normal  0.000000e+00  0.000000e+00 -1.000000e+00
   outer loop
     vertex  1.518686e+02 -1.051314e+02  0.000000e+00
     vertex  1.330798e+02 -1.074800e+02  0.000000e+00
     vertex  1.331098e+02 -1.074076e+02  0.000000e+00
   endloop
 endfacet
 facet normal  0.000000e+00  0.000000e+00 -1.000000e+00
   outer loop
     vertex  1.518686e+02 -1.051314e+02  0.000000e+00
     vertex  1.330321e+02 -1.075421e+02  0.000000e+00
     vertex  1.330798e+02 -1.074800e+02  0.000000e+00
   endloop
 endfacet
 facet normal  0.000000e+00  0.000000e+00 -1.000000e+00
   outer loop
     vertex  1.522000e+02 -1.053856e+02  0.000000e+00
     vertex  1.329700e+02 -1.075898e+02  0.000000e+00
     vertex  1.330321e+02 -1.075421e+02  0.000000e+00
   endloop
 endfacet
 facet normal -0.000000e+00  0.000000e+00 -1.000000e+00
   outer loop
     vertex  1.522000e+02 -1.053856e+02  0.000000e+00
     vertex  1.330321e+02 -1.075421e+02  0.000000e+00
     vertex  1.518686e+02 -1.051314e+02  0.000000e+00
   endloop
 endfacet
 facet normal  0.000000e+00  0.000000e+00 -1.000000e+00
   outer loop
     vertex  1.516144e+02 -1.048000e+02  0.000000e+00
     vertex  1.331098e+02 -1.074076e+02  0.000000e+00
     vertex  1.331200e+02 -1.073300e+02  0.000000e+00
   endloop
 endfacet
 facet normal  0.000000e+00 -0.000000e+00 -1.000000e+00
   outer loop
     vertex  1.516144e+02 -1.048000e+02  0.000000e+00
     vertex  1.518686e+02 -1.051314e+02  0.000000e+00
     vertex  1.331098e+02 -1.074076e+02  0.000000e+00
   endloop
 endfacet
 facet normal -0.000000e+00  0.000000e+00 -1.000000e+00
   outer loop
     vertex  1.525859e+02 -1.055455e+02  0.000000e+00
     vertex  1.329700e+02 -1.075898e+02  0.000000e+00
     vertex  1.522000e+02 -1.053856e+02  0.000000e+00
   endloop
 endfacet
 facet normal  0.000000e+00  0.000000e+00 -1.000000e+00
   outer loop
     vertex  1.525859e+02 -1.055455e+02  0.000000e+00
     vertex  1.301236e+02 -1.424164e+02  0.000000e+00
     vertex  1.329700e+02 -1.075898e+02  0.000000e+00
   endloop
 endfacet
 facet normal  0.000000e+00  0.000000e+00 -1.000000e+00
   outer loop
     vertex  1.525859e+02 -1.055455e+02  0.000000e+00
     vertex  1.302030e+02 -1.425200e+02  0.000000e+00
     vertex  1.301236e+02 -1.424164e+02  0.000000e+00
   endloop
 endfacet
 facet normal  0.000000e+00 -0.000000e+00 -1.000000e+00
   outer loop
     vertex  1.525859e+02 -1.055455e+02  0.000000e+00
     vertex  1.525859e+02 -1.514545e+02  0.000000e+00
     vertex  1.302030e+02 -1.425200e+02  0.000000e+00
   endloop
 endfacet
 facet normal  0.000000e+00  0.000000e+00 -1.000000e+00
   outer loop
     vertex  1.514545e+02 -1.044141e+02  0.000000e+00
     vertex  1.331200e+02 -1.073300e+02  0.000000e+00
     vertex  1.331200e+02 -1.062300e+02  0.000000e+00
   endloop
 endfacet
 facet normal  0.000000e+00 -0.000000e+00 -1.000000e+00
   outer loop
     vertex  1.514545e+02 -1.044141e+02  0.000000e+00
     vertex  1.516144e+02 -1.048000e+02  0.000000e+00
     vertex  1.331200e+02 -1.073300e+02  0.000000e+00
   endloop
 endfacet
 facet normal -0.000000e+00  0.000000e+00 -1.000000e+00
   outer loop
     vertex  1.530000e+02 -1.056000e+02  0.000000e+00
     vertex  1.525859e+02 -1.514545e+02  0.000000e+00
     vertex  1.525859e+02 -1.055455e+02  0.000000e+00
   endloop
 endfacet
 facet normal  0.000000e+00 -0.000000e+00 -1.000000e+00
   outer loop
     vertex  1.530000e+02 -1.056000e+02  0.000000e+00
     vertex  1.530000e+02 -1.514000e+02  0.000000e+00
     vertex  1.525859e+02 -1.514545e+02  0.000000e+00
   endloop
 endfacet
 facet normal -0.000000e+00  0.000000e+00 -1.000000e+00
   outer loop
     vertex  1.514000e+02 -1.040000e+02  0.000000e+00
     vertex  1.331098e+02 -1.061524e+02  0.000000e+00
     vertex  1.331113e+02 -1.030718e+02  0.000000e+00
   endloop
 endfacet
 facet normal  0.000000e+00 -0.000000e+00 -1.000000e+00
   outer loop
     vertex  1.514000e+02 -1.040000e+02  0.000000e+00
     vertex  1.514545e+02 -1.044141e+02  0.000000e+00
     vertex  1.331200e+02 -1.062300e+02  0.000000e+00
   endloop
 endfacet
 facet normal  0.000000e+00  0.000000e+00 -1.000000e+00
   outer loop
     vertex  1.514000e+02 -1.040000e+02  0.000000e+00
     vertex  1.331200e+02 -1.062300e+02  0.000000e+00
     vertex  1.331098e+02 -1.061524e+02  0.000000e+00
   endloop
 endfacet
 facet normal  0.000000e+00  0.000000e+00 -1.000000e+00
   outer loop
     vertex  1.514000e+02 -1.040000e+02  0.000000e+00
     vertex  1.331200e+02 -1.030000e+02  0.000000e+00
     vertex  1.331200e+02 -1.022000e+02  0.000000e+00
   endloop
 endfacet
 facet normal  0.000000e+00  0.000000e+00 -1.000000e+00
   outer loop
     vertex  1.514000e+02 -1.040000e+02  0.000000e+00
     vertex  1.331113e+02 -1.030718e+02  0.000000e+00
     vertex  1.331200e+02 -1.030000e+02  0.000000e+00
   endloop
 endfacet
 facet normal -0.000000e+00  0.000000e+00 -1.000000e+00
   outer loop
     vertex  1.514545e+02 -1.035859e+02  0.000000e+00
     vertex  1.514000e+02 -1.040000e+02  0.000000e+00
     vertex  1.331200e+02 -1.022000e+02  0.000000e+00
   endloop
 endfacet
 facet normal  0.000000e+00  0.000000e+00 -1.000000e+00
   outer loop
     vertex  1.514545e+02 -1.035859e+02  0.000000e+00
     vertex  1.331200e+02 -1.022000e+02  0.000000e+00
     vertex  1.331098e+02 -1.021224e+02  0.000000e+00
   endloop
 endfacet
 facet normal  0.000000e+00  0.000000e+00 -1.000000e+00
   outer loop
     vertex  1.534141e+02 -1.055455e+02  0.000000e+00
     vertex  1.530000e+02 -1.514000e+02  0.000000e+00
     vertex  1.530000e+02 -1.056000e+02  0.000000e+00
   endloop
 endfacet
 facet normal  0.000000e+00 -0.000000e+00 -1.000000e+00
   outer loop
     vertex  1.534141e+02 -1.055455e+02  0.000000e+00
     vertex  1.534141e+02 -1.514545e+02  0.000000e+00
     vertex  1.530000e+02 -1.514000e+02  0.000000e+00
   endloop
 endfacet
 facet normal -0.000000e+00  0.000000e+00 -1.000000e+00
   outer loop
     vertex  1.516144e+02 -1.032000e+02  0.000000e+00
     vertex  1.514545e+02 -1.035859e+02  0.000000e+00
     vertex  1.331098e+02 -1.021224e+02  0.000000e+00
   endloop
 endfacet
 facet normal  0.000000e+00  0.000000e+00 -1.000000e+00
   outer loop
     vertex  1.516144e+02 -1.032000e+02  0.000000e+00
     vertex  1.331098e+02 -1.021224e+02  0.000000e+00
     vertex  1.330798e+02 -1.020500e+02  0.000000e+00
   endloop
 endfacet
 facet normal  0.000000e+00  0.000000e+00 -1.000000e+00
   outer loop
     vertex  1.538000e+02 -1.053856e+02  0.000000e+00
     vertex  1.534141e+02 -1.514545e+02  0.000000e+00
     vertex  1.534141e+02 -1.055455e+02  0.000000e+00
   endloop
 endfacet
 facet normal  0.000000e+00 -0.000000e+00 -1.000000e+00
   outer loop
     vertex  1.538000e+02 -1.053856e+02  0.000000e+00
     vertex  1.538000e+02 -1.516144e+02  0.000000e+00
     vertex  1.534141e+02 -1.514545e+02  0.000000e+00
   endloop
 endfacet
 facet normal  0.000000e+00  0.000000e+00 -1.000000e+00
   outer loop
     vertex  1.518686e+02 -1.028686e+02  0.000000e+00
     vertex  1.330798e+02 -1.020500e+02  0.000000e+00
     vertex  1.330321e+02 -1.019879e+02  0.000000e+00
   endloop
 endfacet
 facet normal -0.000000e+00  0.000000e+00 -1.000000e+00
   outer loop
     vertex  1.518686e+02 -1.028686e+02  0.000000e+00
     vertex  1.516144e+02 -1.032000e+02  0.000000e+00
     vertex  1.330798e+02 -1.020500e+02  0.000000e+00
   endloop
 endfacet
 facet normal  0.000000e+00  0.000000e+00 -1.000000e+00
   outer loop
     vertex  1.541314e+02 -1.051314e+02  0.000000e+00
     vertex  1.538000e+02 -1.516144e+02  0.000000e+00
     vertex  1.538000e+02 -1.053856e+02  0.000000e+00
   endloop
 endfacet
 facet normal  0.000000e+00 -0.000000e+00 -1.000000e+00
   outer loop
     vertex  1.541314e+02 -1.051314e+02  0.000000e+00
     vertex  1.541314e+02 -1.518686e+02  0.000000e+00
     vertex  1.538000e+02 -1.516144e+02  0.000000e+00
   endloop
 endfacet
 facet normal  0.000000e+00  0.000000e+00 -1.000000e+00
   outer loop
     vertex  1.522000e+02 -1.026144e+02  0.000000e+00
     vertex  1.330321e+02 -1.019879e+02  0.000000e+00
     vertex  1.329700e+02 -1.019402e+02  0.000000e+00
   endloop
 endfacet
 facet normal -0.000000e+00  0.000000e+00 -1.000000e+00
   outer loop
     vertex  1.522000e+02 -1.026144e+02  0.000000e+00
     vertex  1.518686e+02 -1.028686e+02  0.000000e+00
     vertex  1.330321e+02 -1.019879e+02  0.000000e+00
   endloop
 endfacet
 facet normal  0.000000e+00  0.000000e+00 -1.000000e+00
   outer loop
     vertex  1.543856e+02 -1.048000e+02  0.000000e+00
     vertex  1.541314e+02 -1.518686e+02  0.000000e+00
     vertex  1.541314e+02 -1.051314e+02  0.000000e+00
   endloop
 endfacet
 facet normal  0.000000e+00 -0.000000e+00 -1.000000e+00
   outer loop
     vertex  1.543856e+02 -1.048000e+02  0.000000e+00
     vertex  1.543856e+02 -1.522000e+02  0.000000e+00
     vertex  1.541314e+02 -1.518686e+02  0.000000e+00
   endloop
 endfacet
 facet normal -0.000000e+00  0.000000e+00 -1.000000e+00
   outer loop
     vertex  1.525859e+02 -1.024545e+02  0.000000e+00
     vertex  1.522000e+02 -1.026144e+02  0.000000e+00
     vertex  1.329700e+02 -1.019402e+02  0.000000e+00
   endloop
 endfacet
 facet normal  0.000000e+00  0.000000e+00 -1.000000e+00
   outer loop
     vertex  1.570000e+02 -1.000000e+02  0.000000e+00
     vertex  1.525859e+02 -1.024545e+02  0.000000e+00
     vertex  1.329700e+02 -1.019402e+02  0.000000e+00
   endloop
 endfacet
 facet normal  0.000000e+00  0.000000e+00 -1.000000e+00
   outer loop
     vertex  1.570000e+02 -1.000000e+02  0.000000e+00
     vertex  1.329700e+02 -1.019402e+02  0.000000e+00
     vertex  1.328976e+02 -1.019102e+02  0.000000e+00
   endloop
 endfacet
 facet normal  0.000000e+00  0.000000e+00 -1.000000e+00
   outer loop
     vertex  1.570000e+02 -1.000000e+02  0.000000e+00
     vertex  1.543856e+02 -1.522000e+02  0.000000e+00
     vertex  1.543856e+02 -1.048000e+02  0.000000e+00
   endloop
 endfacet
 facet normal  0.000000e+00  0.000000e+00 -1.000000e+00
   outer loop
     vertex  1.570000e+02 -1.000000e+02  0.000000e+00
     vertex  1.530000e+02 -1.024000e+02  0.000000e+00
     vertex  1.525859e+02 -1.024545e+02  0.000000e+00
   endloop
 endfacet
 facet normal  0.000000e+00  0.000000e+00 -1.000000e+00
   outer loop
     vertex  1.570000e+02 -1.000000e+02  0.000000e+00
     vertex  1.534141e+02 -1.024545e+02  0.000000e+00
     vertex  1.530000e+02 -1.024000e+02  0.000000e+00
   endloop
 endfacet
 facet normal  0.000000e+00  0.000000e+00 -1.000000e+00
   outer loop
     vertex  1.570000e+02 -1.000000e+02  0.000000e+00
     vertex  1.538000e+02 -1.026144e+02  0.000000e+00
     vertex  1.534141e+02 -1.024545e+02  0.000000e+00
   endloop
 endfacet
 facet normal  0.000000e+00  0.000000e+00 -1.000000e+00
   outer loop
     vertex  1.570000e+02 -1.000000e+02  0.000000e+00
     vertex  1.541314e+02 -1.028686e+02  0.000000e+00
     vertex  1.538000e+02 -1.026144e+02  0.000000e+00
   endloop
 endfacet
 facet normal  0.000000e+00  0.000000e+00 -1.000000e+00
   outer loop
     vertex  1.570000e+02 -1.000000e+02  0.000000e+00
     vertex  1.543856e+02 -1.032000e+02  0.000000e+00
     vertex  1.541314e+02 -1.028686e+02  0.000000e+00
   endloop
 endfacet
 facet normal  0.000000e+00  0.000000e+00 -1.000000e+00
   outer loop
     vertex  1.570000e+02 -1.000000e+02  0.000000e+00
     vertex  1.545455e+02 -1.035859e+02  0.000000e+00
     vertex  1.543856e+02 -1.032000e+02  0.000000e+00
   endloop
 endfacet
 facet normal  0.000000e+00  0.000000e+00 -1.000000e+00
   outer loop
     vertex  1.570000e+02 -1.000000e+02  0.000000e+00
     vertex  1.546000e+02 -1.040000e+02  0.000000e+00
     vertex  1.545455e+02 -1.035859e+02  0.000000e+00
   endloop
 endfacet
 facet normal  0.000000e+00  0.000000e+00 -1.000000e+00
   outer loop
     vertex  1.570000e+02 -1.000000e+02  0.000000e+00
     vertex  1.545455e+02 -1.044141e+02  0.000000e+00
     vertex  1.546000e+02 -1.040000e+02  0.000000e+00
   endloop
 endfacet
 facet normal  0.000000e+00  0.000000e+00 -1.000000e+00
   outer loop
     vertex  1.570000e+02 -1.000000e+02  0.000000e+00
     vertex  1.543856e+02 -1.048000e+02  0.000000e+00
     vertex  1.545455e+02 -1.044141e+02  0.000000e+00
   endloop
 endfacet
 facet normal  0.000000e+00 -0.000000e+00 -1.000000e+00
   outer loop
     vertex  1.570000e+02 -1.000000e+02  0.000000e+00
     vertex  1.570000e+02 -1.570000e+02  0.000000e+00
     vertex  1.543856e+02 -1.522000e+02  0.000000e+00
   endloop
 endfacet
 facet normal -0.000000e+00  0.000000e+00 -1.000000e+00
   outer loop
     vertex  1.570000e+02 -1.000000e+02  0.000000e+00
     vertex  1.241800e+02 -1.019000e+02  0.000000e+00
     vertex  1.000000e+02 -1.000000e+02  0.000000e+00
   endloop
 endfacet
 facet normal -0.000000e+00  0.000000e+00 -1.000000e+00
   outer loop
     vertex  1.241800e+02 -1.019000e+02  0.000000e+00
     vertex  1.241024e+02 -1.019102e+02  0.000000e+00
     vertex  1.000000e+02 -1.000000e+02  0.000000e+00
   endloop
 endfacet
 facet normal  0.000000e+00  0.000000e+00 -1.000000e+00
   outer loop
     vertex  1.570000e+02 -1.000000e+02  0.000000e+00
     vertex  1.242576e+02 -1.019102e+02  0.000000e+00
     vertex  1.241800e+02 -1.019000e+02  0.000000e+00
   endloop
 endfacet
 facet normal  0.000000e+00  0.000000e+00 -1.000000e+00
   outer loop
     vertex  1.570000e+02 -1.000000e+02  0.000000e+00
     vertex  1.328200e+02 -1.019000e+02  0.000000e+00
     vertex  1.242576e+02 -1.019102e+02  0.000000e+00
   endloop
 endfacet
 facet normal  0.000000e+00  0.000000e+00 -1.000000e+00
   outer loop
     vertex  1.328200e+02 -1.019000e+02  0.000000e+00
     vertex  1.327424e+02 -1.019102e+02  0.000000e+00
     vertex  1.242576e+02 -1.019102e+02  0.000000e+00
   endloop
 endfacet
 facet normal  0.000000e+00  0.000000e+00 -1.000000e+00
   outer loop
     vertex  1.570000e+02 -1.000000e+02  0.000000e+00
     vertex  1.328976e+02 -1.019102e+02  0.000000e+00
     vertex  1.328200e+02 -1.019000e+02  0.000000e+00
   endloop
 endfacet
 facet normal  0.000000e+00  0.000000e+00  1.000000e+00
   outer loop
     vertex  1.026144e+02 -1.538000e+02  1.510000e+00
     vertex  1.000000e+02 -1.570000e+02  1.510000e+00
     vertex  1.028686e+02 -1.541314e+02  1.510000e+00
   endloop
 endfacet
 facet normal  0.000000e+00  0.000000e+00  1.000000e+00
   outer loop
     vertex  1.032000e+02 -1.543856e+02  1.510000e+00
     vertex  1.028686e+02 -1.541314e+02  1.510000e+00
     vertex  1.000000e+02 -1.570000e+02  1.510000e+00
   endloop
 endfacet
 facet normal  0.000000e+00  0.000000e+00  1.000000e+00
   outer loop
     vertex  1.035859e+02 -1.545455e+02  1.510000e+00
     vertex  1.032000e+02 -1.543856e+02  1.510000e+00
     vertex  1.000000e+02 -1.570000e+02  1.510000e+00
   endloop
 endfacet
 facet normal  0.000000e+00  0.000000e+00  1.000000e+00
   outer loop
     vertex  1.024545e+02 -1.534141e+02  1.510000e+00
     vertex  1.000000e+02 -1.570000e+02  1.510000e+00
     vertex  1.026144e+02 -1.538000e+02  1.510000e+00
   endloop
 endfacet
 facet normal  0.000000e+00  0.000000e+00  1.000000e+00
   outer loop
     vertex  1.040000e+02 -1.546000e+02  1.510000e+00
     vertex  1.035859e+02 -1.545455e+02  1.510000e+00
     vertex  1.000000e+02 -1.570000e+02  1.510000e+00
   endloop
 endfacet
 facet normal  0.000000e+00  0.000000e+00  1.000000e+00
   outer loop
     vertex  1.024000e+02 -1.530000e+02  1.510000e+00
     vertex  1.000000e+02 -1.570000e+02  1.510000e+00
     vertex  1.024545e+02 -1.534141e+02  1.510000e+00
   endloop
 endfacet
 facet normal  0.000000e+00  0.000000e+00  1.000000e+00
   outer loop
     vertex  1.024545e+02 -1.525859e+02  1.510000e+00
     vertex  1.000000e+02 -1.570000e+02  1.510000e+00
     vertex  1.024000e+02 -1.530000e+02  1.510000e+00
   endloop
 endfacet
 facet normal  0.000000e+00  0.000000e+00  1.000000e+00
   outer loop
     vertex  1.044141e+02 -1.545455e+02  1.510000e+00
     vertex  1.040000e+02 -1.546000e+02  1.510000e+00
     vertex  1.000000e+02 -1.570000e+02  1.510000e+00
   endloop
 endfacet
 facet normal  0.000000e+00  0.000000e+00  1.000000e+00
   outer loop
     vertex  1.026144e+02 -1.522000e+02  1.510000e+00
     vertex  1.000000e+02 -1.570000e+02  1.510000e+00
     vertex  1.024545e+02 -1.525859e+02  1.510000e+00
   endloop
 endfacet
 facet normal  0.000000e+00  0.000000e+00  1.000000e+00
   outer loop
     vertex  1.048000e+02 -1.543856e+02  1.510000e+00
     vertex  1.044141e+02 -1.545455e+02  1.510000e+00
     vertex  1.000000e+02 -1.570000e+02  1.510000e+00
   endloop
 endfacet
 facet normal  0.000000e+00  0.000000e+00  1.000000e+00
   outer loop
     vertex  1.268764e+02 -1.482036e+02  1.510000e+00
     vertex  1.055455e+02 -1.534141e+02  1.510000e+00
     vertex  1.053856e+02 -1.538000e+02  1.510000e+00
   endloop
 endfacet
 facet normal  0.000000e+00  0.000000e+00  1.000000e+00
   outer loop
     vertex  1.267970e+02 -1.481000e+02  1.510000e+00
     vertex  1.056000e+02 -1.530000e+02  1.510000e+00
     vertex  1.055455e+02 -1.534141e+02  1.510000e+00
   endloop
 endfacet
 facet normal  0.000000e+00  0.000000e+00  1.000000e+00
   outer loop
     vertex  1.267970e+02 -1.481000e+02  1.510000e+00
     vertex  1.055455e+02 -1.534141e+02  1.510000e+00
     vertex  1.268764e+02 -1.482036e+02  1.510000e+00
   endloop
 endfacet
 facet normal  0.000000e+00  0.000000e+00  1.000000e+00
   outer loop
     vertex  1.269800e+02 -1.482830e+02  1.510000e+00
     vertex  1.268764e+02 -1.482036e+02  1.510000e+00
     vertex  1.053856e+02 -1.538000e+02  1.510000e+00
   endloop
 endfacet
 facet normal  0.000000e+00  0.000000e+00  1.000000e+00
   outer loop
     vertex  1.269800e+02 -1.482830e+02  1.510000e+00
     vertex  1.053856e+02 -1.538000e+02  1.510000e+00
     vertex  1.051314e+02 -1.541314e+02  1.510000e+00
   endloop
 endfacet
 facet normal  0.000000e+00  0.000000e+00  1.000000e+00
   outer loop
     vertex  1.267470e+02 -1.479794e+02  1.510000e+00
     vertex  1.056000e+02 -1.530000e+02  1.510000e+00
     vertex  1.267970e+02 -1.481000e+02  1.510000e+00
   endloop
 endfacet
 facet normal  0.000000e+00  0.000000e+00  1.000000e+00
   outer loop
     vertex  1.267470e+02 -1.479794e+02  1.510000e+00
     vertex  1.055455e+02 -1.525859e+02  1.510000e+00
     vertex  1.056000e+02 -1.530000e+02  1.510000e+00
   endloop
 endfacet
 facet normal  0.000000e+00  0.000000e+00  1.000000e+00
   outer loop
     vertex  1.271006e+02 -1.483330e+02  1.510000e+00
     vertex  1.051314e+02 -1.541314e+02  1.510000e+00
     vertex  1.048000e+02 -1.543856e+02  1.510000e+00
   endloop
 endfacet
 facet normal  0.000000e+00  0.000000e+00  1.000000e+00
   outer loop
     vertex  1.271006e+02 -1.483330e+02  1.510000e+00
     vertex  1.269800e+02 -1.482830e+02  1.510000e+00
     vertex  1.051314e+02 -1.541314e+02  1.510000e+00
   endloop
 endfacet
 facet normal  0.000000e+00  0.000000e+00  1.000000e+00
   outer loop
     vertex  1.267300e+02 -1.478500e+02  1.510000e+00
     vertex  1.053856e+02 -1.522000e+02  1.510000e+00
     vertex  1.055455e+02 -1.525859e+02  1.510000e+00
   endloop
 endfacet
 facet normal  0.000000e+00  0.000000e+00  1.000000e+00
   outer loop
     vertex  1.267300e+02 -1.478500e+02  1.510000e+00
     vertex  1.055455e+02 -1.525859e+02  1.510000e+00
     vertex  1.267470e+02 -1.479794e+02  1.510000e+00
   endloop
 endfacet
 facet normal  0.000000e+00  0.000000e+00  1.000000e+00
   outer loop
     vertex  1.272300e+02 -1.483500e+02  1.510000e+00
     vertex  1.271006e+02 -1.483330e+02  1.510000e+00
     vertex  1.048000e+02 -1.543856e+02  1.510000e+00
   endloop
 endfacet
 facet normal  0.000000e+00  0.000000e+00  1.000000e+00
   outer loop
     vertex  1.294164e+02 -1.482036e+02  1.510000e+00
     vertex  1.276630e+02 -1.481000e+02  1.510000e+00
     vertex  1.275836e+02 -1.482036e+02  1.510000e+00
   endloop
 endfacet
 facet normal  0.000000e+00  0.000000e+00  1.000000e+00
   outer loop
     vertex  1.294164e+02 -1.482036e+02  1.510000e+00
     vertex  1.275836e+02 -1.482036e+02  1.510000e+00
     vertex  1.274800e+02 -1.482830e+02  1.510000e+00
   endloop
 endfacet
 facet normal  0.000000e+00  0.000000e+00  1.000000e+00
   outer loop
     vertex  1.267970e+02 -1.455600e+02  1.510000e+00
     vertex  1.267470e+02 -1.477206e+02  1.510000e+00
     vertex  1.267970e+02 -1.476000e+02  1.510000e+00
   endloop
 endfacet
 facet normal  0.000000e+00  0.000000e+00  1.000000e+00
   outer loop
     vertex  1.267970e+02 -1.455600e+02  1.510000e+00
     vertex  1.267970e+02 -1.476000e+02  1.510000e+00
     vertex  1.268764e+02 -1.474964e+02  1.510000e+00
   endloop
 endfacet
 facet normal  0.000000e+00  0.000000e+00  1.000000e+00
   outer loop
     vertex  1.267970e+02 -1.455600e+02  1.510000e+00
     vertex  1.268764e+02 -1.474964e+02  1.510000e+00
     vertex  1.268764e+02 -1.456636e+02  1.510000e+00
   endloop
 endfacet
 facet normal  0.000000e+00  0.000000e+00  1.000000e+00
   outer loop
     vertex  1.269800e+02 -1.457430e+02  1.510000e+00
     vertex  1.268764e+02 -1.474964e+02  1.510000e+00
     vertex  1.269800e+02 -1.474170e+02  1.510000e+00
   endloop
 endfacet
 facet normal  0.000000e+00  0.000000e+00  1.000000e+00
   outer loop
     vertex  1.269800e+02 -1.457430e+02  1.510000e+00
     vertex  1.269800e+02 -1.474170e+02  1.510000e+00
     vertex  1.271006e+02 -1.473670e+02  1.510000e+00
   endloop
 endfacet
 facet normal  0.000000e+00  0.000000e+00  1.000000e+00
   outer loop
     vertex  1.269800e+02 -1.457430e+02  1.510000e+00
     vertex  1.268764e+02 -1.456636e+02  1.510000e+00
     vertex  1.268764e+02 -1.474964e+02  1.510000e+00
   endloop
 endfacet
 facet normal  0.000000e+00  0.000000e+00  1.000000e+00
   outer loop
     vertex  1.293370e+02 -1.481000e+02  1.510000e+00
     vertex  1.276630e+02 -1.481000e+02  1.510000e+00
     vertex  1.294164e+02 -1.482036e+02  1.510000e+00
   endloop
 endfacet
 facet normal  0.000000e+00  0.000000e+00  1.000000e+00
   outer loop
     vertex  1.295200e+02 -1.482830e+02  1.510000e+00
     vertex  1.294164e+02 -1.482036e+02  1.510000e+00
     vertex  1.274800e+02 -1.482830e+02  1.510000e+00
   endloop
 endfacet
 facet normal  0.000000e+00  0.000000e+00  1.000000e+00
   outer loop
     vertex  1.271006e+02 -1.457930e+02  1.510000e+00
     vertex  1.269800e+02 -1.457430e+02  1.510000e+00
     vertex  1.271006e+02 -1.473670e+02  1.510000e+00
   endloop
 endfacet
 facet normal  0.000000e+00  0.000000e+00  1.000000e+00
   outer loop
     vertex  1.296406e+02 -1.483330e+02  1.510000e+00
     vertex  1.274800e+02 -1.482830e+02  1.510000e+00
     vertex  1.273594e+02 -1.483330e+02  1.510000e+00
   endloop
 endfacet
 facet normal  0.000000e+00  0.000000e+00  1.000000e+00
   outer loop
     vertex  1.296406e+02 -1.483330e+02  1.510000e+00
     vertex  1.273594e+02 -1.483330e+02  1.510000e+00
     vertex  1.272300e+02 -1.483500e+02  1.510000e+00
   endloop
 endfacet
 facet normal  0.000000e+00  0.000000e+00  1.000000e+00
   outer loop
     vertex  1.296406e+02 -1.483330e+02  1.510000e+00
     vertex  1.295200e+02 -1.482830e+02  1.510000e+00
     vertex  1.274800e+02 -1.482830e+02  1.510000e+00
   endloop
 endfacet
 facet normal  0.000000e+00  0.000000e+00  1.000000e+00
   outer loop
     vertex  1.267470e+02 -1.454394e+02  1.510000e+00
     vertex  1.267470e+02 -1.477206e+02  1.510000e+00
     vertex  1.267970e+02 -1.455600e+02  1.510000e+00
   endloop
 endfacet
 facet normal  0.000000e+00  0.000000e+00  1.000000e+00
   outer loop
     vertex  1.292870e+02 -1.479794e+02  1.510000e+00
     vertex  1.276630e+02 -1.481000e+02  1.510000e+00
     vertex  1.293370e+02 -1.481000e+02  1.510000e+00
   endloop
 endfacet
 facet normal  0.000000e+00  0.000000e+00  1.000000e+00
   outer loop
     vertex  1.292870e+02 -1.479794e+02  1.510000e+00
     vertex  1.277130e+02 -1.479794e+02  1.510000e+00
     vertex  1.276630e+02 -1.481000e+02  1.510000e+00
   endloop
 endfacet
 facet normal  0.000000e+00  0.000000e+00  1.000000e+00
   outer loop
     vertex  1.267300e+02 -1.453100e+02  1.510000e+00
     vertex  1.051314e+02 -1.518686e+02  1.510000e+00
     vertex  1.053856e+02 -1.522000e+02  1.510000e+00
   endloop
 endfacet
 facet normal  0.000000e+00  0.000000e+00  1.000000e+00
   outer loop
     vertex  1.267300e+02 -1.453100e+02  1.510000e+00
     vertex  1.267300e+02 -1.478500e+02  1.510000e+00
     vertex  1.267470e+02 -1.477206e+02  1.510000e+00
   endloop
 endfacet
 facet normal  0.000000e+00  0.000000e+00  1.000000e+00
   outer loop
     vertex  1.267300e+02 -1.453100e+02  1.510000e+00
     vertex  1.053856e+02 -1.522000e+02  1.510000e+00
     vertex  1.267300e+02 -1.478500e+02  1.510000e+00
   endloop
 endfacet
 facet normal  0.000000e+00  0.000000e+00  1.000000e+00
   outer loop
     vertex  1.267300e+02 -1.453100e+02  1.510000e+00
     vertex  1.267470e+02 -1.477206e+02  1.510000e+00
     vertex  1.267470e+02 -1.454394e+02  1.510000e+00
   endloop
 endfacet
 facet normal  0.000000e+00  0.000000e+00  1.000000e+00
   outer loop
     vertex  1.272300e+02 -1.458100e+02  1.510000e+00
     vertex  1.271006e+02 -1.473670e+02  1.510000e+00
     vertex  1.272300e+02 -1.473500e+02  1.510000e+00
   endloop
 endfacet
 facet normal  0.000000e+00  0.000000e+00  1.000000e+00
   outer loop
     vertex  1.272300e+02 -1.458100e+02  1.510000e+00
     vertex  1.271006e+02 -1.457930e+02  1.510000e+00
     vertex  1.271006e+02 -1.473670e+02  1.510000e+00
   endloop
 endfacet
 facet normal  0.000000e+00  0.000000e+00  1.000000e+00
   outer loop
     vertex  1.297700e+02 -1.483500e+02  1.510000e+00
     vertex  1.296406e+02 -1.483330e+02  1.510000e+00
     vertex  1.272300e+02 -1.483500e+02  1.510000e+00
   endloop
 endfacet
 facet normal  0.000000e+00  0.000000e+00  1.000000e+00
   outer loop
     vertex  1.297700e+02 -1.483500e+02  1.510000e+00
     vertex  1.272300e+02 -1.483500e+02  1.510000e+00
     vertex  1.048000e+02 -1.543856e+02  1.510000e+00
   endloop
 endfacet
 facet normal  0.000000e+00  0.000000e+00  1.000000e+00
   outer loop
     vertex  1.292700e+02 -1.478500e+02  1.510000e+00
     vertex  1.277130e+02 -1.479794e+02  1.510000e+00
     vertex  1.292870e+02 -1.479794e+02  1.510000e+00
   endloop
 endfacet
 facet normal  0.000000e+00  0.000000e+00  1.000000e+00
   outer loop
     vertex  1.292700e+02 -1.478500e+02  1.510000e+00
     vertex  1.277300e+02 -1.478500e+02  1.510000e+00
     vertex  1.277130e+02 -1.479794e+02  1.510000e+00
   endloop
 endfacet
 facet normal  0.000000e+00  0.000000e+00  1.000000e+00
   outer loop
     vertex  1.273594e+02 -1.457930e+02  1.510000e+00
     vertex  1.272300e+02 -1.473500e+02  1.510000e+00
     vertex  1.273594e+02 -1.473670e+02  1.510000e+00
   endloop
 endfacet
 facet normal  0.000000e+00  0.000000e+00  1.000000e+00
   outer loop
     vertex  1.273594e+02 -1.457930e+02  1.510000e+00
     vertex  1.272300e+02 -1.458100e+02  1.510000e+00
     vertex  1.272300e+02 -1.473500e+02  1.510000e+00
   endloop
 endfacet
 facet normal  0.000000e+00  0.000000e+00  1.000000e+00
   outer loop
     vertex  1.292870e+02 -1.477206e+02  1.510000e+00
     vertex  1.277300e+02 -1.478500e+02  1.510000e+00
     vertex  1.292700e+02 -1.478500e+02  1.510000e+00
   endloop
 endfacet
 facet normal  0.000000e+00  0.000000e+00  1.000000e+00
   outer loop
     vertex  1.292870e+02 -1.477206e+02  1.510000e+00
     vertex  1.277130e+02 -1.477206e+02  1.510000e+00
     vertex  1.277300e+02 -1.478500e+02  1.510000e+00
   endloop
 endfacet
 facet normal  0.000000e+00  0.000000e+00  1.000000e+00
   outer loop
     vertex  1.274800e+02 -1.457430e+02  1.510000e+00
     vertex  1.273594e+02 -1.473670e+02  1.510000e+00
     vertex  1.274800e+02 -1.474170e+02  1.510000e+00
   endloop
 endfacet
 facet normal  0.000000e+00  0.000000e+00  1.000000e+00
   outer loop
     vertex  1.274800e+02 -1.457430e+02  1.510000e+00
     vertex  1.273594e+02 -1.457930e+02  1.510000e+00
     vertex  1.273594e+02 -1.473670e+02  1.510000e+00
   endloop
 endfacet
 facet normal  0.000000e+00  0.000000e+00  1.000000e+00
   outer loop
     vertex  1.293370e+02 -1.476000e+02  1.510000e+00
     vertex  1.277130e+02 -1.477206e+02  1.510000e+00
     vertex  1.292870e+02 -1.477206e+02  1.510000e+00
   endloop
 endfacet
 facet normal  0.000000e+00  0.000000e+00  1.000000e+00
   outer loop
     vertex  1.293370e+02 -1.476000e+02  1.510000e+00
     vertex  1.276630e+02 -1.476000e+02  1.510000e+00
     vertex  1.277130e+02 -1.477206e+02  1.510000e+00
   endloop
 endfacet
 facet normal  0.000000e+00  0.000000e+00  1.000000e+00
   outer loop
     vertex  1.275836e+02 -1.456636e+02  1.510000e+00
     vertex  1.274800e+02 -1.457430e+02  1.510000e+00
     vertex  1.274800e+02 -1.474170e+02  1.510000e+00
   endloop
 endfacet
 facet normal  0.000000e+00  0.000000e+00  1.000000e+00
   outer loop
     vertex  1.275836e+02 -1.456636e+02  1.510000e+00
     vertex  1.274800e+02 -1.474170e+02  1.510000e+00
     vertex  1.275836e+02 -1.474964e+02  1.510000e+00
   endloop
 endfacet
 facet normal  0.000000e+00  0.000000e+00  1.000000e+00
   outer loop
     vertex  1.294164e+02 -1.474964e+02  1.510000e+00
     vertex  1.276630e+02 -1.476000e+02  1.510000e+00
     vertex  1.293370e+02 -1.476000e+02  1.510000e+00
   endloop
 endfacet
 facet normal  0.000000e+00  0.000000e+00  1.000000e+00
   outer loop
     vertex  1.294164e+02 -1.474964e+02  1.510000e+00
     vertex  1.275836e+02 -1.474964e+02  1.510000e+00
     vertex  1.276630e+02 -1.476000e+02  1.510000e+00
   endloop
 endfacet
 facet normal  0.000000e+00  0.000000e+00  1.000000e+00
   outer loop
     vertex  1.294164e+02 -1.456636e+02  1.510000e+00
     vertex  1.294164e+02 -1.474964e+02  1.510000e+00
     vertex  1.295200e+02 -1.474170e+02  1.510000e+00
   endloop
 endfacet
 facet normal  0.000000e+00  0.000000e+00  1.000000e+00
   outer loop
     vertex  1.294164e+02 -1.456636e+02  1.510000e+00
     vertex  1.275836e+02 -1.456636e+02  1.510000e+00
     vertex  1.275836e+02 -1.474964e+02  1.510000e+00
   endloop
 endfacet
 facet normal  0.000000e+00  0.000000e+00  1.000000e+00
   outer loop
     vertex  1.294164e+02 -1.456636e+02  1.510000e+00
     vertex  1.275836e+02 -1.474964e+02  1.510000e+00
     vertex  1.294164e+02 -1.474964e+02  1.510000e+00
   endloop
 endfacet
 facet normal  0.000000e+00  0.000000e+00  1.000000e+00
   outer loop
     vertex  1.267970e+02 -1.430200e+02  1.510000e+00
     vertex  1.268764e+02 -1.449564e+02  1.510000e+00
     vertex  1.268764e+02 -1.431236e+02  1.510000e+00
   endloop
 endfacet
 facet normal  0.000000e+00  0.000000e+00  1.000000e+00
   outer loop
     vertex  1.267970e+02 -1.430200e+02  1.510000e+00
     vertex  1.267970e+02 -1.450600e+02  1.510000e+00
     vertex  1.268764e+02 -1.449564e+02  1.510000e+00
   endloop
 endfacet
 facet normal  0.000000e+00  0.000000e+00  1.000000e+00
   outer loop
     vertex  1.269800e+02 -1.432030e+02  1.510000e+00
     vertex  1.268764e+02 -1.431236e+02  1.510000e+00
     vertex  1.268764e+02 -1.449564e+02  1.510000e+00
   endloop
 endfacet
 facet normal  0.000000e+00  0.000000e+00  1.000000e+00
   outer loop
     vertex  1.269800e+02 -1.432030e+02  1.510000e+00
     vertex  1.268764e+02 -1.449564e+02  1.510000e+00
     vertex  1.269800e+02 -1.448770e+02  1.510000e+00
   endloop
 endfacet
 facet normal  0.000000e+00  0.000000e+00  1.000000e+00
   outer loop
     vertex  1.293370e+02 -1.455600e+02  1.510000e+00
     vertex  1.276630e+02 -1.455600e+02  1.510000e+00
     vertex  1.275836e+02 -1.456636e+02  1.510000e+00
   endloop
 endfacet
 facet normal  0.000000e+00  0.000000e+00  1.000000e+00
   outer loop
     vertex  1.293370e+02 -1.455600e+02  1.510000e+00
     vertex  1.275836e+02 -1.456636e+02  1.510000e+00
     vertex  1.294164e+02 -1.456636e+02  1.510000e+00
   endloop
 endfacet
 facet normal  0.000000e+00  0.000000e+00  1.000000e+00
   outer loop
     vertex  1.295200e+02 -1.457430e+02  1.510000e+00
     vertex  1.295200e+02 -1.474170e+02  1.510000e+00
     vertex  1.296406e+02 -1.473670e+02  1.510000e+00
   endloop
 endfacet
 facet normal  0.000000e+00  0.000000e+00  1.000000e+00
   outer loop
     vertex  1.295200e+02 -1.457430e+02  1.510000e+00
     vertex  1.294164e+02 -1.456636e+02  1.510000e+00
     vertex  1.295200e+02 -1.474170e+02  1.510000e+00
   endloop
 endfacet
 facet normal  0.000000e+00  0.000000e+00  1.000000e+00
   outer loop
     vertex  1.267470e+02 -1.428994e+02  1.510000e+00
     vertex  1.267470e+02 -1.451806e+02  1.510000e+00
     vertex  1.267970e+02 -1.450600e+02  1.510000e+00
   endloop
 endfacet
 facet normal  0.000000e+00  0.000000e+00  1.000000e+00
   outer loop
     vertex  1.267470e+02 -1.428994e+02  1.510000e+00
     vertex  1.267970e+02 -1.450600e+02  1.510000e+00
     vertex  1.267970e+02 -1.430200e+02  1.510000e+00
   endloop
 endfacet
 facet normal  0.000000e+00  0.000000e+00  1.000000e+00
   outer loop
     vertex  1.296406e+02 -1.457930e+02  1.510000e+00
     vertex  1.295200e+02 -1.457430e+02  1.510000e+00
     vertex  1.296406e+02 -1.473670e+02  1.510000e+00
   endloop
 endfacet
 facet normal  0.000000e+00  0.000000e+00  1.000000e+00
   outer loop
     vertex  1.271006e+02 -1.432530e+02  1.510000e+00
     vertex  1.269800e+02 -1.448770e+02  1.510000e+00
     vertex  1.271006e+02 -1.448270e+02  1.510000e+00
   endloop
 endfacet
 facet normal  0.000000e+00  0.000000e+00  1.000000e+00
   outer loop
     vertex  1.271006e+02 -1.432530e+02  1.510000e+00
     vertex  1.271006e+02 -1.448270e+02  1.510000e+00
     vertex  1.272300e+02 -1.448100e+02  1.510000e+00
   endloop
 endfacet
 facet normal  0.000000e+00  0.000000e+00  1.000000e+00
   outer loop
     vertex  1.271006e+02 -1.432530e+02  1.510000e+00
     vertex  1.269800e+02 -1.432030e+02  1.510000e+00
     vertex  1.269800e+02 -1.448770e+02  1.510000e+00
   endloop
 endfacet
 facet normal  0.000000e+00  0.000000e+00  1.000000e+00
   outer loop
     vertex  1.292870e+02 -1.454394e+02  1.510000e+00
     vertex  1.276630e+02 -1.455600e+02  1.510000e+00
     vertex  1.293370e+02 -1.455600e+02  1.510000e+00
   endloop
 endfacet
 facet normal  0.000000e+00  0.000000e+00  1.000000e+00
   outer loop
     vertex  1.292870e+02 -1.454394e+02  1.510000e+00
     vertex  1.277130e+02 -1.454394e+02  1.510000e+00
     vertex  1.276630e+02 -1.455600e+02  1.510000e+00
   endloop
 endfacet
 facet normal  0.000000e+00  0.000000e+00  1.000000e+00
   outer loop
     vertex  1.267300e+02 -1.427700e+02  1.510000e+00
     vertex  1.048000e+02 -1.516144e+02  1.510000e+00
     vertex  1.051314e+02 -1.518686e+02  1.510000e+00
   endloop
 endfacet
 facet normal  0.000000e+00  0.000000e+00  1.000000e+00
   outer loop
     vertex  1.267300e+02 -1.427700e+02  1.510000e+00
     vertex  1.267300e+02 -1.453100e+02  1.510000e+00
     vertex  1.267470e+02 -1.451806e+02  1.510000e+00
   endloop
 endfacet
 facet normal  0.000000e+00  0.000000e+00  1.000000e+00
   outer loop
     vertex  1.267300e+02 -1.427700e+02  1.510000e+00
     vertex  1.267470e+02 -1.451806e+02  1.510000e+00
     vertex  1.267470e+02 -1.428994e+02  1.510000e+00
   endloop
 endfacet
 facet normal  0.000000e+00  0.000000e+00  1.000000e+00
   outer loop
     vertex  1.267300e+02 -1.427700e+02  1.510000e+00
     vertex  1.051314e+02 -1.518686e+02  1.510000e+00
     vertex  1.267300e+02 -1.453100e+02  1.510000e+00
   endloop
 endfacet
 facet normal  0.000000e+00  0.000000e+00  1.000000e+00
   outer loop
     vertex  1.272300e+02 -1.432700e+02  1.510000e+00
     vertex  1.271006e+02 -1.432530e+02  1.510000e+00
     vertex  1.272300e+02 -1.448100e+02  1.510000e+00
   endloop
 endfacet
 facet normal  0.000000e+00  0.000000e+00  1.000000e+00
   outer loop
     vertex  1.297700e+02 -1.458100e+02  1.510000e+00
     vertex  1.296406e+02 -1.457930e+02  1.510000e+00
     vertex  1.296406e+02 -1.473670e+02  1.510000e+00
   endloop
 endfacet
 facet normal  0.000000e+00  0.000000e+00  1.000000e+00
   outer loop
     vertex  1.297700e+02 -1.458100e+02  1.510000e+00
     vertex  1.296406e+02 -1.473670e+02  1.510000e+00
     vertex  1.297700e+02 -1.473500e+02  1.510000e+00
   endloop
 endfacet
 facet normal  0.000000e+00  0.000000e+00  1.000000e+00
   outer loop
     vertex  1.292700e+02 -1.453100e+02  1.510000e+00
     vertex  1.277130e+02 -1.454394e+02  1.510000e+00
     vertex  1.292870e+02 -1.454394e+02  1.510000e+00
   endloop
 endfacet
 facet normal  0.000000e+00  0.000000e+00  1.000000e+00
   outer loop
     vertex  1.292700e+02 -1.453100e+02  1.510000e+00
     vertex  1.277300e+02 -1.453100e+02  1.510000e+00
     vertex  1.277130e+02 -1.454394e+02  1.510000e+00
   endloop
 endfacet
 facet normal  0.000000e+00  0.000000e+00  1.000000e+00
   outer loop
     vertex  1.273594e+02 -1.432530e+02  1.510000e+00
     vertex  1.272300e+02 -1.432700e+02  1.510000e+00
     vertex  1.272300e+02 -1.448100e+02  1.510000e+00
   endloop
 endfacet
 facet normal  0.000000e+00  0.000000e+00  1.000000e+00
   outer loop
     vertex  1.273594e+02 -1.432530e+02  1.510000e+00
     vertex  1.272300e+02 -1.448100e+02  1.510000e+00
     vertex  1.273594e+02 -1.448270e+02  1.510000e+00
   endloop
 endfacet
 facet normal  0.000000e+00  0.000000e+00  1.000000e+00
   outer loop
     vertex  1.298994e+02 -1.457930e+02  1.510000e+00
     vertex  1.297700e+02 -1.458100e+02  1.510000e+00
     vertex  1.297700e+02 -1.473500e+02  1.510000e+00
   endloop
 endfacet
 facet normal  0.000000e+00  0.000000e+00  1.000000e+00
   outer loop
     vertex  1.298994e+02 -1.457930e+02  1.510000e+00
     vertex  1.297700e+02 -1.473500e+02  1.510000e+00
     vertex  1.298994e+02 -1.473670e+02  1.510000e+00
   endloop
 endfacet
 facet normal  0.000000e+00  0.000000e+00  1.000000e+00
   outer loop
     vertex  1.267470e+02 -1.426406e+02  1.510000e+00
     vertex  1.048000e+02 -1.516144e+02  1.510000e+00
     vertex  1.267300e+02 -1.427700e+02  1.510000e+00
   endloop
 endfacet
 facet normal  0.000000e+00  0.000000e+00  1.000000e+00
   outer loop
     vertex  1.292870e+02 -1.451806e+02  1.510000e+00
     vertex  1.277300e+02 -1.453100e+02  1.510000e+00
     vertex  1.292700e+02 -1.453100e+02  1.510000e+00
   endloop
 endfacet
 facet normal  0.000000e+00  0.000000e+00  1.000000e+00
   outer loop
     vertex  1.292870e+02 -1.451806e+02  1.510000e+00
     vertex  1.277130e+02 -1.451806e+02  1.510000e+00
     vertex  1.277300e+02 -1.453100e+02  1.510000e+00
   endloop
 endfacet
 facet normal  0.000000e+00  0.000000e+00  1.000000e+00
   outer loop
     vertex  1.267970e+02 -1.425200e+02  1.510000e+00
     vertex  1.044141e+02 -1.514545e+02  1.510000e+00
     vertex  1.048000e+02 -1.516144e+02  1.510000e+00
   endloop
 endfacet
 facet normal  0.000000e+00  0.000000e+00  1.000000e+00
   outer loop
     vertex  1.267970e+02 -1.425200e+02  1.510000e+00
     vertex  1.048000e+02 -1.516144e+02  1.510000e+00
     vertex  1.267470e+02 -1.426406e+02  1.510000e+00
   endloop
 endfacet
 facet normal  0.000000e+00  0.000000e+00  1.000000e+00
   outer loop
     vertex  1.274800e+02 -1.432030e+02  1.510000e+00
     vertex  1.273594e+02 -1.432530e+02  1.510000e+00
     vertex  1.273594e+02 -1.448270e+02  1.510000e+00
   endloop
 endfacet
 facet normal  0.000000e+00  0.000000e+00  1.000000e+00
   outer loop
     vertex  1.274800e+02 -1.432030e+02  1.510000e+00
     vertex  1.273594e+02 -1.448270e+02  1.510000e+00
     vertex  1.274800e+02 -1.448770e+02  1.510000e+00
   endloop
 endfacet
 facet normal  0.000000e+00  0.000000e+00  1.000000e+00
   outer loop
     vertex  1.293370e+02 -1.450600e+02  1.510000e+00
     vertex  1.277130e+02 -1.451806e+02  1.510000e+00
     vertex  1.292870e+02 -1.451806e+02  1.510000e+00
   endloop
 endfacet
 facet normal  0.000000e+00  0.000000e+00  1.000000e+00
   outer loop
     vertex  1.293370e+02 -1.450600e+02  1.510000e+00
     vertex  1.276630e+02 -1.450600e+02  1.510000e+00
     vertex  1.277130e+02 -1.451806e+02  1.510000e+00
   endloop
 endfacet
 facet normal  0.000000e+00  0.000000e+00  1.000000e+00
   outer loop
     vertex  1.300200e+02 -1.457430e+02  1.510000e+00
     vertex  1.298994e+02 -1.473670e+02  1.510000e+00
     vertex  1.300200e+02 -1.474170e+02  1.510000e+00
   endloop
 endfacet
 facet normal  0.000000e+00  0.000000e+00  1.000000e+00
   outer loop
     vertex  1.300200e+02 -1.457430e+02  1.510000e+00
     vertex  1.298994e+02 -1.457930e+02  1.510000e+00
     vertex  1.298994e+02 -1.473670e+02  1.510000e+00
   endloop
 endfacet
 facet normal  0.000000e+00  0.000000e+00  1.000000e+00
   outer loop
     vertex  1.275836e+02 -1.431236e+02  1.510000e+00
     vertex  1.274800e+02 -1.432030e+02  1.510000e+00
     vertex  1.274800e+02 -1.448770e+02  1.510000e+00
   endloop
 endfacet
 facet normal  0.000000e+00  0.000000e+00  1.000000e+00
   outer loop
     vertex  1.275836e+02 -1.431236e+02  1.510000e+00
     vertex  1.274800e+02 -1.448770e+02  1.510000e+00
     vertex  1.275836e+02 -1.449564e+02  1.510000e+00
   endloop
 endfacet
 facet normal  0.000000e+00  0.000000e+00  1.000000e+00
   outer loop
     vertex  1.294164e+02 -1.449564e+02  1.510000e+00
     vertex  1.276630e+02 -1.450600e+02  1.510000e+00
     vertex  1.293370e+02 -1.450600e+02  1.510000e+00
   endloop
 endfacet
 facet normal  0.000000e+00  0.000000e+00  1.000000e+00
   outer loop
     vertex  1.294164e+02 -1.449564e+02  1.510000e+00
     vertex  1.275836e+02 -1.449564e+02  1.510000e+00
     vertex  1.276630e+02 -1.450600e+02  1.510000e+00
   endloop
 endfacet
 facet normal  0.000000e+00  0.000000e+00  1.000000e+00
   outer loop
     vertex  1.301236e+02 -1.456636e+02  1.510000e+00
     vertex  1.300200e+02 -1.474170e+02  1.510000e+00
     vertex  1.301236e+02 -1.474964e+02  1.510000e+00
   endloop
 endfacet
 facet normal  0.000000e+00  0.000000e+00  1.000000e+00
   outer loop
     vertex  1.301236e+02 -1.456636e+02  1.510000e+00
     vertex  1.301236e+02 -1.474964e+02  1.510000e+00
     vertex  1.302030e+02 -1.476000e+02  1.510000e+00
   endloop
 endfacet
 facet normal  0.000000e+00  0.000000e+00  1.000000e+00
   outer loop
     vertex  1.301236e+02 -1.456636e+02  1.510000e+00
     vertex  1.300200e+02 -1.457430e+02  1.510000e+00
     vertex  1.300200e+02 -1.474170e+02  1.510000e+00
   endloop
 endfacet
 facet normal  0.000000e+00  0.000000e+00  1.000000e+00
   outer loop
     vertex  1.302030e+02 -1.455600e+02  1.510000e+00
     vertex  1.302030e+02 -1.476000e+02  1.510000e+00
     vertex  1.302530e+02 -1.477206e+02  1.510000e+00
   endloop
 endfacet
 facet normal  0.000000e+00  0.000000e+00  1.000000e+00
   outer loop
     vertex  1.302030e+02 -1.455600e+02  1.510000e+00
     vertex  1.301236e+02 -1.456636e+02  1.510000e+00
     vertex  1.302030e+02 -1.476000e+02  1.510000e+00
   endloop
 endfacet
 facet normal  0.000000e+00  0.000000e+00  1.000000e+00
   outer loop
     vertex  1.302530e+02 -1.454394e+02  1.510000e+00
     vertex  1.302030e+02 -1.455600e+02  1.510000e+00
     vertex  1.302530e+02 -1.477206e+02  1.510000e+00
   endloop
 endfacet
 facet normal  0.000000e+00  0.000000e+00  1.000000e+00
   outer loop
     vertex  1.302700e+02 -1.453100e+02  1.510000e+00
     vertex  1.302530e+02 -1.477206e+02  1.510000e+00
     vertex  1.302700e+02 -1.478500e+02  1.510000e+00
   endloop
 endfacet
 facet normal  0.000000e+00  0.000000e+00  1.000000e+00
   outer loop
     vertex  1.302700e+02 -1.453100e+02  1.510000e+00
     vertex  1.302530e+02 -1.454394e+02  1.510000e+00
     vertex  1.302530e+02 -1.477206e+02  1.510000e+00
   endloop
 endfacet
 facet normal  0.000000e+00  0.000000e+00  1.000000e+00
   outer loop
     vertex  1.294164e+02 -1.431236e+02  1.510000e+00
     vertex  1.294164e+02 -1.449564e+02  1.510000e+00
     vertex  1.295200e+02 -1.448770e+02  1.510000e+00
   endloop
 endfacet
 facet normal  0.000000e+00  0.000000e+00  1.000000e+00
   outer loop
     vertex  1.294164e+02 -1.431236e+02  1.510000e+00
     vertex  1.275836e+02 -1.449564e+02  1.510000e+00
     vertex  1.294164e+02 -1.449564e+02  1.510000e+00
   endloop
 endfacet
 facet normal  0.000000e+00  0.000000e+00  1.000000e+00
   outer loop
     vertex  1.294164e+02 -1.431236e+02  1.510000e+00
     vertex  1.275836e+02 -1.431236e+02  1.510000e+00
     vertex  1.275836e+02 -1.449564e+02  1.510000e+00
   endloop
 endfacet
 facet normal  0.000000e+00  0.000000e+00  1.000000e+00
   outer loop
     vertex  1.295200e+02 -1.432030e+02  1.510000e+00
     vertex  1.295200e+02 -1.448770e+02  1.510000e+00
     vertex  1.296406e+02 -1.448270e+02  1.510000e+00
   endloop
 endfacet
 facet normal  0.000000e+00  0.000000e+00  1.000000e+00
   outer loop
     vertex  1.295200e+02 -1.432030e+02  1.510000e+00
     vertex  1.294164e+02 -1.431236e+02  1.510000e+00
     vertex  1.295200e+02 -1.448770e+02  1.510000e+00
   endloop
 endfacet
 facet normal  0.000000e+00  0.000000e+00  1.000000e+00
   outer loop
     vertex  1.293370e+02 -1.430200e+02  1.510000e+00
     vertex  1.275836e+02 -1.431236e+02  1.510000e+00
     vertex  1.294164e+02 -1.431236e+02  1.510000e+00
   endloop
 endfacet
 facet normal  0.000000e+00  0.000000e+00  1.000000e+00
   outer loop
     vertex  1.293370e+02 -1.430200e+02  1.510000e+00
     vertex  1.276630e+02 -1.430200e+02  1.510000e+00
     vertex  1.275836e+02 -1.431236e+02  1.510000e+00
   endloop
 endfacet
 facet normal  0.000000e+00  0.000000e+00  1.000000e+00
   outer loop
     vertex  1.296406e+02 -1.432530e+02  1.510000e+00
     vertex  1.296406e+02 -1.448270e+02  1.510000e+00
     vertex  1.297700e+02 -1.448100e+02  1.510000e+00
   endloop
 endfacet
 facet normal  0.000000e+00  0.000000e+00  1.000000e+00
   outer loop
     vertex  1.296406e+02 -1.432530e+02  1.510000e+00
     vertex  1.295200e+02 -1.432030e+02  1.510000e+00
     vertex  1.296406e+02 -1.448270e+02  1.510000e+00
   endloop
 endfacet
 facet normal  0.000000e+00  0.000000e+00  1.000000e+00
   outer loop
     vertex  1.292870e+02 -1.428994e+02  1.510000e+00
     vertex  1.276630e+02 -1.430200e+02  1.510000e+00
     vertex  1.293370e+02 -1.430200e+02  1.510000e+00
   endloop
 endfacet
 facet normal  0.000000e+00  0.000000e+00  1.000000e+00
   outer loop
     vertex  1.292870e+02 -1.428994e+02  1.510000e+00
     vertex  1.277130e+02 -1.428994e+02  1.510000e+00
     vertex  1.276630e+02 -1.430200e+02  1.510000e+00
   endloop
 endfacet
 facet normal  0.000000e+00  0.000000e+00  1.000000e+00
   outer loop
     vertex  1.297700e+02 -1.432700e+02  1.510000e+00
     vertex  1.297700e+02 -1.448100e+02  1.510000e+00
     vertex  1.298994e+02 -1.448270e+02  1.510000e+00
   endloop
 endfacet
 facet normal  0.000000e+00  0.000000e+00  1.000000e+00
   outer loop
     vertex  1.297700e+02 -1.432700e+02  1.510000e+00
     vertex  1.296406e+02 -1.432530e+02  1.510000e+00
     vertex  1.297700e+02 -1.448100e+02  1.510000e+00
   endloop
 endfacet
 facet normal  0.000000e+00  0.000000e+00  1.000000e+00
   outer loop
     vertex  1.292700e+02 -1.427700e+02  1.510000e+00
     vertex  1.277130e+02 -1.426406e+02  1.510000e+00
     vertex  1.277300e+02 -1.427700e+02  1.510000e+00
   endloop
 endfacet
 facet normal  0.000000e+00  0.000000e+00  1.000000e+00
   outer loop
     vertex  1.292700e+02 -1.427700e+02  1.510000e+00
     vertex  1.277300e+02 -1.427700e+02  1.510000e+00
     vertex  1.277130e+02 -1.428994e+02  1.510000e+00
   endloop
 endfacet
 facet normal  0.000000e+00  0.000000e+00  1.000000e+00
   outer loop
     vertex  1.292700e+02 -1.427700e+02  1.510000e+00
     vertex  1.277130e+02 -1.428994e+02  1.510000e+00
     vertex  1.292870e+02 -1.428994e+02  1.510000e+00
   endloop
 endfacet
 facet normal  0.000000e+00  0.000000e+00  1.000000e+00
   outer loop
     vertex  1.292870e+02 -1.426406e+02  1.510000e+00
     vertex  1.277130e+02 -1.426406e+02  1.510000e+00
     vertex  1.292700e+02 -1.427700e+02  1.510000e+00
   endloop
 endfacet
 facet normal  0.000000e+00  0.000000e+00  1.000000e+00
   outer loop
     vertex  1.292870e+02 -1.426406e+02  1.510000e+00
     vertex  1.276630e+02 -1.425200e+02  1.510000e+00
     vertex  1.277130e+02 -1.426406e+02  1.510000e+00
   endloop
 endfacet
 facet normal  0.000000e+00  0.000000e+00  1.000000e+00
   outer loop
     vertex  1.298994e+02 -1.432530e+02  1.510000e+00
     vertex  1.297700e+02 -1.432700e+02  1.510000e+00
     vertex  1.298994e+02 -1.448270e+02  1.510000e+00
   endloop
 endfacet
 facet normal  0.000000e+00  0.000000e+00  1.000000e+00
   outer loop
     vertex  1.300200e+02 -1.432030e+02  1.510000e+00
     vertex  1.298994e+02 -1.448270e+02  1.510000e+00
     vertex  1.300200e+02 -1.448770e+02  1.510000e+00
   endloop
 endfacet
 facet normal  0.000000e+00  0.000000e+00  1.000000e+00
   outer loop
     vertex  1.300200e+02 -1.432030e+02  1.510000e+00
     vertex  1.298994e+02 -1.432530e+02  1.510000e+00
     vertex  1.298994e+02 -1.448270e+02  1.510000e+00
   endloop
 endfacet
 facet normal  0.000000e+00  0.000000e+00  1.000000e+00
   outer loop
     vertex  1.293370e+02 -1.425200e+02  1.510000e+00
     vertex  1.276630e+02 -1.425200e+02  1.510000e+00
     vertex  1.292870e+02 -1.426406e+02  1.510000e+00
   endloop
 endfacet
 facet normal  0.000000e+00  0.000000e+00  1.000000e+00
   outer loop
     vertex  1.294164e+02 -1.424164e+02  1.510000e+00
     vertex  1.275836e+02 -1.424164e+02  1.510000e+00
     vertex  1.276630e+02 -1.425200e+02  1.510000e+00
   endloop
 endfacet
 facet normal  0.000000e+00  0.000000e+00  1.000000e+00
   outer loop
     vertex  1.294164e+02 -1.424164e+02  1.510000e+00
     vertex  1.276630e+02 -1.425200e+02  1.510000e+00
     vertex  1.293370e+02 -1.425200e+02  1.510000e+00
   endloop
 endfacet
 facet normal  0.000000e+00  0.000000e+00  1.000000e+00
   outer loop
     vertex  1.301236e+02 -1.431236e+02  1.510000e+00
     vertex  1.300200e+02 -1.448770e+02  1.510000e+00
     vertex  1.301236e+02 -1.449564e+02  1.510000e+00
   endloop
 endfacet
 facet normal  0.000000e+00  0.000000e+00  1.000000e+00
   outer loop
     vertex  1.301236e+02 -1.431236e+02  1.510000e+00
     vertex  1.301236e+02 -1.449564e+02  1.510000e+00
     vertex  1.302030e+02 -1.450600e+02  1.510000e+00
   endloop
 endfacet
 facet normal  0.000000e+00  0.000000e+00  1.000000e+00
   outer loop
     vertex  1.301236e+02 -1.431236e+02  1.510000e+00
     vertex  1.300200e+02 -1.432030e+02  1.510000e+00
     vertex  1.300200e+02 -1.448770e+02  1.510000e+00
   endloop
 endfacet
 facet normal  0.000000e+00  0.000000e+00  1.000000e+00
   outer loop
     vertex  1.302030e+02 -1.430200e+02  1.510000e+00
     vertex  1.301236e+02 -1.431236e+02  1.510000e+00
     vertex  1.302030e+02 -1.450600e+02  1.510000e+00
   endloop
 endfacet
 facet normal  0.000000e+00  0.000000e+00  1.000000e+00
   outer loop
     vertex  1.295200e+02 -1.423370e+02  1.510000e+00
     vertex  1.275836e+02 -1.424164e+02  1.510000e+00
     vertex  1.294164e+02 -1.424164e+02  1.510000e+00
   endloop
 endfacet
 facet normal  0.000000e+00  0.000000e+00  1.000000e+00
   outer loop
     vertex  1.295200e+02 -1.423370e+02  1.510000e+00
     vertex  1.274800e+02 -1.423370e+02  1.510000e+00
     vertex  1.275836e+02 -1.424164e+02  1.510000e+00
   endloop
 endfacet
 facet normal  0.000000e+00  0.000000e+00  1.000000e+00
   outer loop
     vertex  1.296406e+02 -1.422870e+02  1.510000e+00
     vertex  1.274800e+02 -1.423370e+02  1.510000e+00
     vertex  1.295200e+02 -1.423370e+02  1.510000e+00
   endloop
 endfacet
 facet normal  0.000000e+00  0.000000e+00  1.000000e+00
   outer loop
     vertex  1.296406e+02 -1.422870e+02  1.510000e+00
     vertex  1.273594e+02 -1.422870e+02  1.510000e+00
     vertex  1.274800e+02 -1.423370e+02  1.510000e+00
   endloop
 endfacet
 facet normal  0.000000e+00  0.000000e+00  1.000000e+00
   outer loop
     vertex  1.302530e+02 -1.428994e+02  1.510000e+00
     vertex  1.302030e+02 -1.450600e+02  1.510000e+00
     vertex  1.302530e+02 -1.451806e+02  1.510000e+00
   endloop
 endfacet
 facet normal  0.000000e+00  0.000000e+00  1.000000e+00
   outer loop
     vertex  1.302530e+02 -1.428994e+02  1.510000e+00
     vertex  1.302030e+02 -1.430200e+02  1.510000e+00
     vertex  1.302030e+02 -1.450600e+02  1.510000e+00
   endloop
 endfacet
 facet normal  0.000000e+00  0.000000e+00  1.000000e+00
   outer loop
     vertex  1.297700e+02 -1.422700e+02  1.510000e+00
     vertex  1.273594e+02 -1.422870e+02  1.510000e+00
     vertex  1.296406e+02 -1.422870e+02  1.510000e+00
   endloop
 endfacet
 facet normal  0.000000e+00  0.000000e+00  1.000000e+00
   outer loop
     vertex  1.297700e+02 -1.422700e+02  1.510000e+00
     vertex  1.272300e+02 -1.422700e+02  1.510000e+00
     vertex  1.273594e+02 -1.422870e+02  1.510000e+00
   endloop
 endfacet
 facet normal  0.000000e+00  0.000000e+00  1.000000e+00
   outer loop
     vertex  1.302700e+02 -1.427700e+02  1.510000e+00
     vertex  1.302530e+02 -1.428994e+02  1.510000e+00
     vertex  1.302530e+02 -1.451806e+02  1.510000e+00
   endloop
 endfacet
 facet normal  0.000000e+00  0.000000e+00  1.000000e+00
   outer loop
     vertex  1.302700e+02 -1.427700e+02  1.510000e+00
     vertex  1.302530e+02 -1.451806e+02  1.510000e+00
     vertex  1.302700e+02 -1.453100e+02  1.510000e+00
   endloop
 endfacet
 facet normal  0.000000e+00  0.000000e+00  1.000000e+00
   outer loop
     vertex  1.518686e+02 -1.541314e+02  1.510000e+00
     vertex  1.300200e+02 -1.482830e+02  1.510000e+00
     vertex  1.298994e+02 -1.483330e+02  1.510000e+00
   endloop
 endfacet
 facet normal  0.000000e+00  0.000000e+00  1.000000e+00
   outer loop
     vertex  1.516144e+02 -1.538000e+02  1.510000e+00
     vertex  1.301236e+02 -1.482036e+02  1.510000e+00
     vertex  1.300200e+02 -1.482830e+02  1.510000e+00
   endloop
 endfacet
 facet normal  0.000000e+00  0.000000e+00  1.000000e+00
   outer loop
     vertex  1.516144e+02 -1.538000e+02  1.510000e+00
     vertex  1.300200e+02 -1.482830e+02  1.510000e+00
     vertex  1.518686e+02 -1.541314e+02  1.510000e+00
   endloop
 endfacet
 facet normal  0.000000e+00  0.000000e+00  1.000000e+00
   outer loop
     vertex  1.032000e+02 -1.053856e+02  1.510000e+00
     vertex  1.028686e+02 -1.518686e+02  1.510000e+00
     vertex  1.032000e+02 -1.516144e+02  1.510000e+00
   endloop
 endfacet
 facet normal  0.000000e+00  0.000000e+00  1.000000e+00
   outer loop
     vertex  1.032000e+02 -1.053856e+02  1.510000e+00
     vertex  1.032000e+02 -1.516144e+02  1.510000e+00
     vertex  1.035859e+02 -1.514545e+02  1.510000e+00
   endloop
 endfacet
 facet normal  0.000000e+00  0.000000e+00  1.000000e+00
   outer loop
     vertex  1.032000e+02 -1.053856e+02  1.510000e+00
     vertex  1.028686e+02 -1.051314e+02  1.510000e+00
     vertex  1.028686e+02 -1.518686e+02  1.510000e+00
   endloop
 endfacet
 facet normal  0.000000e+00  0.000000e+00  1.000000e+00
   outer loop
     vertex  1.026144e+02 -1.048000e+02  1.510000e+00
     vertex  1.026144e+02 -1.522000e+02  1.510000e+00
     vertex  1.028686e+02 -1.518686e+02  1.510000e+00
   endloop
 endfacet
 facet normal  0.000000e+00  0.000000e+00  1.000000e+00
   outer loop
     vertex  1.026144e+02 -1.048000e+02  1.510000e+00
     vertex  1.000000e+02 -1.570000e+02  1.510000e+00
     vertex  1.026144e+02 -1.522000e+02  1.510000e+00
   endloop
 endfacet
 facet normal  0.000000e+00  0.000000e+00  1.000000e+00
   outer loop
     vertex  1.026144e+02 -1.048000e+02  1.510000e+00
     vertex  1.028686e+02 -1.518686e+02  1.510000e+00
     vertex  1.028686e+02 -1.051314e+02  1.510000e+00
   endloop
 endfacet
 facet normal  0.000000e+00  0.000000e+00  1.000000e+00
   outer loop
     vertex  1.522000e+02 -1.543856e+02  1.510000e+00
     vertex  1.297700e+02 -1.483500e+02  1.510000e+00
     vertex  1.048000e+02 -1.543856e+02  1.510000e+00
   endloop
 endfacet
 facet normal  0.000000e+00  0.000000e+00  1.000000e+00
   outer loop
     vertex  1.522000e+02 -1.543856e+02  1.510000e+00
     vertex  1.298994e+02 -1.483330e+02  1.510000e+00
     vertex  1.297700e+02 -1.483500e+02  1.510000e+00
   endloop
 endfacet
 facet normal  0.000000e+00  0.000000e+00  1.000000e+00
   outer loop
     vertex  1.522000e+02 -1.543856e+02  1.510000e+00
     vertex  1.518686e+02 -1.541314e+02  1.510000e+00
     vertex  1.298994e+02 -1.483330e+02  1.510000e+00
   endloop
 endfacet
 facet normal  0.000000e+00  0.000000e+00  1.000000e+00
   outer loop
     vertex  1.514545e+02 -1.534141e+02  1.510000e+00
     vertex  1.302030e+02 -1.481000e+02  1.510000e+00
     vertex  1.301236e+02 -1.482036e+02  1.510000e+00
   endloop
 endfacet
 facet normal  0.000000e+00  0.000000e+00  1.000000e+00
   outer loop
     vertex  1.514545e+02 -1.534141e+02  1.510000e+00
     vertex  1.301236e+02 -1.482036e+02  1.510000e+00
     vertex  1.516144e+02 -1.538000e+02  1.510000e+00
   endloop
 endfacet
 facet normal  0.000000e+00  0.000000e+00  1.000000e+00
   outer loop
     vertex  1.035859e+02 -1.055455e+02  1.510000e+00
     vertex  1.032000e+02 -1.053856e+02  1.510000e+00
     vertex  1.035859e+02 -1.514545e+02  1.510000e+00
   endloop
 endfacet
 facet normal  0.000000e+00  0.000000e+00  1.000000e+00
   outer loop
     vertex  1.514000e+02 -1.530000e+02  1.510000e+00
     vertex  1.302030e+02 -1.481000e+02  1.510000e+00
     vertex  1.514545e+02 -1.534141e+02  1.510000e+00
   endloop
 endfacet
 facet normal  0.000000e+00  0.000000e+00  1.000000e+00
   outer loop
     vertex  1.514000e+02 -1.530000e+02  1.510000e+00
     vertex  1.302530e+02 -1.479794e+02  1.510000e+00
     vertex  1.302030e+02 -1.481000e+02  1.510000e+00
   endloop
 endfacet
 facet normal  0.000000e+00  0.000000e+00  1.000000e+00
   outer loop
     vertex  1.040000e+02 -1.056000e+02  1.510000e+00
     vertex  1.035859e+02 -1.514545e+02  1.510000e+00
     vertex  1.040000e+02 -1.514000e+02  1.510000e+00
   endloop
 endfacet
 facet normal  0.000000e+00  0.000000e+00  1.000000e+00
   outer loop
     vertex  1.040000e+02 -1.056000e+02  1.510000e+00
     vertex  1.035859e+02 -1.055455e+02  1.510000e+00
     vertex  1.035859e+02 -1.514545e+02  1.510000e+00
   endloop
 endfacet
 facet normal  0.000000e+00  0.000000e+00  1.000000e+00
   outer loop
     vertex  1.514545e+02 -1.525859e+02  1.510000e+00
     vertex  1.302700e+02 -1.478500e+02  1.510000e+00
     vertex  1.302530e+02 -1.479794e+02  1.510000e+00
   endloop
 endfacet
 facet normal  0.000000e+00  0.000000e+00  1.000000e+00
   outer loop
     vertex  1.514545e+02 -1.525859e+02  1.510000e+00
     vertex  1.302530e+02 -1.479794e+02  1.510000e+00
     vertex  1.514000e+02 -1.530000e+02  1.510000e+00
   endloop
 endfacet
 facet normal  0.000000e+00  0.000000e+00  1.000000e+00
   outer loop
     vertex  1.044141e+02 -1.055455e+02  1.510000e+00
     vertex  1.040000e+02 -1.514000e+02  1.510000e+00
     vertex  1.044141e+02 -1.514545e+02  1.510000e+00
   endloop
 endfacet
 facet normal  0.000000e+00  0.000000e+00  1.000000e+00
   outer loop
     vertex  1.044141e+02 -1.055455e+02  1.510000e+00
     vertex  1.040000e+02 -1.056000e+02  1.510000e+00
     vertex  1.040000e+02 -1.514000e+02  1.510000e+00
   endloop
 endfacet
 facet normal  0.000000e+00  0.000000e+00  1.000000e+00
   outer loop
     vertex  1.044141e+02 -1.055455e+02  1.510000e+00
     vertex  1.044141e+02 -1.514545e+02  1.510000e+00
     vertex  1.267970e+02 -1.425200e+02  1.510000e+00
   endloop
 endfacet
 facet normal  0.000000e+00  0.000000e+00  1.000000e+00
   outer loop
     vertex  1.044141e+02 -1.055455e+02  1.510000e+00
     vertex  1.267970e+02 -1.425200e+02  1.510000e+00
     vertex  1.268764e+02 -1.424164e+02  1.510000e+00
   endloop
 endfacet
 facet normal  0.000000e+00  0.000000e+00  1.000000e+00
   outer loop
     vertex  1.516144e+02 -1.522000e+02  1.510000e+00
     vertex  1.302700e+02 -1.453100e+02  1.510000e+00
     vertex  1.302700e+02 -1.478500e+02  1.510000e+00
   endloop
 endfacet
 facet normal  0.000000e+00  0.000000e+00  1.000000e+00
   outer loop
     vertex  1.516144e+02 -1.522000e+02  1.510000e+00
     vertex  1.302700e+02 -1.478500e+02  1.510000e+00
     vertex  1.514545e+02 -1.525859e+02  1.510000e+00
   endloop
 endfacet
 facet normal  0.000000e+00  0.000000e+00  1.000000e+00
   outer loop
     vertex  1.000000e+02 -1.000000e+02  1.510000e+00
     vertex  1.024545e+02 -1.044141e+02  1.510000e+00
     vertex  1.024000e+02 -1.040000e+02  1.510000e+00
   endloop
 endfacet
 facet normal  0.000000e+00  0.000000e+00  1.000000e+00
   outer loop
     vertex  1.000000e+02 -1.000000e+02  1.510000e+00
     vertex  1.024000e+02 -1.040000e+02  1.510000e+00
     vertex  1.024545e+02 -1.035859e+02  1.510000e+00
   endloop
 endfacet
 facet normal  0.000000e+00  0.000000e+00  1.000000e+00
   outer loop
     vertex  1.000000e+02 -1.000000e+02  1.510000e+00
     vertex  1.024545e+02 -1.035859e+02  1.510000e+00
     vertex  1.026144e+02 -1.032000e+02  1.510000e+00
   endloop
 endfacet
 facet normal  0.000000e+00  0.000000e+00  1.000000e+00
   outer loop
     vertex  1.000000e+02 -1.000000e+02  1.510000e+00
     vertex  1.000000e+02 -1.570000e+02  1.510000e+00
     vertex  1.026144e+02 -1.048000e+02  1.510000e+00
   endloop
 endfacet
 facet normal  0.000000e+00  0.000000e+00  1.000000e+00
   outer loop
     vertex  1.000000e+02 -1.000000e+02  1.510000e+00
     vertex  1.026144e+02 -1.048000e+02  1.510000e+00
     vertex  1.024545e+02 -1.044141e+02  1.510000e+00
   endloop
 endfacet
 facet normal  0.000000e+00  0.000000e+00  1.000000e+00
   outer loop
     vertex  1.518686e+02 -1.518686e+02  1.510000e+00
     vertex  1.302700e+02 -1.427700e+02  1.510000e+00
     vertex  1.302700e+02 -1.453100e+02  1.510000e+00
   endloop
 endfacet
 facet normal  0.000000e+00  0.000000e+00  1.000000e+00
   outer loop
     vertex  1.518686e+02 -1.518686e+02  1.510000e+00
     vertex  1.302700e+02 -1.453100e+02  1.510000e+00
     vertex  1.516144e+02 -1.522000e+02  1.510000e+00
   endloop
 endfacet
 facet normal  0.000000e+00  0.000000e+00  1.000000e+00
   outer loop
     vertex  1.570000e+02 -1.570000e+02  1.510000e+00
     vertex  1.048000e+02 -1.543856e+02  1.510000e+00
     vertex  1.000000e+02 -1.570000e+02  1.510000e+00
   endloop
 endfacet
 facet normal  0.000000e+00  0.000000e+00  1.000000e+00
   outer loop
     vertex  1.570000e+02 -1.570000e+02  1.510000e+00
     vertex  1.522000e+02 -1.543856e+02  1.510000e+00
     vertex  1.048000e+02 -1.543856e+02  1.510000e+00
   endloop
 endfacet
 facet normal  0.000000e+00  0.000000e+00  1.000000e+00
   outer loop
     vertex  1.570000e+02 -1.570000e+02  1.510000e+00
     vertex  1.530000e+02 -1.546000e+02  1.510000e+00
     vertex  1.525859e+02 -1.545455e+02  1.510000e+00
   endloop
 endfacet
 facet normal  0.000000e+00  0.000000e+00  1.000000e+00
   outer loop
     vertex  1.570000e+02 -1.570000e+02  1.510000e+00
     vertex  1.525859e+02 -1.545455e+02  1.510000e+00
     vertex  1.522000e+02 -1.543856e+02  1.510000e+00
   endloop
 endfacet
 facet normal  0.000000e+00  0.000000e+00  1.000000e+00
   outer loop
     vertex  1.570000e+02 -1.570000e+02  1.510000e+00
     vertex  1.538000e+02 -1.543856e+02  1.510000e+00
     vertex  1.534141e+02 -1.545455e+02  1.510000e+00
   endloop
 endfacet
 facet normal  0.000000e+00  0.000000e+00  1.000000e+00
   outer loop
     vertex  1.570000e+02 -1.570000e+02  1.510000e+00
     vertex  1.534141e+02 -1.545455e+02  1.510000e+00
     vertex  1.530000e+02 -1.546000e+02  1.510000e+00
   endloop
 endfacet
 facet normal  0.000000e+00  0.000000e+00  1.000000e+00
   outer loop
     vertex  1.541314e+02 -1.541314e+02  1.510000e+00
     vertex  1.538000e+02 -1.543856e+02  1.510000e+00
     vertex  1.570000e+02 -1.570000e+02  1.510000e+00
   endloop
 endfacet
 facet normal  0.000000e+00  0.000000e+00  1.000000e+00
   outer loop
     vertex  1.028686e+02 -1.028686e+02  1.510000e+00
     vertex  1.000000e+02 -1.000000e+02  1.510000e+00
     vertex  1.026144e+02 -1.032000e+02  1.510000e+00
   endloop
 endfacet
 facet normal  0.000000e+00  0.000000e+00  1.000000e+00
   outer loop
     vertex  1.032000e+02 -1.026144e+02  1.510000e+00
     vertex  1.000000e+02 -1.000000e+02  1.510000e+00
     vertex  1.028686e+02 -1.028686e+02  1.510000e+00
   endloop
 endfacet
 facet normal  0.000000e+00  0.000000e+00  1.000000e+00
   outer loop
     vertex  1.522000e+02 -1.516144e+02  1.510000e+00
     vertex  1.302700e+02 -1.427700e+02  1.510000e+00
     vertex  1.518686e+02 -1.518686e+02  1.510000e+00
   endloop
 endfacet
 facet normal  0.000000e+00  0.000000e+00  1.000000e+00
   outer loop
     vertex  1.522000e+02 -1.516144e+02  1.510000e+00
     vertex  1.302030e+02 -1.425200e+02  1.510000e+00
     vertex  1.302530e+02 -1.426406e+02  1.510000e+00
   endloop
 endfacet
 facet normal  0.000000e+00  0.000000e+00  1.000000e+00
   outer loop
     vertex  1.522000e+02 -1.516144e+02  1.510000e+00
     vertex  1.302530e+02 -1.426406e+02  1.510000e+00
     vertex  1.302700e+02 -1.427700e+02  1.510000e+00
   endloop
 endfacet
 facet normal  0.000000e+00  0.000000e+00  1.000000e+00
   outer loop
     vertex  1.543856e+02 -1.538000e+02  1.510000e+00
     vertex  1.541314e+02 -1.541314e+02  1.510000e+00
     vertex  1.570000e+02 -1.570000e+02  1.510000e+00
   endloop
 endfacet
 facet normal  0.000000e+00  0.000000e+00  1.000000e+00
   outer loop
     vertex  1.525859e+02 -1.514545e+02  1.510000e+00
     vertex  1.302030e+02 -1.425200e+02  1.510000e+00
     vertex  1.522000e+02 -1.516144e+02  1.510000e+00
   endloop
 endfacet
 facet normal  0.000000e+00  0.000000e+00  1.000000e+00
   outer loop
     vertex  1.545455e+02 -1.534141e+02  1.510000e+00
     vertex  1.543856e+02 -1.538000e+02  1.510000e+00
     vertex  1.570000e+02 -1.570000e+02  1.510000e+00
   endloop
 endfacet
 facet normal  0.000000e+00  0.000000e+00  1.000000e+00
   outer loop
     vertex  1.035859e+02 -1.024545e+02  1.510000e+00
     vertex  1.000000e+02 -1.000000e+02  1.510000e+00
     vertex  1.032000e+02 -1.026144e+02  1.510000e+00
   endloop
 endfacet
 facet normal  0.000000e+00  0.000000e+00  1.000000e+00
   outer loop
     vertex  1.546000e+02 -1.530000e+02  1.510000e+00
     vertex  1.545455e+02 -1.534141e+02  1.510000e+00
     vertex  1.570000e+02 -1.570000e+02  1.510000e+00
   endloop
 endfacet
 facet normal  0.000000e+00  0.000000e+00  1.000000e+00
   outer loop
     vertex  1.040000e+02 -1.024000e+02  1.510000e+00
     vertex  1.000000e+02 -1.000000e+02  1.510000e+00
     vertex  1.035859e+02 -1.024545e+02  1.510000e+00
   endloop
 endfacet
 facet normal  0.000000e+00  0.000000e+00  1.000000e+00
   outer loop
     vertex  1.545455e+02 -1.525859e+02  1.510000e+00
     vertex  1.546000e+02 -1.530000e+02  1.510000e+00
     vertex  1.570000e+02 -1.570000e+02  1.510000e+00
   endloop
 endfacet
 facet normal  0.000000e+00  0.000000e+00  1.000000e+00
   outer loop
     vertex  1.044141e+02 -1.024545e+02  1.510000e+00
     vertex  1.000000e+02 -1.000000e+02  1.510000e+00
     vertex  1.040000e+02 -1.024000e+02  1.510000e+00
   endloop
 endfacet
 facet normal  0.000000e+00  0.000000e+00  1.000000e+00
   outer loop
     vertex  1.543856e+02 -1.522000e+02  1.510000e+00
     vertex  1.545455e+02 -1.525859e+02  1.510000e+00
     vertex  1.570000e+02 -1.570000e+02  1.510000e+00
   endloop
 endfacet
 facet normal  0.000000e+00  0.000000e+00  1.000000e+00
   outer loop
     vertex  1.239679e+02 -1.075421e+02  1.510000e+00
     vertex  1.051314e+02 -1.051314e+02  1.510000e+00
     vertex  1.048000e+02 -1.053856e+02  1.510000e+00
   endloop
 endfacet
 facet normal  0.000000e+00  0.000000e+00  1.000000e+00
   outer loop
     vertex  1.240300e+02 -1.075898e+02  1.510000e+00
     vertex  1.048000e+02 -1.053856e+02  1.510000e+00
     vertex  1.044141e+02 -1.055455e+02  1.510000e+00
   endloop
 endfacet
 facet normal  0.000000e+00  0.000000e+00  1.000000e+00
   outer loop
     vertex  1.240300e+02 -1.075898e+02  1.510000e+00
     vertex  1.044141e+02 -1.055455e+02  1.510000e+00
     vertex  1.268764e+02 -1.424164e+02  1.510000e+00
   endloop
 endfacet
 facet normal  0.000000e+00  0.000000e+00  1.000000e+00
   outer loop
     vertex  1.240300e+02 -1.075898e+02  1.510000e+00
     vertex  1.239679e+02 -1.075421e+02  1.510000e+00
     vertex  1.048000e+02 -1.053856e+02  1.510000e+00
   endloop
 endfacet
 facet normal  0.000000e+00  0.000000e+00  1.000000e+00
   outer loop
     vertex  1.240300e+02 -1.075898e+02  1.510000e+00
     vertex  1.268764e+02 -1.424164e+02  1.510000e+00
     vertex  1.269800e+02 -1.423370e+02  1.510000e+00
   endloop
 endfacet
 facet normal  0.000000e+00  0.000000e+00  1.000000e+00
   outer loop
     vertex  1.239202e+02 -1.074800e+02  1.510000e+00
     vertex  1.051314e+02 -1.051314e+02  1.510000e+00
     vertex  1.239679e+02 -1.075421e+02  1.510000e+00
   endloop
 endfacet
 facet normal  0.000000e+00  0.000000e+00  1.000000e+00
   outer loop
     vertex  1.241024e+02 -1.076198e+02  1.510000e+00
     vertex  1.240300e+02 -1.075898e+02  1.510000e+00
     vertex  1.269800e+02 -1.423370e+02  1.510000e+00
   endloop
 endfacet
 facet normal  0.000000e+00  0.000000e+00  1.000000e+00
   outer loop
     vertex  1.241024e+02 -1.076198e+02  1.510000e+00
     vertex  1.269800e+02 -1.423370e+02  1.510000e+00
     vertex  1.271006e+02 -1.422870e+02  1.510000e+00
   endloop
 endfacet
 facet normal  0.000000e+00  0.000000e+00  1.000000e+00
   outer loop
     vertex  1.238902e+02 -1.074076e+02  1.510000e+00
     vertex  1.051314e+02 -1.051314e+02  1.510000e+00
     vertex  1.239202e+02 -1.074800e+02  1.510000e+00
   endloop
 endfacet
 facet normal  0.000000e+00  0.000000e+00  1.000000e+00
   outer loop
     vertex  1.238902e+02 -1.074076e+02  1.510000e+00
     vertex  1.053856e+02 -1.048000e+02  1.510000e+00
     vertex  1.051314e+02 -1.051314e+02  1.510000e+00
   endloop
 endfacet
 facet normal  0.000000e+00  0.000000e+00  1.000000e+00
   outer loop
     vertex  1.238800e+02 -1.073300e+02  1.510000e+00
     vertex  1.055455e+02 -1.044141e+02  1.510000e+00
     vertex  1.053856e+02 -1.048000e+02  1.510000e+00
   endloop
 endfacet
 facet normal  0.000000e+00  0.000000e+00  1.000000e+00
   outer loop
     vertex  1.238800e+02 -1.073300e+02  1.510000e+00
     vertex  1.053856e+02 -1.048000e+02  1.510000e+00
     vertex  1.238902e+02 -1.074076e+02  1.510000e+00
   endloop
 endfacet
 facet normal  0.000000e+00  0.000000e+00  1.000000e+00
   outer loop
     vertex  1.241800e+02 -1.076300e+02  1.510000e+00
     vertex  1.241024e+02 -1.076198e+02  1.510000e+00
     vertex  1.271006e+02 -1.422870e+02  1.510000e+00
   endloop
 endfacet
 facet normal  0.000000e+00  0.000000e+00  1.000000e+00
   outer loop
     vertex  1.241800e+02 -1.076300e+02  1.510000e+00
     vertex  1.271006e+02 -1.422870e+02  1.510000e+00
     vertex  1.272300e+02 -1.422700e+02  1.510000e+00
   endloop
 endfacet
 facet normal  0.000000e+00  0.000000e+00  1.000000e+00
   outer loop
     vertex  1.242576e+02 -1.076198e+02  1.510000e+00
     vertex  1.241800e+02 -1.076300e+02  1.510000e+00
     vertex  1.272300e+02 -1.422700e+02  1.510000e+00
   endloop
 endfacet
 facet normal  0.000000e+00  0.000000e+00  1.000000e+00
   outer loop
     vertex  1.238800e+02 -1.062300e+02  1.510000e+00
     vertex  1.056000e+02 -1.040000e+02  1.510000e+00
     vertex  1.055455e+02 -1.044141e+02  1.510000e+00
   endloop
 endfacet
 facet normal  0.000000e+00  0.000000e+00  1.000000e+00
   outer loop
     vertex  1.238800e+02 -1.062300e+02  1.510000e+00
     vertex  1.055455e+02 -1.044141e+02  1.510000e+00
     vertex  1.238800e+02 -1.073300e+02  1.510000e+00
   endloop
 endfacet
 facet normal  0.000000e+00  0.000000e+00  1.000000e+00
   outer loop
     vertex  1.238902e+02 -1.061524e+02  1.510000e+00
     vertex  1.056000e+02 -1.040000e+02  1.510000e+00
     vertex  1.238800e+02 -1.062300e+02  1.510000e+00
   endloop
 endfacet
 facet normal  0.000000e+00  0.000000e+00  1.000000e+00
   outer loop
     vertex  1.254475e+02 -1.065615e+02  1.510000e+00
     vertex  1.253802e+02 -1.065098e+02  1.510000e+00
     vertex  1.244800e+02 -1.073300e+02  1.510000e+00
   endloop
 endfacet
 facet normal  0.000000e+00  0.000000e+00  1.000000e+00
   outer loop
     vertex  1.253285e+02 -1.064425e+02  1.510000e+00
     vertex  1.244800e+02 -1.062300e+02  1.510000e+00
     vertex  1.244800e+02 -1.073300e+02  1.510000e+00
   endloop
 endfacet
 facet normal  0.000000e+00  0.000000e+00  1.000000e+00
   outer loop
     vertex  1.253285e+02 -1.064425e+02  1.510000e+00
     vertex  1.244800e+02 -1.073300e+02  1.510000e+00
     vertex  1.253802e+02 -1.065098e+02  1.510000e+00
   endloop
 endfacet
 facet normal  0.000000e+00  0.000000e+00  1.000000e+00
   outer loop
     vertex  1.255259e+02 -1.065939e+02  1.510000e+00
     vertex  1.244800e+02 -1.073300e+02  1.510000e+00
     vertex  1.244698e+02 -1.074076e+02  1.510000e+00
   endloop
 endfacet
 facet normal  0.000000e+00  0.000000e+00  1.000000e+00
   outer loop
     vertex  1.255259e+02 -1.065939e+02  1.510000e+00
     vertex  1.254475e+02 -1.065615e+02  1.510000e+00
     vertex  1.244800e+02 -1.073300e+02  1.510000e+00
   endloop
 endfacet
 facet normal  0.000000e+00  0.000000e+00  1.000000e+00
   outer loop
     vertex  1.252961e+02 -1.063641e+02  1.510000e+00
     vertex  1.244800e+02 -1.062300e+02  1.510000e+00
     vertex  1.253285e+02 -1.064425e+02  1.510000e+00
   endloop
 endfacet
 facet normal  0.000000e+00  0.000000e+00  1.000000e+00
   outer loop
     vertex  1.256100e+02 -1.066050e+02  1.510000e+00
     vertex  1.244698e+02 -1.074076e+02  1.510000e+00
     vertex  1.244398e+02 -1.074800e+02  1.510000e+00
   endloop
 endfacet
 facet normal  0.000000e+00  0.000000e+00  1.000000e+00
   outer loop
     vertex  1.256100e+02 -1.066050e+02  1.510000e+00
     vertex  1.255259e+02 -1.065939e+02  1.510000e+00
     vertex  1.244698e+02 -1.074076e+02  1.510000e+00
   endloop
 endfacet
 facet normal  0.000000e+00  0.000000e+00  1.000000e+00
   outer loop
     vertex  1.252850e+02 -1.062800e+02  1.510000e+00
     vertex  1.244800e+02 -1.062300e+02  1.510000e+00
     vertex  1.252961e+02 -1.063641e+02  1.510000e+00
   endloop
 endfacet
 facet normal  0.000000e+00  0.000000e+00  1.000000e+00
   outer loop
     vertex  1.256941e+02 -1.065939e+02  1.510000e+00
     vertex  1.244398e+02 -1.074800e+02  1.510000e+00
     vertex  1.243921e+02 -1.075421e+02  1.510000e+00
   endloop
 endfacet
 facet normal  0.000000e+00  0.000000e+00  1.000000e+00
   outer loop
     vertex  1.256941e+02 -1.065939e+02  1.510000e+00
     vertex  1.256100e+02 -1.066050e+02  1.510000e+00
     vertex  1.244398e+02 -1.074800e+02  1.510000e+00
   endloop
 endfacet
 facet normal  0.000000e+00  0.000000e+00  1.000000e+00
   outer loop
     vertex  1.252961e+02 -1.061959e+02  1.510000e+00
     vertex  1.244698e+02 -1.061524e+02  1.510000e+00
     vertex  1.244800e+02 -1.062300e+02  1.510000e+00
   endloop
 endfacet
 facet normal  0.000000e+00  0.000000e+00  1.000000e+00
   outer loop
     vertex  1.252961e+02 -1.061959e+02  1.510000e+00
     vertex  1.244800e+02 -1.062300e+02  1.510000e+00
     vertex  1.252850e+02 -1.062800e+02  1.510000e+00
   endloop
 endfacet
 facet normal  0.000000e+00  0.000000e+00  1.000000e+00
   outer loop
     vertex  1.257725e+02 -1.065615e+02  1.510000e+00
     vertex  1.256941e+02 -1.065939e+02  1.510000e+00
     vertex  1.243921e+02 -1.075421e+02  1.510000e+00
   endloop
 endfacet
 facet normal  0.000000e+00  0.000000e+00  1.000000e+00
   outer loop
     vertex  1.253285e+02 -1.061175e+02  1.510000e+00
     vertex  1.244398e+02 -1.060800e+02  1.510000e+00
     vertex  1.244698e+02 -1.061524e+02  1.510000e+00
   endloop
 endfacet
 facet normal  0.000000e+00  0.000000e+00  1.000000e+00
   outer loop
     vertex  1.253285e+02 -1.061175e+02  1.510000e+00
     vertex  1.244698e+02 -1.061524e+02  1.510000e+00
     vertex  1.252961e+02 -1.061959e+02  1.510000e+00
   endloop
 endfacet
 facet normal  0.000000e+00  0.000000e+00  1.000000e+00
   outer loop
     vertex  1.253802e+02 -1.060502e+02  1.510000e+00
     vertex  1.244398e+02 -1.060800e+02  1.510000e+00
     vertex  1.253285e+02 -1.061175e+02  1.510000e+00
   endloop
 endfacet
 facet normal  0.000000e+00  0.000000e+00  1.000000e+00
   outer loop
     vertex  1.253802e+02 -1.060502e+02  1.510000e+00
     vertex  1.243921e+02 -1.060179e+02  1.510000e+00
     vertex  1.244398e+02 -1.060800e+02  1.510000e+00
   endloop
 endfacet
 facet normal  0.000000e+00  0.000000e+00  1.000000e+00
   outer loop
     vertex  1.254475e+02 -1.059985e+02  1.510000e+00
     vertex  1.243300e+02 -1.059702e+02  1.510000e+00
     vertex  1.243921e+02 -1.060179e+02  1.510000e+00
   endloop
 endfacet
 facet normal  0.000000e+00  0.000000e+00  1.000000e+00
   outer loop
     vertex  1.254475e+02 -1.059985e+02  1.510000e+00
     vertex  1.243921e+02 -1.060179e+02  1.510000e+00
     vertex  1.253802e+02 -1.060502e+02  1.510000e+00
   endloop
 endfacet
 facet normal  0.000000e+00  0.000000e+00  1.000000e+00
   outer loop
     vertex  1.255259e+02 -1.059661e+02  1.510000e+00
     vertex  1.243300e+02 -1.059702e+02  1.510000e+00
     vertex  1.254475e+02 -1.059985e+02  1.510000e+00
   endloop
 endfacet
 facet normal  0.000000e+00  0.000000e+00  1.000000e+00
   outer loop
     vertex  1.240300e+02 -1.032598e+02  1.510000e+00
     vertex  1.239679e+02 -1.060179e+02  1.510000e+00
     vertex  1.240300e+02 -1.059702e+02  1.510000e+00
   endloop
 endfacet
 facet normal  0.000000e+00  0.000000e+00  1.000000e+00
   outer loop
     vertex  1.240300e+02 -1.032598e+02  1.510000e+00
     vertex  1.240300e+02 -1.059702e+02  1.510000e+00
     vertex  1.241024e+02 -1.059402e+02  1.510000e+00
   endloop
 endfacet
 facet normal  0.000000e+00  0.000000e+00  1.000000e+00
   outer loop
     vertex  1.240300e+02 -1.032598e+02  1.510000e+00
     vertex  1.239679e+02 -1.032121e+02  1.510000e+00
     vertex  1.239679e+02 -1.060179e+02  1.510000e+00
   endloop
 endfacet
 facet normal  0.000000e+00  0.000000e+00  1.000000e+00
   outer loop
     vertex  1.239202e+02 -1.031500e+02  1.510000e+00
     vertex  1.239202e+02 -1.060800e+02  1.510000e+00
     vertex  1.239679e+02 -1.060179e+02  1.510000e+00
   endloop
 endfacet
 facet normal  0.000000e+00  0.000000e+00  1.000000e+00
   outer loop
     vertex  1.239202e+02 -1.031500e+02  1.510000e+00
     vertex  1.239679e+02 -1.060179e+02  1.510000e+00
     vertex  1.239679e+02 -1.032121e+02  1.510000e+00
   endloop
 endfacet
 facet normal  0.000000e+00  0.000000e+00  1.000000e+00
   outer loop
     vertex  1.241024e+02 -1.032898e+02  1.510000e+00
     vertex  1.240300e+02 -1.032598e+02  1.510000e+00
     vertex  1.241024e+02 -1.059402e+02  1.510000e+00
   endloop
 endfacet
 facet normal  0.000000e+00  0.000000e+00  1.000000e+00
   outer loop
     vertex  1.238902e+02 -1.030776e+02  1.510000e+00
     vertex  1.238902e+02 -1.061524e+02  1.510000e+00
     vertex  1.239202e+02 -1.060800e+02  1.510000e+00
   endloop
 endfacet
 facet normal  0.000000e+00  0.000000e+00  1.000000e+00
   outer loop
     vertex  1.238902e+02 -1.030776e+02  1.510000e+00
     vertex  1.239202e+02 -1.060800e+02  1.510000e+00
     vertex  1.239202e+02 -1.031500e+02  1.510000e+00
   endloop
 endfacet
 facet normal  0.000000e+00  0.000000e+00  1.000000e+00
   outer loop
     vertex  1.238902e+02 -1.030776e+02  1.510000e+00
     vertex  1.056000e+02 -1.040000e+02  1.510000e+00
     vertex  1.238902e+02 -1.061524e+02  1.510000e+00
   endloop
 endfacet
 facet normal  0.000000e+00  0.000000e+00  1.000000e+00
   outer loop
     vertex  1.238800e+02 -1.030000e+02  1.510000e+00
     vertex  1.056000e+02 -1.040000e+02  1.510000e+00
     vertex  1.238902e+02 -1.030776e+02  1.510000e+00
   endloop
 endfacet
 facet normal  0.000000e+00  0.000000e+00  1.000000e+00
   outer loop
     vertex  1.241800e+02 -1.033000e+02  1.510000e+00
     vertex  1.241024e+02 -1.059402e+02  1.510000e+00
     vertex  1.241800e+02 -1.059300e+02  1.510000e+00
   endloop
 endfacet
 facet normal  0.000000e+00  0.000000e+00  1.000000e+00
   outer loop
     vertex  1.241800e+02 -1.033000e+02  1.510000e+00
     vertex  1.241024e+02 -1.032898e+02  1.510000e+00
     vertex  1.241024e+02 -1.059402e+02  1.510000e+00
   endloop
 endfacet
 facet normal  0.000000e+00  0.000000e+00  1.000000e+00
   outer loop
     vertex  1.242576e+02 -1.032898e+02  1.510000e+00
     vertex  1.241800e+02 -1.059300e+02  1.510000e+00
     vertex  1.242576e+02 -1.059402e+02  1.510000e+00
   endloop
 endfacet
 facet normal  0.000000e+00  0.000000e+00  1.000000e+00
   outer loop
     vertex  1.242576e+02 -1.032898e+02  1.510000e+00
     vertex  1.241800e+02 -1.033000e+02  1.510000e+00
     vertex  1.241800e+02 -1.059300e+02  1.510000e+00
   endloop
 endfacet
 facet normal  0.000000e+00  0.000000e+00  1.000000e+00
   outer loop
     vertex  1.243300e+02 -1.032598e+02  1.510000e+00
     vertex  1.243300e+02 -1.059702e+02  1.510000e+00
     vertex  1.255259e+02 -1.059661e+02  1.510000e+00
   endloop
 endfacet
 facet normal  0.000000e+00  0.000000e+00  1.000000e+00
   outer loop
     vertex  1.243300e+02 -1.032598e+02  1.510000e+00
     vertex  1.242576e+02 -1.059402e+02  1.510000e+00
     vertex  1.243300e+02 -1.059702e+02  1.510000e+00
   endloop
 endfacet
 facet normal  0.000000e+00  0.000000e+00  1.000000e+00
   outer loop
     vertex  1.243300e+02 -1.032598e+02  1.510000e+00
     vertex  1.242576e+02 -1.032898e+02  1.510000e+00
     vertex  1.242576e+02 -1.059402e+02  1.510000e+00
   endloop
 endfacet
 facet normal  0.000000e+00  0.000000e+00  1.000000e+00
   outer loop
     vertex  1.243921e+02 -1.032121e+02  1.510000e+00
     vertex  1.243300e+02 -1.032598e+02  1.510000e+00
     vertex  1.255259e+02 -1.059661e+02  1.510000e+00
   endloop
 endfacet
 facet normal  0.000000e+00  0.000000e+00  1.000000e+00
   outer loop
     vertex  1.243921e+02 -1.032121e+02  1.510000e+00
     vertex  1.255259e+02 -1.059661e+02  1.510000e+00
     vertex  1.256100e+02 -1.059550e+02  1.510000e+00
   endloop
 endfacet
 facet normal  0.000000e+00  0.000000e+00  1.000000e+00
   outer loop
     vertex  1.244398e+02 -1.031500e+02  1.510000e+00
     vertex  1.243921e+02 -1.032121e+02  1.510000e+00
     vertex  1.256100e+02 -1.059550e+02  1.510000e+00
   endloop
 endfacet
 facet normal  0.000000e+00  0.000000e+00  1.000000e+00
   outer loop
     vertex  1.244398e+02 -1.031500e+02  1.510000e+00
     vertex  1.256100e+02 -1.059550e+02  1.510000e+00
     vertex  1.256941e+02 -1.059661e+02  1.510000e+00
   endloop
 endfacet
 facet normal  0.000000e+00  0.000000e+00  1.000000e+00
   outer loop
     vertex  1.244698e+02 -1.030776e+02  1.510000e+00
     vertex  1.244398e+02 -1.031500e+02  1.510000e+00
     vertex  1.256941e+02 -1.059661e+02  1.510000e+00
   endloop
 endfacet
 facet normal  0.000000e+00  0.000000e+00  1.000000e+00
   outer loop
     vertex  1.244698e+02 -1.030776e+02  1.510000e+00
     vertex  1.256941e+02 -1.059661e+02  1.510000e+00
     vertex  1.257725e+02 -1.059985e+02  1.510000e+00
   endloop
 endfacet
 facet normal  0.000000e+00  0.000000e+00  1.000000e+00
   outer loop
     vertex  1.244800e+02 -1.030000e+02  1.510000e+00
     vertex  1.244698e+02 -1.030776e+02  1.510000e+00
     vertex  1.257725e+02 -1.059985e+02  1.510000e+00
   endloop
 endfacet
 facet normal  0.000000e+00  0.000000e+00  1.000000e+00
   outer loop
     vertex  1.244800e+02 -1.030000e+02  1.510000e+00
     vertex  1.257725e+02 -1.059985e+02  1.510000e+00
     vertex  1.258398e+02 -1.060502e+02  1.510000e+00
   endloop
 endfacet
 facet normal  0.000000e+00  0.000000e+00  1.000000e+00
   outer loop
     vertex  1.238800e+02 -1.022000e+02  1.510000e+00
     vertex  1.055455e+02 -1.035859e+02  1.510000e+00
     vertex  1.056000e+02 -1.040000e+02  1.510000e+00
   endloop
 endfacet
 facet normal  0.000000e+00  0.000000e+00  1.000000e+00
   outer loop
     vertex  1.238800e+02 -1.022000e+02  1.510000e+00
     vertex  1.056000e+02 -1.040000e+02  1.510000e+00
     vertex  1.238800e+02 -1.030000e+02  1.510000e+00
   endloop
 endfacet
 facet normal  0.000000e+00  0.000000e+00  1.000000e+00
   outer loop
     vertex  1.238902e+02 -1.021224e+02  1.510000e+00
     vertex  1.053856e+02 -1.032000e+02  1.510000e+00
     vertex  1.055455e+02 -1.035859e+02  1.510000e+00
   endloop
 endfacet
 facet normal  0.000000e+00  0.000000e+00  1.000000e+00
   outer loop
     vertex  1.238902e+02 -1.021224e+02  1.510000e+00
     vertex  1.055455e+02 -1.035859e+02  1.510000e+00
     vertex  1.238800e+02 -1.022000e+02  1.510000e+00
   endloop
 endfacet
 facet normal  0.000000e+00  0.000000e+00  1.000000e+00
   outer loop
     vertex  1.239202e+02 -1.020500e+02  1.510000e+00
     vertex  1.051314e+02 -1.028686e+02  1.510000e+00
     vertex  1.053856e+02 -1.032000e+02  1.510000e+00
   endloop
 endfacet
 facet normal  0.000000e+00  0.000000e+00  1.000000e+00
   outer loop
     vertex  1.239202e+02 -1.020500e+02  1.510000e+00
     vertex  1.053856e+02 -1.032000e+02  1.510000e+00
     vertex  1.238902e+02 -1.021224e+02  1.510000e+00
   endloop
 endfacet
 facet normal  0.000000e+00  0.000000e+00  1.000000e+00
   outer loop
     vertex  1.239679e+02 -1.019879e+02  1.510000e+00
     vertex  1.048000e+02 -1.026144e+02  1.510000e+00
     vertex  1.051314e+02 -1.028686e+02  1.510000e+00
   endloop
 endfacet
 facet normal  0.000000e+00  0.000000e+00  1.000000e+00
   outer loop
     vertex  1.239679e+02 -1.019879e+02  1.510000e+00
     vertex  1.051314e+02 -1.028686e+02  1.510000e+00
     vertex  1.239202e+02 -1.020500e+02  1.510000e+00
   endloop
 endfacet
 facet normal  0.000000e+00  0.000000e+00  1.000000e+00
   outer loop
     vertex  1.240300e+02 -1.019402e+02  1.510000e+00
     vertex  1.044141e+02 -1.024545e+02  1.510000e+00
     vertex  1.048000e+02 -1.026144e+02  1.510000e+00
   endloop
 endfacet
 facet normal  0.000000e+00  0.000000e+00  1.000000e+00
   outer loop
     vertex  1.240300e+02 -1.019402e+02  1.510000e+00
     vertex  1.000000e+02 -1.000000e+02  1.510000e+00
     vertex  1.044141e+02 -1.024545e+02  1.510000e+00
   endloop
 endfacet
 facet normal  0.000000e+00  0.000000e+00  1.000000e+00
   outer loop
     vertex  1.240300e+02 -1.019402e+02  1.510000e+00
     vertex  1.048000e+02 -1.026144e+02  1.510000e+00
     vertex  1.239679e+02 -1.019879e+02  1.510000e+00
   endloop
 endfacet
 facet normal  0.000000e+00  0.000000e+00  1.000000e+00
   outer loop
     vertex  1.241024e+02 -1.019102e+02  1.510000e+00
     vertex  1.000000e+02 -1.000000e+02  1.510000e+00
     vertex  1.240300e+02 -1.019402e+02  1.510000e+00
   endloop
 endfacet
 facet normal  0.000000e+00  0.000000e+00  1.000000e+00
   outer loop
     vertex  1.312275e+02 -1.065615e+02  1.510000e+00
     vertex  1.258398e+02 -1.065098e+02  1.510000e+00
     vertex  1.257725e+02 -1.065615e+02  1.510000e+00
   endloop
 endfacet
 facet normal  0.000000e+00  0.000000e+00  1.000000e+00
   outer loop
     vertex  1.312275e+02 -1.065615e+02  1.510000e+00
     vertex  1.311602e+02 -1.065098e+02  1.510000e+00
     vertex  1.258398e+02 -1.065098e+02  1.510000e+00
   endloop
 endfacet
 facet normal  0.000000e+00  0.000000e+00  1.000000e+00
   outer loop
     vertex  1.311085e+02 -1.064425e+02  1.510000e+00
     vertex  1.258915e+02 -1.064425e+02  1.510000e+00
     vertex  1.258398e+02 -1.065098e+02  1.510000e+00
   endloop
 endfacet
 facet normal  0.000000e+00  0.000000e+00  1.000000e+00
   outer loop
     vertex  1.311085e+02 -1.064425e+02  1.510000e+00
     vertex  1.258398e+02 -1.065098e+02  1.510000e+00
     vertex  1.311602e+02 -1.065098e+02  1.510000e+00
   endloop
 endfacet
 facet normal  0.000000e+00  0.000000e+00  1.000000e+00
   outer loop
     vertex  1.310761e+02 -1.063641e+02  1.510000e+00
     vertex  1.258915e+02 -1.064425e+02  1.510000e+00
     vertex  1.311085e+02 -1.064425e+02  1.510000e+00
   endloop
 endfacet
 facet normal  0.000000e+00  0.000000e+00  1.000000e+00
   outer loop
     vertex  1.310761e+02 -1.063641e+02  1.510000e+00
     vertex  1.259350e+02 -1.062800e+02  1.510000e+00
     vertex  1.259239e+02 -1.063641e+02  1.510000e+00
   endloop
 endfacet
 facet normal  0.000000e+00  0.000000e+00  1.000000e+00
   outer loop
     vertex  1.310761e+02 -1.063641e+02  1.510000e+00
     vertex  1.259239e+02 -1.063641e+02  1.510000e+00
     vertex  1.258915e+02 -1.064425e+02  1.510000e+00
   endloop
 endfacet
 facet normal  0.000000e+00  0.000000e+00  1.000000e+00
   outer loop
     vertex  1.310650e+02 -1.062800e+02  1.510000e+00
     vertex  1.259350e+02 -1.062800e+02  1.510000e+00
     vertex  1.310761e+02 -1.063641e+02  1.510000e+00
   endloop
 endfacet
 facet normal  0.000000e+00  0.000000e+00  1.000000e+00
   outer loop
     vertex  1.310761e+02 -1.061959e+02  1.510000e+00
     vertex  1.258915e+02 -1.061175e+02  1.510000e+00
     vertex  1.259239e+02 -1.061959e+02  1.510000e+00
   endloop
 endfacet
 facet normal  0.000000e+00  0.000000e+00  1.000000e+00
   outer loop
     vertex  1.310761e+02 -1.061959e+02  1.510000e+00
     vertex  1.259239e+02 -1.061959e+02  1.510000e+00
     vertex  1.259350e+02 -1.062800e+02  1.510000e+00
   endloop
 endfacet
 facet normal  0.000000e+00  0.000000e+00  1.000000e+00
   outer loop
     vertex  1.310761e+02 -1.061959e+02  1.510000e+00
     vertex  1.259350e+02 -1.062800e+02  1.510000e+00
     vertex  1.310650e+02 -1.062800e+02  1.510000e+00
   endloop
 endfacet
 facet normal  0.000000e+00  0.000000e+00  1.000000e+00
   outer loop
     vertex  1.311085e+02 -1.061175e+02  1.510000e+00
     vertex  1.258915e+02 -1.061175e+02  1.510000e+00
     vertex  1.310761e+02 -1.061959e+02  1.510000e+00
   endloop
 endfacet
 facet normal  0.000000e+00  0.000000e+00  1.000000e+00
   outer loop
     vertex  1.326079e+02 -1.075421e+02  1.510000e+00
     vertex  1.257725e+02 -1.065615e+02  1.510000e+00
     vertex  1.243921e+02 -1.075421e+02  1.510000e+00
   endloop
 endfacet
 facet normal  0.000000e+00  0.000000e+00  1.000000e+00
   outer loop
     vertex  1.326079e+02 -1.075421e+02  1.510000e+00
     vertex  1.312275e+02 -1.065615e+02  1.510000e+00
     vertex  1.257725e+02 -1.065615e+02  1.510000e+00
   endloop
 endfacet
 facet normal  0.000000e+00  0.000000e+00  1.000000e+00
   outer loop
     vertex  1.326079e+02 -1.075421e+02  1.510000e+00
     vertex  1.313059e+02 -1.065939e+02  1.510000e+00
     vertex  1.312275e+02 -1.065615e+02  1.510000e+00
   endloop
 endfacet
 facet normal  0.000000e+00  0.000000e+00  1.000000e+00
   outer loop
     vertex  1.326700e+02 -1.075898e+02  1.510000e+00
     vertex  1.243921e+02 -1.075421e+02  1.510000e+00
     vertex  1.243300e+02 -1.075898e+02  1.510000e+00
   endloop
 endfacet
 facet normal  0.000000e+00  0.000000e+00  1.000000e+00
   outer loop
     vertex  1.326700e+02 -1.075898e+02  1.510000e+00
     vertex  1.326079e+02 -1.075421e+02  1.510000e+00
     vertex  1.243921e+02 -1.075421e+02  1.510000e+00
   endloop
 endfacet
 facet normal  0.000000e+00  0.000000e+00  1.000000e+00
   outer loop
     vertex  1.325602e+02 -1.074800e+02  1.510000e+00
     vertex  1.313059e+02 -1.065939e+02  1.510000e+00
     vertex  1.326079e+02 -1.075421e+02  1.510000e+00
   endloop
 endfacet
 facet normal  0.000000e+00  0.000000e+00  1.000000e+00
   outer loop
     vertex  1.325602e+02 -1.074800e+02  1.510000e+00
     vertex  1.313900e+02 -1.066050e+02  1.510000e+00
     vertex  1.313059e+02 -1.065939e+02  1.510000e+00
   endloop
 endfacet
 facet normal  0.000000e+00  0.000000e+00  1.000000e+00
   outer loop
     vertex  1.311602e+02 -1.060502e+02  1.510000e+00
     vertex  1.244800e+02 -1.030000e+02  1.510000e+00
     vertex  1.258398e+02 -1.060502e+02  1.510000e+00
   endloop
 endfacet
 facet normal  0.000000e+00  0.000000e+00  1.000000e+00
   outer loop
     vertex  1.311602e+02 -1.060502e+02  1.510000e+00
     vertex  1.258398e+02 -1.060502e+02  1.510000e+00
     vertex  1.258915e+02 -1.061175e+02  1.510000e+00
   endloop
 endfacet
 facet normal  0.000000e+00  0.000000e+00  1.000000e+00
   outer loop
     vertex  1.311602e+02 -1.060502e+02  1.510000e+00
     vertex  1.258915e+02 -1.061175e+02  1.510000e+00
     vertex  1.311085e+02 -1.061175e+02  1.510000e+00
   endloop
 endfacet
 facet normal  0.000000e+00  0.000000e+00  1.000000e+00
   outer loop
     vertex  1.327424e+02 -1.076198e+02  1.510000e+00
     vertex  1.272300e+02 -1.422700e+02  1.510000e+00
     vertex  1.297700e+02 -1.422700e+02  1.510000e+00
   endloop
 endfacet
 facet normal  0.000000e+00  0.000000e+00  1.000000e+00
   outer loop
     vertex  1.327424e+02 -1.076198e+02  1.510000e+00
     vertex  1.243300e+02 -1.075898e+02  1.510000e+00
     vertex  1.242576e+02 -1.076198e+02  1.510000e+00
   endloop
 endfacet
 facet normal  0.000000e+00  0.000000e+00  1.000000e+00
   outer loop
     vertex  1.327424e+02 -1.076198e+02  1.510000e+00
     vertex  1.242576e+02 -1.076198e+02  1.510000e+00
     vertex  1.272300e+02 -1.422700e+02  1.510000e+00
   endloop
 endfacet
 facet normal  0.000000e+00  0.000000e+00  1.000000e+00
   outer loop
     vertex  1.327424e+02 -1.076198e+02  1.510000e+00
     vertex  1.326700e+02 -1.075898e+02  1.510000e+00
     vertex  1.243300e+02 -1.075898e+02  1.510000e+00
   endloop
 endfacet
 facet normal  0.000000e+00  0.000000e+00  1.000000e+00
   outer loop
     vertex  1.325302e+02 -1.074076e+02  1.510000e+00
     vertex  1.313900e+02 -1.066050e+02  1.510000e+00
     vertex  1.325602e+02 -1.074800e+02  1.510000e+00
   endloop
 endfacet
 facet normal  0.000000e+00  0.000000e+00  1.000000e+00
   outer loop
     vertex  1.325302e+02 -1.074076e+02  1.510000e+00
     vertex  1.314741e+02 -1.065939e+02  1.510000e+00
     vertex  1.313900e+02 -1.066050e+02  1.510000e+00
   endloop
 endfacet
 facet normal  0.000000e+00  0.000000e+00  1.000000e+00
   outer loop
     vertex  1.328200e+02 -1.076300e+02  1.510000e+00
     vertex  1.327424e+02 -1.076198e+02  1.510000e+00
     vertex  1.297700e+02 -1.422700e+02  1.510000e+00
   endloop
 endfacet
 facet normal  0.000000e+00  0.000000e+00  1.000000e+00
   outer loop
     vertex  1.328200e+02 -1.076300e+02  1.510000e+00
     vertex  1.297700e+02 -1.422700e+02  1.510000e+00
     vertex  1.298994e+02 -1.422870e+02  1.510000e+00
   endloop
 endfacet
 facet normal  0.000000e+00  0.000000e+00  1.000000e+00
   outer loop
     vertex  1.325200e+02 -1.073300e+02  1.510000e+00
     vertex  1.314741e+02 -1.065939e+02  1.510000e+00
     vertex  1.325302e+02 -1.074076e+02  1.510000e+00
   endloop
 endfacet
 facet normal  0.000000e+00  0.000000e+00  1.000000e+00
   outer loop
     vertex  1.325200e+02 -1.073300e+02  1.510000e+00
     vertex  1.316198e+02 -1.065098e+02  1.510000e+00
     vertex  1.315525e+02 -1.065615e+02  1.510000e+00
   endloop
 endfacet
 facet normal  0.000000e+00  0.000000e+00  1.000000e+00
   outer loop
     vertex  1.325200e+02 -1.073300e+02  1.510000e+00
     vertex  1.315525e+02 -1.065615e+02  1.510000e+00
     vertex  1.314741e+02 -1.065939e+02  1.510000e+00
   endloop
 endfacet
 facet normal  0.000000e+00  0.000000e+00  1.000000e+00
   outer loop
     vertex  1.316715e+02 -1.064425e+02  1.510000e+00
     vertex  1.316198e+02 -1.065098e+02  1.510000e+00
     vertex  1.325200e+02 -1.073300e+02  1.510000e+00
   endloop
 endfacet
 facet normal  0.000000e+00  0.000000e+00  1.000000e+00
   outer loop
     vertex  1.328976e+02 -1.076198e+02  1.510000e+00
     vertex  1.328200e+02 -1.076300e+02  1.510000e+00
     vertex  1.298994e+02 -1.422870e+02  1.510000e+00
   endloop
 endfacet
 facet normal  0.000000e+00  0.000000e+00  1.000000e+00
   outer loop
     vertex  1.328976e+02 -1.076198e+02  1.510000e+00
     vertex  1.298994e+02 -1.422870e+02  1.510000e+00
     vertex  1.300200e+02 -1.423370e+02  1.510000e+00
   endloop
 endfacet
 facet normal  0.000000e+00  0.000000e+00  1.000000e+00
   outer loop
     vertex  1.329700e+02 -1.075898e+02  1.510000e+00
     vertex  1.328976e+02 -1.076198e+02  1.510000e+00
     vertex  1.300200e+02 -1.423370e+02  1.510000e+00
   endloop
 endfacet
 facet normal  0.000000e+00  0.000000e+00  1.000000e+00
   outer loop
     vertex  1.329700e+02 -1.075898e+02  1.510000e+00
     vertex  1.300200e+02 -1.423370e+02  1.510000e+00
     vertex  1.301236e+02 -1.424164e+02  1.510000e+00
   endloop
 endfacet
 facet normal  0.000000e+00  0.000000e+00  1.000000e+00
   outer loop
     vertex  1.325200e+02 -1.062300e+02  1.510000e+00
     vertex  1.317039e+02 -1.061959e+02  1.510000e+00
     vertex  1.317150e+02 -1.062800e+02  1.510000e+00
   endloop
 endfacet
 facet normal  0.000000e+00  0.000000e+00  1.000000e+00
   outer loop
     vertex  1.325200e+02 -1.062300e+02  1.510000e+00
     vertex  1.317150e+02 -1.062800e+02  1.510000e+00
     vertex  1.317039e+02 -1.063641e+02  1.510000e+00
   endloop
 endfacet
 facet normal  0.000000e+00  0.000000e+00  1.000000e+00
   outer loop
     vertex  1.325200e+02 -1.062300e+02  1.510000e+00
     vertex  1.317039e+02 -1.063641e+02  1.510000e+00
     vertex  1.316715e+02 -1.064425e+02  1.510000e+00
   endloop
 endfacet
 facet normal  0.000000e+00  0.000000e+00  1.000000e+00
   outer loop
     vertex  1.325200e+02 -1.062300e+02  1.510000e+00
     vertex  1.316715e+02 -1.064425e+02  1.510000e+00
     vertex  1.325200e+02 -1.073300e+02  1.510000e+00
   endloop
 endfacet
 facet normal  0.000000e+00  0.000000e+00  1.000000e+00
   outer loop
     vertex  1.325302e+02 -1.061524e+02  1.510000e+00
     vertex  1.316715e+02 -1.061175e+02  1.510000e+00
     vertex  1.317039e+02 -1.061959e+02  1.510000e+00
   endloop
 endfacet
 facet normal  0.000000e+00  0.000000e+00  1.000000e+00
   outer loop
     vertex  1.325302e+02 -1.061524e+02  1.510000e+00
     vertex  1.317039e+02 -1.061959e+02  1.510000e+00
     vertex  1.325200e+02 -1.062300e+02  1.510000e+00
   endloop
 endfacet
 facet normal  0.000000e+00  0.000000e+00  1.000000e+00
   outer loop
     vertex  1.325602e+02 -1.060800e+02  1.510000e+00
     vertex  1.316198e+02 -1.060502e+02  1.510000e+00
     vertex  1.316715e+02 -1.061175e+02  1.510000e+00
   endloop
 endfacet
 facet normal  0.000000e+00  0.000000e+00  1.000000e+00
   outer loop
     vertex  1.325602e+02 -1.060800e+02  1.510000e+00
     vertex  1.316715e+02 -1.061175e+02  1.510000e+00
     vertex  1.325302e+02 -1.061524e+02  1.510000e+00
   endloop
 endfacet
 facet normal  0.000000e+00  0.000000e+00  1.000000e+00
   outer loop
     vertex  1.326079e+02 -1.060179e+02  1.510000e+00
     vertex  1.315525e+02 -1.059985e+02  1.510000e+00
     vertex  1.316198e+02 -1.060502e+02  1.510000e+00
   endloop
 endfacet
 facet normal  0.000000e+00  0.000000e+00  1.000000e+00
   outer loop
     vertex  1.326079e+02 -1.060179e+02  1.510000e+00
     vertex  1.316198e+02 -1.060502e+02  1.510000e+00
     vertex  1.325602e+02 -1.060800e+02  1.510000e+00
   endloop
 endfacet
 facet normal  0.000000e+00  0.000000e+00  1.000000e+00
   outer loop
     vertex  1.326700e+02 -1.059702e+02  1.510000e+00
     vertex  1.314741e+02 -1.059661e+02  1.510000e+00
     vertex  1.315525e+02 -1.059985e+02  1.510000e+00
   endloop
 endfacet
 facet normal  0.000000e+00  0.000000e+00  1.000000e+00
   outer loop
     vertex  1.326700e+02 -1.059702e+02  1.510000e+00
     vertex  1.315525e+02 -1.059985e+02  1.510000e+00
     vertex  1.326079e+02 -1.060179e+02  1.510000e+00
   endloop
 endfacet
 facet normal  0.000000e+00  0.000000e+00  1.000000e+00
   outer loop
     vertex  1.325954e+02 -1.031989e+02  1.510000e+00
     vertex  1.313059e+02 -1.059661e+02  1.510000e+00
     vertex  1.313900e+02 -1.059550e+02  1.510000e+00
   endloop
 endfacet
 facet normal  0.000000e+00  0.000000e+00  1.000000e+00
   outer loop
     vertex  1.326496e+02 -1.032469e+02  1.510000e+00
     vertex  1.313900e+02 -1.059550e+02  1.510000e+00
     vertex  1.314741e+02 -1.059661e+02  1.510000e+00
   endloop
 endfacet
 facet normal  0.000000e+00  0.000000e+00  1.000000e+00
   outer loop
     vertex  1.326496e+02 -1.032469e+02  1.510000e+00
     vertex  1.325954e+02 -1.031989e+02  1.510000e+00
     vertex  1.313900e+02 -1.059550e+02  1.510000e+00
   endloop
 endfacet
 facet normal  0.000000e+00  0.000000e+00  1.000000e+00
   outer loop
     vertex  1.325544e+02 -1.031394e+02  1.510000e+00
     vertex  1.313059e+02 -1.059661e+02  1.510000e+00
     vertex  1.325954e+02 -1.031989e+02  1.510000e+00
   endloop
 endfacet
 facet normal  0.000000e+00  0.000000e+00  1.000000e+00
   outer loop
     vertex  1.327136e+02 -1.032805e+02  1.510000e+00
     vertex  1.326700e+02 -1.059702e+02  1.510000e+00
     vertex  1.327424e+02 -1.059402e+02  1.510000e+00
   endloop
 endfacet
 facet normal  0.000000e+00  0.000000e+00  1.000000e+00
   outer loop
     vertex  1.327136e+02 -1.032805e+02  1.510000e+00
     vertex  1.314741e+02 -1.059661e+02  1.510000e+00
     vertex  1.326700e+02 -1.059702e+02  1.510000e+00
   endloop
 endfacet
 facet normal  0.000000e+00  0.000000e+00  1.000000e+00
   outer loop
     vertex  1.327136e+02 -1.032805e+02  1.510000e+00
     vertex  1.326496e+02 -1.032469e+02  1.510000e+00
     vertex  1.314741e+02 -1.059661e+02  1.510000e+00
   endloop
 endfacet
 facet normal  0.000000e+00  0.000000e+00  1.000000e+00
   outer loop
     vertex  1.325287e+02 -1.030718e+02  1.510000e+00
     vertex  1.312275e+02 -1.059985e+02  1.510000e+00
     vertex  1.313059e+02 -1.059661e+02  1.510000e+00
   endloop
 endfacet
 facet normal  0.000000e+00  0.000000e+00  1.000000e+00
   outer loop
     vertex  1.325287e+02 -1.030718e+02  1.510000e+00
     vertex  1.313059e+02 -1.059661e+02  1.510000e+00
     vertex  1.325544e+02 -1.031394e+02  1.510000e+00
   endloop
 endfacet
 facet normal  0.000000e+00  0.000000e+00  1.000000e+00
   outer loop
     vertex  1.327838e+02 -1.032978e+02  1.510000e+00
     vertex  1.327424e+02 -1.059402e+02  1.510000e+00
     vertex  1.328200e+02 -1.059300e+02  1.510000e+00
   endloop
 endfacet
 facet normal  0.000000e+00  0.000000e+00  1.000000e+00
   outer loop
     vertex  1.327838e+02 -1.032978e+02  1.510000e+00
     vertex  1.327136e+02 -1.032805e+02  1.510000e+00
     vertex  1.327424e+02 -1.059402e+02  1.510000e+00
   endloop
 endfacet
 facet normal  0.000000e+00  0.000000e+00  1.000000e+00
   outer loop
     vertex  1.325200e+02 -1.030000e+02  1.510000e+00
     vertex  1.311602e+02 -1.060502e+02  1.510000e+00
     vertex  1.312275e+02 -1.059985e+02  1.510000e+00
   endloop
 endfacet
 facet normal  0.000000e+00  0.000000e+00  1.000000e+00
   outer loop
     vertex  1.325200e+02 -1.030000e+02  1.510000e+00
     vertex  1.244800e+02 -1.030000e+02  1.510000e+00
     vertex  1.311602e+02 -1.060502e+02  1.510000e+00
   endloop
 endfacet
 facet normal  0.000000e+00  0.000000e+00  1.000000e+00
   outer loop
     vertex  1.325200e+02 -1.030000e+02  1.510000e+00
     vertex  1.244800e+02 -1.022000e+02  1.510000e+00
     vertex  1.244800e+02 -1.030000e+02  1.510000e+00
   endloop
 endfacet
 facet normal  0.000000e+00  0.000000e+00  1.000000e+00
   outer loop
     vertex  1.325200e+02 -1.030000e+02  1.510000e+00
     vertex  1.312275e+02 -1.059985e+02  1.510000e+00
     vertex  1.325287e+02 -1.030718e+02  1.510000e+00
   endloop
 endfacet
 facet normal  0.000000e+00  0.000000e+00  1.000000e+00
   outer loop
     vertex  1.328562e+02 -1.032978e+02  1.510000e+00
     vertex  1.328200e+02 -1.059300e+02  1.510000e+00
     vertex  1.328976e+02 -1.059402e+02  1.510000e+00
   endloop
 endfacet
 facet normal  0.000000e+00  0.000000e+00  1.000000e+00
   outer loop
     vertex  1.328562e+02 -1.032978e+02  1.510000e+00
     vertex  1.327838e+02 -1.032978e+02  1.510000e+00
     vertex  1.328200e+02 -1.059300e+02  1.510000e+00
   endloop
 endfacet
 facet normal  0.000000e+00  0.000000e+00  1.000000e+00
   outer loop
     vertex  1.329264e+02 -1.032805e+02  1.510000e+00
     vertex  1.328562e+02 -1.032978e+02  1.510000e+00
     vertex  1.328976e+02 -1.059402e+02  1.510000e+00
   endloop
 endfacet
 facet normal  0.000000e+00  0.000000e+00  1.000000e+00
   outer loop
     vertex  1.329264e+02 -1.032805e+02  1.510000e+00
     vertex  1.328976e+02 -1.059402e+02  1.510000e+00
     vertex  1.329700e+02 -1.059702e+02  1.510000e+00
   endloop
 endfacet
 facet normal  0.000000e+00  0.000000e+00  1.000000e+00
   outer loop
     vertex  1.329904e+02 -1.032469e+02  1.510000e+00
     vertex  1.329700e+02 -1.059702e+02  1.510000e+00
     vertex  1.330321e+02 -1.060179e+02  1.510000e+00
   endloop
 endfacet
 facet normal  0.000000e+00  0.000000e+00  1.000000e+00
   outer loop
     vertex  1.329904e+02 -1.032469e+02  1.510000e+00
     vertex  1.329264e+02 -1.032805e+02  1.510000e+00
     vertex  1.329700e+02 -1.059702e+02  1.510000e+00
   endloop
 endfacet
 facet normal  0.000000e+00  0.000000e+00  1.000000e+00
   outer loop
     vertex  1.330446e+02 -1.031989e+02  1.510000e+00
     vertex  1.330321e+02 -1.060179e+02  1.510000e+00
     vertex  1.330798e+02 -1.060800e+02  1.510000e+00
   endloop
 endfacet
 facet normal  0.000000e+00  0.000000e+00  1.000000e+00
   outer loop
     vertex  1.330446e+02 -1.031989e+02  1.510000e+00
     vertex  1.329904e+02 -1.032469e+02  1.510000e+00
     vertex  1.330321e+02 -1.060179e+02  1.510000e+00
   endloop
 endfacet
 facet normal  0.000000e+00  0.000000e+00  1.000000e+00
   outer loop
     vertex  1.330856e+02 -1.031394e+02  1.510000e+00
     vertex  1.330798e+02 -1.060800e+02  1.510000e+00
     vertex  1.331098e+02 -1.061524e+02  1.510000e+00
   endloop
 endfacet
 facet normal  0.000000e+00  0.000000e+00  1.000000e+00
   outer loop
     vertex  1.330856e+02 -1.031394e+02  1.510000e+00
     vertex  1.330446e+02 -1.031989e+02  1.510000e+00
     vertex  1.330798e+02 -1.060800e+02  1.510000e+00
   endloop
 endfacet
 facet normal  0.000000e+00  0.000000e+00  1.000000e+00
   outer loop
     vertex  1.331113e+02 -1.030718e+02  1.510000e+00
     vertex  1.330856e+02 -1.031394e+02  1.510000e+00
     vertex  1.331098e+02 -1.061524e+02  1.510000e+00
   endloop
 endfacet
 facet normal  0.000000e+00  0.000000e+00  1.000000e+00
   outer loop
     vertex  1.325200e+02 -1.022000e+02  1.510000e+00
     vertex  1.244698e+02 -1.021224e+02  1.510000e+00
     vertex  1.244800e+02 -1.022000e+02  1.510000e+00
   endloop
 endfacet
 facet normal  0.000000e+00  0.000000e+00  1.000000e+00
   outer loop
     vertex  1.325200e+02 -1.022000e+02  1.510000e+00
     vertex  1.244800e+02 -1.022000e+02  1.510000e+00
     vertex  1.325200e+02 -1.030000e+02  1.510000e+00
   endloop
 endfacet
 facet normal  0.000000e+00  0.000000e+00  1.000000e+00
   outer loop
     vertex  1.325302e+02 -1.021224e+02  1.510000e+00
     vertex  1.244698e+02 -1.021224e+02  1.510000e+00
     vertex  1.325200e+02 -1.022000e+02  1.510000e+00
   endloop
 endfacet
 facet normal  0.000000e+00  0.000000e+00  1.000000e+00
   outer loop
     vertex  1.325602e+02 -1.020500e+02  1.510000e+00
     vertex  1.244698e+02 -1.021224e+02  1.510000e+00
     vertex  1.325302e+02 -1.021224e+02  1.510000e+00
   endloop
 endfacet
 facet normal  0.000000e+00  0.000000e+00  1.000000e+00
   outer loop
     vertex  1.325602e+02 -1.020500e+02  1.510000e+00
     vertex  1.244398e+02 -1.020500e+02  1.510000e+00
     vertex  1.244698e+02 -1.021224e+02  1.510000e+00
   endloop
 endfacet
 facet normal  0.000000e+00  0.000000e+00  1.000000e+00
   outer loop
     vertex  1.326079e+02 -1.019879e+02  1.510000e+00
     vertex  1.244398e+02 -1.020500e+02  1.510000e+00
     vertex  1.325602e+02 -1.020500e+02  1.510000e+00
   endloop
 endfacet
 facet normal  0.000000e+00  0.000000e+00  1.000000e+00
   outer loop
     vertex  1.326079e+02 -1.019879e+02  1.510000e+00
     vertex  1.243921e+02 -1.019879e+02  1.510000e+00
     vertex  1.244398e+02 -1.020500e+02  1.510000e+00
   endloop
 endfacet
 facet normal  0.000000e+00  0.000000e+00  1.000000e+00
   outer loop
     vertex  1.326700e+02 -1.019402e+02  1.510000e+00
     vertex  1.243921e+02 -1.019879e+02  1.510000e+00
     vertex  1.326079e+02 -1.019879e+02  1.510000e+00
   endloop
 endfacet
 facet normal  0.000000e+00  0.000000e+00  1.000000e+00
   outer loop
     vertex  1.326700e+02 -1.019402e+02  1.510000e+00
     vertex  1.243300e+02 -1.019402e+02  1.510000e+00
     vertex  1.243921e+02 -1.019879e+02  1.510000e+00
   endloop
 endfacet
 facet normal  0.000000e+00  0.000000e+00  1.000000e+00
   outer loop
     vertex  1.327424e+02 -1.019102e+02  1.510000e+00
     vertex  1.243300e+02 -1.019402e+02  1.510000e+00
     vertex  1.326700e+02 -1.019402e+02  1.510000e+00
   endloop
 endfacet
 facet normal  0.000000e+00  0.000000e+00  1.000000e+00
   outer loop
     vertex  1.327424e+02 -1.019102e+02  1.510000e+00
     vertex  1.242576e+02 -1.019102e+02  1.510000e+00
     vertex  1.243300e+02 -1.019402e+02  1.510000e+00
   endloop
 endfacet
 facet normal  0.000000e+00  0.000000e+00  1.000000e+00
   outer loop
     vertex  1.518686e+02 -1.051314e+02  1.510000e+00
     vertex  1.331098e+02 -1.074076e+02  1.510000e+00
     vertex  1.330798e+02 -1.074800e+02  1.510000e+00
   endloop
 endfacet
 facet normal  0.000000e+00  0.000000e+00  1.000000e+00
   outer loop
     vertex  1.518686e+02 -1.051314e+02  1.510000e+00
     vertex  1.330798e+02 -1.074800e+02  1.510000e+00
     vertex  1.330321e+02 -1.075421e+02  1.510000e+00
   endloop
 endfacet
 facet normal  0.000000e+00  0.000000e+00  1.000000e+00
   outer loop
     vertex  1.522000e+02 -1.053856e+02  1.510000e+00
     vertex  1.330321e+02 -1.075421e+02  1.510000e+00
     vertex  1.329700e+02 -1.075898e+02  1.510000e+00
   endloop
 endfacet
 facet normal  0.000000e+00  0.000000e+00  1.000000e+00
   outer loop
     vertex  1.522000e+02 -1.053856e+02  1.510000e+00
     vertex  1.518686e+02 -1.051314e+02  1.510000e+00
     vertex  1.330321e+02 -1.075421e+02  1.510000e+00
   endloop
 endfacet
 facet normal  0.000000e+00  0.000000e+00  1.000000e+00
   outer loop
     vertex  1.516144e+02 -1.048000e+02  1.510000e+00
     vertex  1.331200e+02 -1.073300e+02  1.510000e+00
     vertex  1.331098e+02 -1.074076e+02  1.510000e+00
   endloop
 endfacet
 facet normal  0.000000e+00  0.000000e+00  1.000000e+00
   outer loop
     vertex  1.516144e+02 -1.048000e+02  1.510000e+00
     vertex  1.331098e+02 -1.074076e+02  1.510000e+00
     vertex  1.518686e+02 -1.051314e+02  1.510000e+00
   endloop
 endfacet
 facet normal  0.000000e+00  0.000000e+00  1.000000e+00
   outer loop
     vertex  1.525859e+02 -1.055455e+02  1.510000e+00
     vertex  1.522000e+02 -1.053856e+02  1.510000e+00
     vertex  1.329700e+02 -1.075898e+02  1.510000e+00
   endloop
 endfacet
 facet normal  0.000000e+00  0.000000e+00  1.000000e+00
   outer loop
     vertex  1.525859e+02 -1.055455e+02  1.510000e+00
     vertex  1.329700e+02 -1.075898e+02  1.510000e+00
     vertex  1.301236e+02 -1.424164e+02  1.510000e+00
   endloop
 endfacet
 facet normal  0.000000e+00  0.000000e+00  1.000000e+00
   outer loop
     vertex  1.525859e+02 -1.055455e+02  1.510000e+00
     vertex  1.301236e+02 -1.424164e+02  1.510000e+00
     vertex  1.302030e+02 -1.425200e+02  1.510000e+00
   endloop
 endfacet
 facet normal  0.000000e+00  0.000000e+00  1.000000e+00
   outer loop
     vertex  1.525859e+02 -1.055455e+02  1.510000e+00
     vertex  1.302030e+02 -1.425200e+02  1.510000e+00
     vertex  1.525859e+02 -1.514545e+02  1.510000e+00
   endloop
 endfacet
 facet normal  0.000000e+00  0.000000e+00  1.000000e+00
   outer loop
     vertex  1.514545e+02 -1.044141e+02  1.510000e+00
     vertex  1.331200e+02 -1.062300e+02  1.510000e+00
     vertex  1.331200e+02 -1.073300e+02  1.510000e+00
   endloop
 endfacet
 facet normal  0.000000e+00  0.000000e+00  1.000000e+00
   outer loop
     vertex  1.514545e+02 -1.044141e+02  1.510000e+00
     vertex  1.331200e+02 -1.073300e+02  1.510000e+00
     vertex  1.516144e+02 -1.048000e+02  1.510000e+00
   endloop
 endfacet
 facet normal  0.000000e+00  0.000000e+00  1.000000e+00
   outer loop
     vertex  1.530000e+02 -1.056000e+02  1.510000e+00
     vertex  1.525859e+02 -1.055455e+02  1.510000e+00
     vertex  1.525859e+02 -1.514545e+02  1.510000e+00
   endloop
 endfacet
 facet normal  0.000000e+00  0.000000e+00  1.000000e+00
   outer loop
     vertex  1.530000e+02 -1.056000e+02  1.510000e+00
     vertex  1.525859e+02 -1.514545e+02  1.510000e+00
     vertex  1.530000e+02 -1.514000e+02  1.510000e+00
   endloop
 endfacet
 facet normal  0.000000e+00  0.000000e+00  1.000000e+00
   outer loop
     vertex  1.514000e+02 -1.040000e+02  1.510000e+00
     vertex  1.331113e+02 -1.030718e+02  1.510000e+00
     vertex  1.331098e+02 -1.061524e+02  1.510000e+00
   endloop
 endfacet
 facet normal  0.000000e+00  0.000000e+00  1.000000e+00
   outer loop
     vertex  1.514000e+02 -1.040000e+02  1.510000e+00
     vertex  1.331200e+02 -1.062300e+02  1.510000e+00
     vertex  1.514545e+02 -1.044141e+02  1.510000e+00
   endloop
 endfacet
 facet normal  0.000000e+00  0.000000e+00  1.000000e+00
   outer loop
     vertex  1.514000e+02 -1.040000e+02  1.510000e+00
     vertex  1.331098e+02 -1.061524e+02  1.510000e+00
     vertex  1.331200e+02 -1.062300e+02  1.510000e+00
   endloop
 endfacet
 facet normal  0.000000e+00  0.000000e+00  1.000000e+00
   outer loop
     vertex  1.514000e+02 -1.040000e+02  1.510000e+00
     vertex  1.331200e+02 -1.022000e+02  1.510000e+00
     vertex  1.331200e+02 -1.030000e+02  1.510000e+00
   endloop
 endfacet
 facet normal  0.000000e+00  0.000000e+00  1.000000e+00
   outer loop
     vertex  1.514000e+02 -1.040000e+02  1.510000e+00
     vertex  1.331200e+02 -1.030000e+02  1.510000e+00
     vertex  1.331113e+02 -1.030718e+02  1.510000e+00
   endloop
 endfacet
 facet normal  0.000000e+00  0.000000e+00  1.000000e+00
   outer loop
     vertex  1.514545e+02 -1.035859e+02  1.510000e+00
     vertex  1.331200e+02 -1.022000e+02  1.510000e+00
     vertex  1.514000e+02 -1.040000e+02  1.510000e+00
   endloop
 endfacet
 facet normal  0.000000e+00  0.000000e+00  1.000000e+00
   outer loop
     vertex  1.514545e+02 -1.035859e+02  1.510000e+00
     vertex  1.331098e+02 -1.021224e+02  1.510000e+00
     vertex  1.331200e+02 -1.022000e+02  1.510000e+00
   endloop
 endfacet
 facet normal  0.000000e+00  0.000000e+00  1.000000e+00
   outer loop
     vertex  1.534141e+02 -1.055455e+02  1.510000e+00
     vertex  1.530000e+02 -1.056000e+02  1.510000e+00
     vertex  1.530000e+02 -1.514000e+02  1.510000e+00
   endloop
 endfacet
 facet normal  0.000000e+00  0.000000e+00  1.000000e+00
   outer loop
     vertex  1.534141e+02 -1.055455e+02  1.510000e+00
     vertex  1.530000e+02 -1.514000e+02  1.510000e+00
     vertex  1.534141e+02 -1.514545e+02  1.510000e+00
   endloop
 endfacet
 facet normal  0.000000e+00  0.000000e+00  1.000000e+00
   outer loop
     vertex  1.516144e+02 -1.032000e+02  1.510000e+00
     vertex  1.331098e+02 -1.021224e+02  1.510000e+00
     vertex  1.514545e+02 -1.035859e+02  1.510000e+00
   endloop
 endfacet
 facet normal  0.000000e+00  0.000000e+00  1.000000e+00
   outer loop
     vertex  1.516144e+02 -1.032000e+02  1.510000e+00
     vertex  1.330798e+02 -1.020500e+02  1.510000e+00
     vertex  1.331098e+02 -1.021224e+02  1.510000e+00
   endloop
 endfacet
 facet normal  0.000000e+00  0.000000e+00  1.000000e+00
   outer loop
     vertex  1.538000e+02 -1.053856e+02  1.510000e+00
     vertex  1.534141e+02 -1.055455e+02  1.510000e+00
     vertex  1.534141e+02 -1.514545e+02  1.510000e+00
   endloop
 endfacet
 facet normal  0.000000e+00  0.000000e+00  1.000000e+00
   outer loop
     vertex  1.538000e+02 -1.053856e+02  1.510000e+00
     vertex  1.534141e+02 -1.514545e+02  1.510000e+00
     vertex  1.538000e+02 -1.516144e+02  1.510000e+00
   endloop
 endfacet
 facet normal  0.000000e+00  0.000000e+00  1.000000e+00
   outer loop
     vertex  1.518686e+02 -1.028686e+02  1.510000e+00
     vertex  1.330321e+02 -1.019879e+02  1.510000e+00
     vertex  1.330798e+02 -1.020500e+02  1.510000e+00
   endloop
 endfacet
 facet normal  0.000000e+00  0.000000e+00  1.000000e+00
   outer loop
     vertex  1.518686e+02 -1.028686e+02  1.510000e+00
     vertex  1.330798e+02 -1.020500e+02  1.510000e+00
     vertex  1.516144e+02 -1.032000e+02  1.510000e+00
   endloop
 endfacet
 facet normal  0.000000e+00  0.000000e+00  1.000000e+00
   outer loop
     vertex  1.541314e+02 -1.051314e+02  1.510000e+00
     vertex  1.538000e+02 -1.053856e+02  1.510000e+00
     vertex  1.538000e+02 -1.516144e+02  1.510000e+00
   endloop
 endfacet
 facet normal  0.000000e+00  0.000000e+00  1.000000e+00
   outer loop
     vertex  1.541314e+02 -1.051314e+02  1.510000e+00
     vertex  1.538000e+02 -1.516144e+02  1.510000e+00
     vertex  1.541314e+02 -1.518686e+02  1.510000e+00
   endloop
 endfacet
 facet normal  0.000000e+00  0.000000e+00  1.000000e+00
   outer loop
     vertex  1.522000e+02 -1.026144e+02  1.510000e+00
     vertex  1.329700e+02 -1.019402e+02  1.510000e+00
     vertex  1.330321e+02 -1.019879e+02  1.510000e+00
   endloop
 endfacet
 facet normal  0.000000e+00  0.000000e+00  1.000000e+00
   outer loop
     vertex  1.522000e+02 -1.026144e+02  1.510000e+00
     vertex  1.330321e+02 -1.019879e+02  1.510000e+00
     vertex  1.518686e+02 -1.028686e+02  1.510000e+00
   endloop
 endfacet
 facet normal  0.000000e+00  0.000000e+00  1.000000e+00
   outer loop
     vertex  1.543856e+02 -1.048000e+02  1.510000e+00
     vertex  1.541314e+02 -1.051314e+02  1.510000e+00
     vertex  1.541314e+02 -1.518686e+02  1.510000e+00
   endloop
 endfacet
 facet normal  0.000000e+00  0.000000e+00  1.000000e+00
   outer loop
     vertex  1.543856e+02 -1.048000e+02  1.510000e+00
     vertex  1.541314e+02 -1.518686e+02  1.510000e+00
     vertex  1.543856e+02 -1.522000e+02  1.510000e+00
   endloop
 endfacet
 facet normal  0.000000e+00  0.000000e+00  1.000000e+00
   outer loop
     vertex  1.525859e+02 -1.024545e+02  1.510000e+00
     vertex  1.329700e+02 -1.019402e+02  1.510000e+00
     vertex  1.522000e+02 -1.026144e+02  1.510000e+00
   endloop
 endfacet
 facet normal  0.000000e+00  0.000000e+00  1.000000e+00
   outer loop
     vertex  1.570000e+02 -1.000000e+02  1.510000e+00
     vertex  1.329700e+02 -1.019402e+02  1.510000e+00
     vertex  1.525859e+02 -1.024545e+02  1.510000e+00
   endloop
 endfacet
 facet normal  0.000000e+00  0.000000e+00  1.000000e+00
   outer loop
     vertex  1.570000e+02 -1.000000e+02  1.510000e+00
     vertex  1.328976e+02 -1.019102e+02  1.510000e+00
     vertex  1.329700e+02 -1.019402e+02  1.510000e+00
   endloop
 endfacet
 facet normal  0.000000e+00  0.000000e+00  1.000000e+00
   outer loop
     vertex  1.570000e+02 -1.000000e+02  1.510000e+00
     vertex  1.543856e+02 -1.048000e+02  1.510000e+00
     vertex  1.543856e+02 -1.522000e+02  1.510000e+00
   endloop
 endfacet
 facet normal  0.000000e+00  0.000000e+00  1.000000e+00
   outer loop
     vertex  1.570000e+02 -1.000000e+02  1.510000e+00
     vertex  1.525859e+02 -1.024545e+02  1.510000e+00
     vertex  1.530000e+02 -1.024000e+02  1.510000e+00
   endloop
 endfacet
 facet normal  0.000000e+00  0.000000e+00  1.000000e+00
   outer loop
     vertex  1.570000e+02 -1.000000e+02  1.510000e+00
     vertex  1.530000e+02 -1.024000e+02  1.510000e+00
     vertex  1.534141e+02 -1.024545e+02  1.510000e+00
   endloop
 endfacet
 facet normal  0.000000e+00  0.000000e+00  1.000000e+00
   outer loop
     vertex  1.570000e+02 -1.000000e+02  1.510000e+00
     vertex  1.534141e+02 -1.024545e+02  1.510000e+00
     vertex  1.538000e+02 -1.026144e+02  1.510000e+00
   endloop
 endfacet
 facet normal  0.000000e+00  0.000000e+00  1.000000e+00
   outer loop
     vertex  1.570000e+02 -1.000000e+02  1.510000e+00
     vertex  1.538000e+02 -1.026144e+02  1.510000e+00
     vertex  1.541314e+02 -1.028686e+02  1.510000e+00
   endloop
 endfacet
 facet normal  0.000000e+00  0.000000e+00  1.000000e+00
   outer loop
     vertex  1.570000e+02 -1.000000e+02  1.510000e+00
     vertex  1.541314e+02 -1.028686e+02  1.510000e+00
     vertex  1.543856e+02 -1.032000e+02  1.510000e+00
   endloop
 endfacet
 facet normal  0.000000e+00  0.000000e+00  1.000000e+00
   outer loop
     vertex  1.570000e+02 -1.000000e+02  1.510000e+00
     vertex  1.543856e+02 -1.032000e+02  1.510000e+00
     vertex  1.545455e+02 -1.035859e+02  1.510000e+00
   endloop
 endfacet
 facet normal  0.000000e+00  0.000000e+00  1.000000e+00
   outer loop
     vertex  1.570000e+02 -1.000000e+02  1.510000e+00
     vertex  1.545455e+02 -1.035859e+02  1.510000e+00
     vertex  1.546000e+02 -1.040000e+02  1.510000e+00
   endloop
 endfacet
 facet normal  0.000000e+00  0.000000e+00  1.000000e+00
   outer loop
     vertex  1.570000e+02 -1.000000e+02  1.510000e+00
     vertex  1.546000e+02 -1.040000e+02  1.510000e+00
     vertex  1.545455e+02 -1.044141e+02  1.510000e+00
   endloop
 endfacet
 facet normal  0.000000e+00  0.000000e+00  1.000000e+00
   outer loop
     vertex  1.570000e+02 -1.000000e+02  1.510000e+00
     vertex  1.545455e+02 -1.044141e+02  1.510000e+00
     vertex  1.543856e+02 -1.048000e+02  1.510000e+00
   endloop
 endfacet
 facet normal  0.000000e+00  0.000000e+00  1.000000e+00
   outer loop
     vertex  1.570000e+02 -1.000000e+02  1.510000e+00
     vertex  1.543856e+02 -1.522000e+02  1.510000e+00
     vertex  1.570000e+02 -1.570000e+02  1.510000e+00
   endloop
 endfacet
 facet normal  0.000000e+00  0.000000e+00  1.000000e+00
   outer loop
     vertex  1.570000e+02 -1.000000e+02  1.510000e+00
     vertex  1.000000e+02 -1.000000e+02  1.510000e+00
     vertex  1.241800e+02 -1.019000e+02  1.510000e+00
   endloop
 endfacet
 facet normal  0.000000e+00  0.000000e+00  1.000000e+00
   outer loop
     vertex  1.241800e+02 -1.019000e+02  1.510000e+00
     vertex  1.000000e+02 -1.000000e+02  1.510000e+00
     vertex  1.241024e+02 -1.019102e+02  1.510000e+00
   endloop
 endfacet
 facet normal  0.000000e+00  0.000000e+00  1.000000e+00
   outer loop
     vertex  1.570000e+02 -1.000000e+02  1.510000e+00
     vertex  1.241800e+02 -1.019000e+02  1.510000e+00
     vertex  1.242576e+02 -1.019102e+02  1.510000e+00
   endloop
 endfacet
 facet normal  0.000000e+00  0.000000e+00  1.000000e+00
   outer loop
     vertex  1.570000e+02 -1.000000e+02  1.510000e+00
     vertex  1.242576e+02 -1.019102e+02  1.510000e+00
     vertex  1.328200e+02 -1.019000e+02  1.510000e+00
   endloop
 endfacet
 facet normal  0.000000e+00  0.000000e+00  1.000000e+00
   outer loop
     vertex  1.328200e+02 -1.019000e+02  1.510000e+00
     vertex  1.242576e+02 -1.019102e+02  1.510000e+00
     vertex  1.327424e+02 -1.019102e+02  1.510000e+00
   endloop
 endfacet
 facet normal  0.000000e+00  0.000000e+00  1.000000e+00
   outer loop
     vertex  1.570000e+02 -1.000000e+02  1.510000e+00
     vertex  1.328200e+02 -1.019000e+02  1.510000e+00
     vertex  1.328976e+02 -1.019102e+02  1.510000e+00
   endloop
 endfacet
 facet normal  0.000000e+00  1.000000e+00  0.000000e+00
   outer loop
     vertex  1.570000e+02 -1.000000e+02  1.510000e+00
     vertex  1.000000e+02 -1.000000e+02  0.000000e+00
     vertex  1.000000e+02 -1.000000e+02  1.510000e+00
   endloop
 endfacet
 facet normal  0.000000e+00  1.000000e+00 -0.000000e+00
   outer loop
     vertex  1.570000e+02 -1.000000e+02  0.000000e+00
     vertex  1.000000e+02 -1.000000e+02  0.000000e+00
     vertex  1.570000e+02 -1.000000e+02  1.510000e+00
   endloop
 endfacet
 facet normal -1.305262e-01  9.914449e-01  0.000000e+00
   outer loop
     vertex  1.044141e+02 -1.545455e+02  0.000000e+00
     vertex  1.040000e+02 -1.546000e+02  0.000000e+00
     vertex  1.040000e+02 -1.546000e+02  1.510000e+00
   endloop
 endfacet
 facet normal -1.305262e-01  9.914449e-01  0.000000e+00
   outer loop
     vertex  1.044141e+02 -1.545455e+02  0.000000e+00
     vertex  1.040000e+02 -1.546000e+02  1.510000e+00
     vertex  1.044141e+02 -1.545455e+02  1.510000e+00
   endloop
 endfacet
 facet normal -3.826834e-01  9.238795e-01  0.000000e+00
   outer loop
     vertex  1.048000e+02 -1.543856e+02  0.000000e+00
     vertex  1.044141e+02 -1.545455e+02  1.510000e+00
     vertex  1.048000e+02 -1.543856e+02  1.510000e+00
   endloop
 endfacet
 facet normal -3.826834e-01  9.238795e-01  0.000000e+00
   outer loop
     vertex  1.048000e+02 -1.543856e+02  0.000000e+00
     vertex  1.044141e+02 -1.545455e+02  0.000000e+00
     vertex  1.044141e+02 -1.545455e+02  1.510000e+00
   endloop
 endfacet
 facet normal -6.087614e-01  7.933533e-01  0.000000e+00
   outer loop
     vertex  1.051314e+02 -1.541314e+02  0.000000e+00
     vertex  1.048000e+02 -1.543856e+02  1.510000e+00
     vertex  1.051314e+02 -1.541314e+02  1.510000e+00
   endloop
 endfacet
 facet normal -6.087614e-01  7.933533e-01  0.000000e+00
   outer loop
     vertex  1.051314e+02 -1.541314e+02  0.000000e+00
     vertex  1.048000e+02 -1.543856e+02  0.000000e+00
     vertex  1.048000e+02 -1.543856e+02  1.510000e+00
   endloop
 endfacet
 facet normal -7.933533e-01  6.087614e-01  0.000000e+00
   outer loop
     vertex  1.053856e+02 -1.538000e+02  0.000000e+00
     vertex  1.051314e+02 -1.541314e+02  1.510000e+00
     vertex  1.053856e+02 -1.538000e+02  1.510000e+00
   endloop
 endfacet
 facet normal -7.933533e-01  6.087614e-01  0.000000e+00
   outer loop
     vertex  1.053856e+02 -1.538000e+02  0.000000e+00
     vertex  1.051314e+02 -1.541314e+02  0.000000e+00
     vertex  1.051314e+02 -1.541314e+02  1.510000e+00
   endloop
 endfacet
 facet normal -9.238795e-01  3.826834e-01  0.000000e+00
   outer loop
     vertex  1.055455e+02 -1.534141e+02  0.000000e+00
     vertex  1.053856e+02 -1.538000e+02  1.510000e+00
     vertex  1.055455e+02 -1.534141e+02  1.510000e+00
   endloop
 endfacet
 facet normal -9.238795e-01  3.826834e-01  0.000000e+00
   outer loop
     vertex  1.055455e+02 -1.534141e+02  0.000000e+00
     vertex  1.053856e+02 -1.538000e+02  0.000000e+00
     vertex  1.053856e+02 -1.538000e+02  1.510000e+00
   endloop
 endfacet
 facet normal -9.914449e-01  1.305262e-01  0.000000e+00
   outer loop
     vertex  1.056000e+02 -1.530000e+02  0.000000e+00
     vertex  1.055455e+02 -1.534141e+02  1.510000e+00
     vertex  1.056000e+02 -1.530000e+02  1.510000e+00
   endloop
 endfacet
 facet normal -9.914449e-01  1.305262e-01  0.000000e+00
   outer loop
     vertex  1.056000e+02 -1.530000e+02  0.000000e+00
     vertex  1.055455e+02 -1.534141e+02  0.000000e+00
     vertex  1.055455e+02 -1.534141e+02  1.510000e+00
   endloop
 endfacet
 facet normal -9.914449e-01 -1.305262e-01  0.000000e+00
   outer loop
     vertex  1.055455e+02 -1.525859e+02  0.000000e+00
     vertex  1.056000e+02 -1.530000e+02  1.510000e+00
     vertex  1.055455e+02 -1.525859e+02  1.510000e+00
   endloop
 endfacet
 facet normal -9.914449e-01 -1.305262e-01  0.000000e+00
   outer loop
     vertex  1.055455e+02 -1.525859e+02  0.000000e+00
     vertex  1.056000e+02 -1.530000e+02  0.000000e+00
     vertex  1.056000e+02 -1.530000e+02  1.510000e+00
   endloop
 endfacet
 facet normal -9.238795e-01 -3.826834e-01  0.000000e+00
   outer loop
     vertex  1.053856e+02 -1.522000e+02  0.000000e+00
     vertex  1.055455e+02 -1.525859e+02  1.510000e+00
     vertex  1.053856e+02 -1.522000e+02  1.510000e+00
   endloop
 endfacet
 facet normal -9.238795e-01 -3.826834e-01  0.000000e+00
   outer loop
     vertex  1.053856e+02 -1.522000e+02  0.000000e+00
     vertex  1.055455e+02 -1.525859e+02  0.000000e+00
     vertex  1.055455e+02 -1.525859e+02  1.510000e+00
   endloop
 endfacet
 facet normal -7.933533e-01 -6.087614e-01  0.000000e+00
   outer loop
     vertex  1.051314e+02 -1.518686e+02  0.000000e+00
     vertex  1.053856e+02 -1.522000e+02  1.510000e+00
     vertex  1.051314e+02 -1.518686e+02  1.510000e+00
   endloop
 endfacet
 facet normal -7.933533e-01 -6.087614e-01  0.000000e+00
   outer loop
     vertex  1.051314e+02 -1.518686e+02  0.000000e+00
     vertex  1.053856e+02 -1.522000e+02  0.000000e+00
     vertex  1.053856e+02 -1.522000e+02  1.510000e+00
   endloop
 endfacet
 facet normal -6.087614e-01 -7.933533e-01  0.000000e+00
   outer loop
     vertex  1.048000e+02 -1.516144e+02  0.000000e+00
     vertex  1.051314e+02 -1.518686e+02  1.510000e+00
     vertex  1.048000e+02 -1.516144e+02  1.510000e+00
   endloop
 endfacet
 facet normal -6.087614e-01 -7.933533e-01  0.000000e+00
   outer loop
     vertex  1.048000e+02 -1.516144e+02  0.000000e+00
     vertex  1.051314e+02 -1.518686e+02  0.000000e+00
     vertex  1.051314e+02 -1.518686e+02  1.510000e+00
   endloop
 endfacet
 facet normal -3.826834e-01 -9.238795e-01  0.000000e+00
   outer loop
     vertex  1.044141e+02 -1.514545e+02  0.000000e+00
     vertex  1.048000e+02 -1.516144e+02  1.510000e+00
     vertex  1.044141e+02 -1.514545e+02  1.510000e+00
   endloop
 endfacet
 facet normal -3.826834e-01 -9.238795e-01  0.000000e+00
   outer loop
     vertex  1.044141e+02 -1.514545e+02  0.000000e+00
     vertex  1.048000e+02 -1.516144e+02  0.000000e+00
     vertex  1.048000e+02 -1.516144e+02  1.510000e+00
   endloop
 endfacet
 facet normal -1.305262e-01 -9.914449e-01  0.000000e+00
   outer loop
     vertex  1.040000e+02 -1.514000e+02  0.000000e+00
     vertex  1.044141e+02 -1.514545e+02  1.510000e+00
     vertex  1.040000e+02 -1.514000e+02  1.510000e+00
   endloop
 endfacet
 facet normal -1.305262e-01 -9.914449e-01  0.000000e+00
   outer loop
     vertex  1.040000e+02 -1.514000e+02  0.000000e+00
     vertex  1.044141e+02 -1.514545e+02  0.000000e+00
     vertex  1.044141e+02 -1.514545e+02  1.510000e+00
   endloop
 endfacet
 facet normal  1.305262e-01 -9.914449e-01  0.000000e+00
   outer loop
     vertex  1.035859e+02 -1.514545e+02  0.000000e+00
     vertex  1.040000e+02 -1.514000e+02  1.510000e+00
     vertex  1.035859e+02 -1.514545e+02  1.510000e+00
   endloop
 endfacet
 facet normal  1.305262e-01 -9.914449e-01  0.000000e+00
   outer loop
     vertex  1.035859e+02 -1.514545e+02  0.000000e+00
     vertex  1.040000e+02 -1.514000e+02  0.000000e+00
     vertex  1.040000e+02 -1.514000e+02  1.510000e+00
   endloop
 endfacet
 facet normal  3.826834e-01 -9.238795e-01  0.000000e+00
   outer loop
     vertex  1.032000e+02 -1.516144e+02  0.000000e+00
     vertex  1.035859e+02 -1.514545e+02  0.000000e+00
     vertex  1.035859e+02 -1.514545e+02  1.510000e+00
   endloop
 endfacet
 facet normal  3.826834e-01 -9.238795e-01  0.000000e+00
   outer loop
     vertex  1.032000e+02 -1.516144e+02  0.000000e+00
     vertex  1.035859e+02 -1.514545e+02  1.510000e+00
     vertex  1.032000e+02 -1.516144e+02  1.510000e+00
   endloop
 endfacet
 facet normal  6.087614e-01 -7.933533e-01  0.000000e+00
   outer loop
     vertex  1.028686e+02 -1.518686e+02  0.000000e+00
     vertex  1.032000e+02 -1.516144e+02  0.000000e+00
     vertex  1.032000e+02 -1.516144e+02  1.510000e+00
   endloop
 endfacet
 facet normal  7.933533e-01 -6.087614e-01  0.000000e+00
   outer loop
     vertex  1.028686e+02 -1.518686e+02  0.000000e+00
     vertex  1.028686e+02 -1.518686e+02  1.510000e+00
     vertex  1.026144e+02 -1.522000e+02  1.510000e+00
   endloop
 endfacet
 facet normal  6.087614e-01 -7.933533e-01  0.000000e+00
   outer loop
     vertex  1.028686e+02 -1.518686e+02  0.000000e+00
     vertex  1.032000e+02 -1.516144e+02  1.510000e+00
     vertex  1.028686e+02 -1.518686e+02  1.510000e+00
   endloop
 endfacet
 facet normal  7.933533e-01 -6.087614e-01  0.000000e+00
   outer loop
     vertex  1.026144e+02 -1.522000e+02  0.000000e+00
     vertex  1.028686e+02 -1.518686e+02  0.000000e+00
     vertex  1.026144e+02 -1.522000e+02  1.510000e+00
   endloop
 endfacet
 facet normal  9.238795e-01 -3.826834e-01  0.000000e+00
   outer loop
     vertex  1.026144e+02 -1.522000e+02  0.000000e+00
     vertex  1.026144e+02 -1.522000e+02  1.510000e+00
     vertex  1.024545e+02 -1.525859e+02  1.510000e+00
   endloop
 endfacet
 facet normal  9.238795e-01 -3.826834e-01  0.000000e+00
   outer loop
     vertex  1.024545e+02 -1.525859e+02  0.000000e+00
     vertex  1.026144e+02 -1.522000e+02  0.000000e+00
     vertex  1.024545e+02 -1.525859e+02  1.510000e+00
   endloop
 endfacet
 facet normal  9.914449e-01 -1.305262e-01  0.000000e+00
   outer loop
     vertex  1.024000e+02 -1.530000e+02  0.000000e+00
     vertex  1.024545e+02 -1.525859e+02  0.000000e+00
     vertex  1.024545e+02 -1.525859e+02  1.510000e+00
   endloop
 endfacet
 facet normal  9.914449e-01 -1.305262e-01  0.000000e+00
   outer loop
     vertex  1.024000e+02 -1.530000e+02  0.000000e+00
     vertex  1.024545e+02 -1.525859e+02  1.510000e+00
     vertex  1.024000e+02 -1.530000e+02  1.510000e+00
   endloop
 endfacet
 facet normal  9.914449e-01  1.305262e-01 -0.000000e+00
   outer loop
     vertex  1.024545e+02 -1.534141e+02  0.000000e+00
     vertex  1.024000e+02 -1.530000e+02  1.510000e+00
     vertex  1.024545e+02 -1.534141e+02  1.510000e+00
   endloop
 endfacet
 facet normal  9.914449e-01  1.305262e-01  0.000000e+00
   outer loop
     vertex  1.024545e+02 -1.534141e+02  0.000000e+00
     vertex  1.024000e+02 -1.530000e+02  0.000000e+00
     vertex  1.024000e+02 -1.530000e+02  1.510000e+00
   endloop
 endfacet
 facet normal  9.238795e-01  3.826834e-01 -0.000000e+00
   outer loop
     vertex  1.026144e+02 -1.538000e+02  0.000000e+00
     vertex  1.024545e+02 -1.534141e+02  1.510000e+00
     vertex  1.026144e+02 -1.538000e+02  1.510000e+00
   endloop
 endfacet
 facet normal  9.238795e-01  3.826834e-01  0.000000e+00
   outer loop
     vertex  1.026144e+02 -1.538000e+02  0.000000e+00
     vertex  1.024545e+02 -1.534141e+02  0.000000e+00
     vertex  1.024545e+02 -1.534141e+02  1.510000e+00
   endloop
 endfacet
 facet normal  6.087614e-01  7.933533e-01 -0.000000e+00
   outer loop
     vertex  1.028686e+02 -1.541314e+02  0.000000e+00
     vertex  1.028686e+02 -1.541314e+02  1.510000e+00
     vertex  1.032000e+02 -1.543856e+02  1.510000e+00
   endloop
 endfacet
 facet normal  7.933533e-01  6.087614e-01 -0.000000e+00
   outer loop
     vertex  1.028686e+02 -1.541314e+02  0.000000e+00
     vertex  1.026144e+02 -1.538000e+02  1.510000e+00
     vertex  1.028686e+02 -1.541314e+02  1.510000e+00
   endloop
 endfacet
 facet normal  7.933533e-01  6.087614e-01  0.000000e+00
   outer loop
     vertex  1.028686e+02 -1.541314e+02  0.000000e+00
     vertex  1.026144e+02 -1.538000e+02  0.000000e+00
     vertex  1.026144e+02 -1.538000e+02  1.510000e+00
   endloop
 endfacet
 facet normal  6.087614e-01  7.933533e-01 -0.000000e+00
   outer loop
     vertex  1.032000e+02 -1.543856e+02  0.000000e+00
     vertex  1.028686e+02 -1.541314e+02  0.000000e+00
     vertex  1.032000e+02 -1.543856e+02  1.510000e+00
   endloop
 endfacet
 facet normal  3.826834e-01  9.238795e-01 -0.000000e+00
   outer loop
     vertex  1.035859e+02 -1.545455e+02  0.000000e+00
     vertex  1.032000e+02 -1.543856e+02  1.510000e+00
     vertex  1.035859e+02 -1.545455e+02  1.510000e+00
   endloop
 endfacet
 facet normal  3.826834e-01  9.238795e-01  0.000000e+00
   outer loop
     vertex  1.035859e+02 -1.545455e+02  0.000000e+00
     vertex  1.032000e+02 -1.543856e+02  0.000000e+00
     vertex  1.032000e+02 -1.543856e+02  1.510000e+00
   endloop
 endfacet
 facet normal  1.305262e-01  9.914449e-01 -0.000000e+00
   outer loop
     vertex  1.040000e+02 -1.546000e+02  0.000000e+00
     vertex  1.035859e+02 -1.545455e+02  1.510000e+00
     vertex  1.040000e+02 -1.546000e+02  1.510000e+00
   endloop
 endfacet
 facet normal  1.305262e-01  9.914449e-01  0.000000e+00
   outer loop
     vertex  1.040000e+02 -1.546000e+02  0.000000e+00
     vertex  1.035859e+02 -1.545455e+02  0.000000e+00
     vertex  1.035859e+02 -1.545455e+02  1.510000e+00
   endloop
 endfacet
 facet normal -1.305262e-01  9.914449e-01  0.000000e+00
   outer loop
     vertex  1.273594e+02 -1.483330e+02  0.000000e+00
     vertex  1.272300e+02 -1.483500e+02  0.000000e+00
     vertex  1.272300e+02 -1.483500e+02  1.510000e+00
   endloop
 endfacet
 facet normal -1.305262e-01  9.914449e-01  0.000000e+00
   outer loop
     vertex  1.273594e+02 -1.483330e+02  0.000000e+00
     vertex  1.272300e+02 -1.483500e+02  1.510000e+00
     vertex  1.273594e+02 -1.483330e+02  1.510000e+00
   endloop
 endfacet
 facet normal -3.826834e-01  9.238795e-01  0.000000e+00
   outer loop
     vertex  1.274800e+02 -1.482830e+02  0.000000e+00
     vertex  1.273594e+02 -1.483330e+02  1.510000e+00
     vertex  1.274800e+02 -1.482830e+02  1.510000e+00
   endloop
 endfacet
 facet normal -3.826834e-01  9.238795e-01  0.000000e+00
   outer loop
     vertex  1.274800e+02 -1.482830e+02  0.000000e+00
     vertex  1.273594e+02 -1.483330e+02  0.000000e+00
     vertex  1.273594e+02 -1.483330e+02  1.510000e+00
   endloop
 endfacet
 facet normal -6.087614e-01  7.933533e-01  0.000000e+00
   outer loop
     vertex  1.275836e+02 -1.482036e+02  0.000000e+00
     vertex  1.274800e+02 -1.482830e+02  1.510000e+00
     vertex  1.275836e+02 -1.482036e+02  1.510000e+00
   endloop
 endfacet
 facet normal -6.087614e-01  7.933533e-01  0.000000e+00
   outer loop
     vertex  1.275836e+02 -1.482036e+02  0.000000e+00
     vertex  1.274800e+02 -1.482830e+02  0.000000e+00
     vertex  1.274800e+02 -1.482830e+02  1.510000e+00
   endloop
 endfacet
 facet normal -7.933533e-01  6.087614e-01  0.000000e+00
   outer loop
     vertex  1.276630e+02 -1.481000e+02  0.000000e+00
     vertex  1.275836e+02 -1.482036e+02  1.510000e+00
     vertex  1.276630e+02 -1.481000e+02  1.510000e+00
   endloop
 endfacet
 facet normal -7.933533e-01  6.087614e-01  0.000000e+00
   outer loop
     vertex  1.276630e+02 -1.481000e+02  0.000000e+00
     vertex  1.275836e+02 -1.482036e+02  0.000000e+00
     vertex  1.275836e+02 -1.482036e+02  1.510000e+00
   endloop
 endfacet
 facet normal -9.238795e-01  3.826834e-01  0.000000e+00
   outer loop
     vertex  1.277130e+02 -1.479794e+02  0.000000e+00
     vertex  1.276630e+02 -1.481000e+02  1.510000e+00
     vertex  1.277130e+02 -1.479794e+02  1.510000e+00
   endloop
 endfacet
 facet normal -9.238795e-01  3.826834e-01  0.000000e+00
   outer loop
     vertex  1.277130e+02 -1.479794e+02  0.000000e+00
     vertex  1.276630e+02 -1.481000e+02  0.000000e+00
     vertex  1.276630e+02 -1.481000e+02  1.510000e+00
   endloop
 endfacet
 facet normal -9.914449e-01  1.305262e-01  0.000000e+00
   outer loop
     vertex  1.277300e+02 -1.478500e+02  0.000000e+00
     vertex  1.277130e+02 -1.479794e+02  1.510000e+00
     vertex  1.277300e+02 -1.478500e+02  1.510000e+00
   endloop
 endfacet
 facet normal -9.914449e-01  1.305262e-01  0.000000e+00
   outer loop
     vertex  1.277300e+02 -1.478500e+02  0.000000e+00
     vertex  1.277130e+02 -1.479794e+02  0.000000e+00
     vertex  1.277130e+02 -1.479794e+02  1.510000e+00
   endloop
 endfacet
 facet normal -9.914449e-01 -1.305262e-01  0.000000e+00
   outer loop
     vertex  1.277130e+02 -1.477206e+02  0.000000e+00
     vertex  1.277300e+02 -1.478500e+02  1.510000e+00
     vertex  1.277130e+02 -1.477206e+02  1.510000e+00
   endloop
 endfacet
 facet normal -9.914449e-01 -1.305262e-01  0.000000e+00
   outer loop
     vertex  1.277130e+02 -1.477206e+02  0.000000e+00
     vertex  1.277300e+02 -1.478500e+02  0.000000e+00
     vertex  1.277300e+02 -1.478500e+02  1.510000e+00
   endloop
 endfacet
 facet normal -9.238795e-01 -3.826834e-01  0.000000e+00
   outer loop
     vertex  1.276630e+02 -1.476000e+02  0.000000e+00
     vertex  1.277130e+02 -1.477206e+02  1.510000e+00
     vertex  1.276630e+02 -1.476000e+02  1.510000e+00
   endloop
 endfacet
 facet normal -9.238795e-01 -3.826834e-01  0.000000e+00
   outer loop
     vertex  1.276630e+02 -1.476000e+02  0.000000e+00
     vertex  1.277130e+02 -1.477206e+02  0.000000e+00
     vertex  1.277130e+02 -1.477206e+02  1.510000e+00
   endloop
 endfacet
 facet normal -7.933533e-01 -6.087614e-01  0.000000e+00
   outer loop
     vertex  1.275836e+02 -1.474964e+02  0.000000e+00
     vertex  1.276630e+02 -1.476000e+02  1.510000e+00
     vertex  1.275836e+02 -1.474964e+02  1.510000e+00
   endloop
 endfacet
 facet normal -7.933533e-01 -6.087614e-01  0.000000e+00
   outer loop
     vertex  1.275836e+02 -1.474964e+02  0.000000e+00
     vertex  1.276630e+02 -1.476000e+02  0.000000e+00
     vertex  1.276630e+02 -1.476000e+02  1.510000e+00
   endloop
 endfacet
 facet normal -6.087614e-01 -7.933533e-01  0.000000e+00
   outer loop
     vertex  1.274800e+02 -1.474170e+02  0.000000e+00
     vertex  1.275836e+02 -1.474964e+02  1.510000e+00
     vertex  1.274800e+02 -1.474170e+02  1.510000e+00
   endloop
 endfacet
 facet normal -6.087614e-01 -7.933533e-01  0.000000e+00
   outer loop
     vertex  1.274800e+02 -1.474170e+02  0.000000e+00
     vertex  1.275836e+02 -1.474964e+02  0.000000e+00
     vertex  1.275836e+02 -1.474964e+02  1.510000e+00
   endloop
 endfacet
 facet normal -3.826834e-01 -9.238795e-01  0.000000e+00
   outer loop
     vertex  1.273594e+02 -1.473670e+02  0.000000e+00
     vertex  1.274800e+02 -1.474170e+02  1.510000e+00
     vertex  1.273594e+02 -1.473670e+02  1.510000e+00
   endloop
 endfacet
 facet normal -3.826834e-01 -9.238795e-01  0.000000e+00
   outer loop
     vertex  1.273594e+02 -1.473670e+02  0.000000e+00
     vertex  1.274800e+02 -1.474170e+02  0.000000e+00
     vertex  1.274800e+02 -1.474170e+02  1.510000e+00
   endloop
 endfacet
 facet normal -1.305262e-01 -9.914449e-01  0.000000e+00
   outer loop
     vertex  1.272300e+02 -1.473500e+02  0.000000e+00
     vertex  1.273594e+02 -1.473670e+02  1.510000e+00
     vertex  1.272300e+02 -1.473500e+02  1.510000e+00
   endloop
 endfacet
 facet normal -1.305262e-01 -9.914449e-01  0.000000e+00
   outer loop
     vertex  1.272300e+02 -1.473500e+02  0.000000e+00
     vertex  1.273594e+02 -1.473670e+02  0.000000e+00
     vertex  1.273594e+02 -1.473670e+02  1.510000e+00
   endloop
 endfacet
 facet normal  1.305262e-01 -9.914449e-01  0.000000e+00
   outer loop
     vertex  1.271006e+02 -1.473670e+02  0.000000e+00
     vertex  1.272300e+02 -1.473500e+02  1.510000e+00
     vertex  1.271006e+02 -1.473670e+02  1.510000e+00
   endloop
 endfacet
 facet normal  1.305262e-01 -9.914449e-01  0.000000e+00
   outer loop
     vertex  1.271006e+02 -1.473670e+02  0.000000e+00
     vertex  1.272300e+02 -1.473500e+02  0.000000e+00
     vertex  1.272300e+02 -1.473500e+02  1.510000e+00
   endloop
 endfacet
 facet normal  3.826834e-01 -9.238795e-01  0.000000e+00
   outer loop
     vertex  1.269800e+02 -1.474170e+02  0.000000e+00
     vertex  1.271006e+02 -1.473670e+02  0.000000e+00
     vertex  1.271006e+02 -1.473670e+02  1.510000e+00
   endloop
 endfacet
 facet normal  3.826834e-01 -9.238795e-01  0.000000e+00
   outer loop
     vertex  1.269800e+02 -1.474170e+02  0.000000e+00
     vertex  1.271006e+02 -1.473670e+02  1.510000e+00
     vertex  1.269800e+02 -1.474170e+02  1.510000e+00
   endloop
 endfacet
 facet normal  6.087614e-01 -7.933533e-01  0.000000e+00
   outer loop
     vertex  1.268764e+02 -1.474964e+02  0.000000e+00
     vertex  1.269800e+02 -1.474170e+02  0.000000e+00
     vertex  1.269800e+02 -1.474170e+02  1.510000e+00
   endloop
 endfacet
 facet normal  7.933533e-01 -6.087614e-01  0.000000e+00
   outer loop
     vertex  1.268764e+02 -1.474964e+02  0.000000e+00
     vertex  1.268764e+02 -1.474964e+02  1.510000e+00
     vertex  1.267970e+02 -1.476000e+02  1.510000e+00
   endloop
 endfacet
 facet normal  6.087614e-01 -7.933533e-01  0.000000e+00
   outer loop
     vertex  1.268764e+02 -1.474964e+02  0.000000e+00
     vertex  1.269800e+02 -1.474170e+02  1.510000e+00
     vertex  1.268764e+02 -1.474964e+02  1.510000e+00
   endloop
 endfacet
 facet normal  7.933533e-01 -6.087614e-01  0.000000e+00
   outer loop
     vertex  1.267970e+02 -1.476000e+02  0.000000e+00
     vertex  1.268764e+02 -1.474964e+02  0.000000e+00
     vertex  1.267970e+02 -1.476000e+02  1.510000e+00
   endloop
 endfacet
 facet normal  9.238795e-01 -3.826834e-01  0.000000e+00
   outer loop
     vertex  1.267970e+02 -1.476000e+02  0.000000e+00
     vertex  1.267970e+02 -1.476000e+02  1.510000e+00
     vertex  1.267470e+02 -1.477206e+02  1.510000e+00
   endloop
 endfacet
 facet normal  9.238795e-01 -3.826834e-01  0.000000e+00
   outer loop
     vertex  1.267470e+02 -1.477206e+02  0.000000e+00
     vertex  1.267970e+02 -1.476000e+02  0.000000e+00
     vertex  1.267470e+02 -1.477206e+02  1.510000e+00
   endloop
 endfacet
 facet normal  9.914449e-01 -1.305262e-01  0.000000e+00
   outer loop
     vertex  1.267300e+02 -1.478500e+02  0.000000e+00
     vertex  1.267470e+02 -1.477206e+02  0.000000e+00
     vertex  1.267470e+02 -1.477206e+02  1.510000e+00
   endloop
 endfacet
 facet normal  9.914449e-01 -1.305262e-01  0.000000e+00
   outer loop
     vertex  1.267300e+02 -1.478500e+02  0.000000e+00
     vertex  1.267470e+02 -1.477206e+02  1.510000e+00
     vertex  1.267300e+02 -1.478500e+02  1.510000e+00
   endloop
 endfacet
 facet normal  9.914449e-01  1.305262e-01 -0.000000e+00
   outer loop
     vertex  1.267470e+02 -1.479794e+02  0.000000e+00
     vertex  1.267300e+02 -1.478500e+02  1.510000e+00
     vertex  1.267470e+02 -1.479794e+02  1.510000e+00
   endloop
 endfacet
 facet normal  9.914449e-01  1.305262e-01  0.000000e+00
   outer loop
     vertex  1.267470e+02 -1.479794e+02  0.000000e+00
     vertex  1.267300e+02 -1.478500e+02  0.000000e+00
     vertex  1.267300e+02 -1.478500e+02  1.510000e+00
   endloop
 endfacet
 facet normal  9.238795e-01  3.826834e-01 -0.000000e+00
   outer loop
     vertex  1.267970e+02 -1.481000e+02  0.000000e+00
     vertex  1.267470e+02 -1.479794e+02  1.510000e+00
     vertex  1.267970e+02 -1.481000e+02  1.510000e+00
   endloop
 endfacet
 facet normal  9.238795e-01  3.826834e-01  0.000000e+00
   outer loop
     vertex  1.267970e+02 -1.481000e+02  0.000000e+00
     vertex  1.267470e+02 -1.479794e+02  0.000000e+00
     vertex  1.267470e+02 -1.479794e+02  1.510000e+00
   endloop
 endfacet
 facet normal  6.087614e-01  7.933533e-01 -0.000000e+00
   outer loop
     vertex  1.268764e+02 -1.482036e+02  0.000000e+00
     vertex  1.268764e+02 -1.482036e+02  1.510000e+00
     vertex  1.269800e+02 -1.482830e+02  1.510000e+00
   endloop
 endfacet
 facet normal  7.933533e-01  6.087614e-01 -0.000000e+00
   outer loop
     vertex  1.268764e+02 -1.482036e+02  0.000000e+00
     vertex  1.267970e+02 -1.481000e+02  1.510000e+00
     vertex  1.268764e+02 -1.482036e+02  1.510000e+00
   endloop
 endfacet
 facet normal  7.933533e-01  6.087614e-01  0.000000e+00
   outer loop
     vertex  1.268764e+02 -1.482036e+02  0.000000e+00
     vertex  1.267970e+02 -1.481000e+02  0.000000e+00
     vertex  1.267970e+02 -1.481000e+02  1.510000e+00
   endloop
 endfacet
 facet normal  6.087614e-01  7.933533e-01 -0.000000e+00
   outer loop
     vertex  1.269800e+02 -1.482830e+02  0.000000e+00
     vertex  1.268764e+02 -1.482036e+02  0.000000e+00
     vertex  1.269800e+02 -1.482830e+02  1.510000e+00
   endloop
 endfacet
 facet normal  3.826834e-01  9.238795e-01 -0.000000e+00
   outer loop
     vertex  1.271006e+02 -1.483330e+02  0.000000e+00
     vertex  1.269800e+02 -1.482830e+02  1.510000e+00
     vertex  1.271006e+02 -1.483330e+02  1.510000e+00
   endloop
 endfacet
 facet normal  3.826834e-01  9.238795e-01  0.000000e+00
   outer loop
     vertex  1.271006e+02 -1.483330e+02  0.000000e+00
     vertex  1.269800e+02 -1.482830e+02  0.000000e+00
     vertex  1.269800e+02 -1.482830e+02  1.510000e+00
   endloop
 endfacet
 facet normal  1.305262e-01  9.914449e-01 -0.000000e+00
   outer loop
     vertex  1.272300e+02 -1.483500e+02  0.000000e+00
     vertex  1.271006e+02 -1.483330e+02  1.510000e+00
     vertex  1.272300e+02 -1.483500e+02  1.510000e+00
   endloop
 endfacet
 facet normal  1.305262e-01  9.914449e-01  0.000000e+00
   outer loop
     vertex  1.272300e+02 -1.483500e+02  0.000000e+00
     vertex  1.271006e+02 -1.483330e+02  0.000000e+00
     vertex  1.271006e+02 -1.483330e+02  1.510000e+00
   endloop
 endfacet
 facet normal -1.305262e-01  9.914449e-01  0.000000e+00
   outer loop
     vertex  1.273594e+02 -1.457930e+02  0.000000e+00
     vertex  1.272300e+02 -1.458100e+02  0.000000e+00
     vertex  1.272300e+02 -1.458100e+02  1.510000e+00
   endloop
 endfacet
 facet normal -1.305262e-01  9.914449e-01  0.000000e+00
   outer loop
     vertex  1.273594e+02 -1.457930e+02  0.000000e+00
     vertex  1.272300e+02 -1.458100e+02  1.510000e+00
     vertex  1.273594e+02 -1.457930e+02  1.510000e+00
   endloop
 endfacet
 facet normal -3.826834e-01  9.238795e-01  0.000000e+00
   outer loop
     vertex  1.274800e+02 -1.457430e+02  0.000000e+00
     vertex  1.273594e+02 -1.457930e+02  1.510000e+00
     vertex  1.274800e+02 -1.457430e+02  1.510000e+00
   endloop
 endfacet
 facet normal -3.826834e-01  9.238795e-01  0.000000e+00
   outer loop
     vertex  1.274800e+02 -1.457430e+02  0.000000e+00
     vertex  1.273594e+02 -1.457930e+02  0.000000e+00
     vertex  1.273594e+02 -1.457930e+02  1.510000e+00
   endloop
 endfacet
 facet normal -6.087614e-01  7.933533e-01  0.000000e+00
   outer loop
     vertex  1.275836e+02 -1.456636e+02  0.000000e+00
     vertex  1.274800e+02 -1.457430e+02  1.510000e+00
     vertex  1.275836e+02 -1.456636e+02  1.510000e+00
   endloop
 endfacet
 facet normal -6.087614e-01  7.933533e-01  0.000000e+00
   outer loop
     vertex  1.275836e+02 -1.456636e+02  0.000000e+00
     vertex  1.274800e+02 -1.457430e+02  0.000000e+00
     vertex  1.274800e+02 -1.457430e+02  1.510000e+00
   endloop
 endfacet
 facet normal -7.933533e-01  6.087614e-01  0.000000e+00
   outer loop
     vertex  1.276630e+02 -1.455600e+02  0.000000e+00
     vertex  1.275836e+02 -1.456636e+02  1.510000e+00
     vertex  1.276630e+02 -1.455600e+02  1.510000e+00
   endloop
 endfacet
 facet normal -7.933533e-01  6.087614e-01  0.000000e+00
   outer loop
     vertex  1.276630e+02 -1.455600e+02  0.000000e+00
     vertex  1.275836e+02 -1.456636e+02  0.000000e+00
     vertex  1.275836e+02 -1.456636e+02  1.510000e+00
   endloop
 endfacet
 facet normal -9.238795e-01  3.826834e-01  0.000000e+00
   outer loop
     vertex  1.277130e+02 -1.454394e+02  0.000000e+00
     vertex  1.276630e+02 -1.455600e+02  1.510000e+00
     vertex  1.277130e+02 -1.454394e+02  1.510000e+00
   endloop
 endfacet
 facet normal -9.238795e-01  3.826834e-01  0.000000e+00
   outer loop
     vertex  1.277130e+02 -1.454394e+02  0.000000e+00
     vertex  1.276630e+02 -1.455600e+02  0.000000e+00
     vertex  1.276630e+02 -1.455600e+02  1.510000e+00
   endloop
 endfacet
 facet normal -9.914449e-01  1.305262e-01  0.000000e+00
   outer loop
     vertex  1.277300e+02 -1.453100e+02  0.000000e+00
     vertex  1.277130e+02 -1.454394e+02  1.510000e+00
     vertex  1.277300e+02 -1.453100e+02  1.510000e+00
   endloop
 endfacet
 facet normal -9.914449e-01  1.305262e-01  0.000000e+00
   outer loop
     vertex  1.277300e+02 -1.453100e+02  0.000000e+00
     vertex  1.277130e+02 -1.454394e+02  0.000000e+00
     vertex  1.277130e+02 -1.454394e+02  1.510000e+00
   endloop
 endfacet
 facet normal -9.914449e-01 -1.305262e-01  0.000000e+00
   outer loop
     vertex  1.277130e+02 -1.451806e+02  0.000000e+00
     vertex  1.277300e+02 -1.453100e+02  1.510000e+00
     vertex  1.277130e+02 -1.451806e+02  1.510000e+00
   endloop
 endfacet
 facet normal -9.914449e-01 -1.305262e-01  0.000000e+00
   outer loop
     vertex  1.277130e+02 -1.451806e+02  0.000000e+00
     vertex  1.277300e+02 -1.453100e+02  0.000000e+00
     vertex  1.277300e+02 -1.453100e+02  1.510000e+00
   endloop
 endfacet
 facet normal -9.238795e-01 -3.826834e-01  0.000000e+00
   outer loop
     vertex  1.276630e+02 -1.450600e+02  0.000000e+00
     vertex  1.277130e+02 -1.451806e+02  1.510000e+00
     vertex  1.276630e+02 -1.450600e+02  1.510000e+00
   endloop
 endfacet
 facet normal -9.238795e-01 -3.826834e-01  0.000000e+00
   outer loop
     vertex  1.276630e+02 -1.450600e+02  0.000000e+00
     vertex  1.277130e+02 -1.451806e+02  0.000000e+00
     vertex  1.277130e+02 -1.451806e+02  1.510000e+00
   endloop
 endfacet
 facet normal -7.933533e-01 -6.087614e-01  0.000000e+00
   outer loop
     vertex  1.275836e+02 -1.449564e+02  0.000000e+00
     vertex  1.276630e+02 -1.450600e+02  1.510000e+00
     vertex  1.275836e+02 -1.449564e+02  1.510000e+00
   endloop
 endfacet
 facet normal -7.933533e-01 -6.087614e-01  0.000000e+00
   outer loop
     vertex  1.275836e+02 -1.449564e+02  0.000000e+00
     vertex  1.276630e+02 -1.450600e+02  0.000000e+00
     vertex  1.276630e+02 -1.450600e+02  1.510000e+00
   endloop
 endfacet
 facet normal -6.087614e-01 -7.933533e-01  0.000000e+00
   outer loop
     vertex  1.274800e+02 -1.448770e+02  0.000000e+00
     vertex  1.275836e+02 -1.449564e+02  1.510000e+00
     vertex  1.274800e+02 -1.448770e+02  1.510000e+00
   endloop
 endfacet
 facet normal -6.087614e-01 -7.933533e-01  0.000000e+00
   outer loop
     vertex  1.274800e+02 -1.448770e+02  0.000000e+00
     vertex  1.275836e+02 -1.449564e+02  0.000000e+00
     vertex  1.275836e+02 -1.449564e+02  1.510000e+00
   endloop
 endfacet
 facet normal -3.826834e-01 -9.238795e-01  0.000000e+00
   outer loop
     vertex  1.273594e+02 -1.448270e+02  0.000000e+00
     vertex  1.274800e+02 -1.448770e+02  1.510000e+00
     vertex  1.273594e+02 -1.448270e+02  1.510000e+00
   endloop
 endfacet
 facet normal -3.826834e-01 -9.238795e-01  0.000000e+00
   outer loop
     vertex  1.273594e+02 -1.448270e+02  0.000000e+00
     vertex  1.274800e+02 -1.448770e+02  0.000000e+00
     vertex  1.274800e+02 -1.448770e+02  1.510000e+00
   endloop
 endfacet
 facet normal -1.305262e-01 -9.914449e-01  0.000000e+00
   outer loop
     vertex  1.272300e+02 -1.448100e+02  0.000000e+00
     vertex  1.273594e+02 -1.448270e+02  1.510000e+00
     vertex  1.272300e+02 -1.448100e+02  1.510000e+00
   endloop
 endfacet
 facet normal -1.305262e-01 -9.914449e-01  0.000000e+00
   outer loop
     vertex  1.272300e+02 -1.448100e+02  0.000000e+00
     vertex  1.273594e+02 -1.448270e+02  0.000000e+00
     vertex  1.273594e+02 -1.448270e+02  1.510000e+00
   endloop
 endfacet
 facet normal  1.305262e-01 -9.914449e-01  0.000000e+00
   outer loop
     vertex  1.271006e+02 -1.448270e+02  0.000000e+00
     vertex  1.272300e+02 -1.448100e+02  1.510000e+00
     vertex  1.271006e+02 -1.448270e+02  1.510000e+00
   endloop
 endfacet
 facet normal  1.305262e-01 -9.914449e-01  0.000000e+00
   outer loop
     vertex  1.271006e+02 -1.448270e+02  0.000000e+00
     vertex  1.272300e+02 -1.448100e+02  0.000000e+00
     vertex  1.272300e+02 -1.448100e+02  1.510000e+00
   endloop
 endfacet
 facet normal  3.826834e-01 -9.238795e-01  0.000000e+00
   outer loop
     vertex  1.269800e+02 -1.448770e+02  0.000000e+00
     vertex  1.271006e+02 -1.448270e+02  0.000000e+00
     vertex  1.271006e+02 -1.448270e+02  1.510000e+00
   endloop
 endfacet
 facet normal  3.826834e-01 -9.238795e-01  0.000000e+00
   outer loop
     vertex  1.269800e+02 -1.448770e+02  0.000000e+00
     vertex  1.271006e+02 -1.448270e+02  1.510000e+00
     vertex  1.269800e+02 -1.448770e+02  1.510000e+00
   endloop
 endfacet
 facet normal  6.087614e-01 -7.933533e-01  0.000000e+00
   outer loop
     vertex  1.268764e+02 -1.449564e+02  0.000000e+00
     vertex  1.269800e+02 -1.448770e+02  0.000000e+00
     vertex  1.269800e+02 -1.448770e+02  1.510000e+00
   endloop
 endfacet
 facet normal  7.933533e-01 -6.087614e-01  0.000000e+00
   outer loop
     vertex  1.268764e+02 -1.449564e+02  0.000000e+00
     vertex  1.268764e+02 -1.449564e+02  1.510000e+00
     vertex  1.267970e+02 -1.450600e+02  1.510000e+00
   endloop
 endfacet
 facet normal  6.087614e-01 -7.933533e-01  0.000000e+00
   outer loop
     vertex  1.268764e+02 -1.449564e+02  0.000000e+00
     vertex  1.269800e+02 -1.448770e+02  1.510000e+00
     vertex  1.268764e+02 -1.449564e+02  1.510000e+00
   endloop
 endfacet
 facet normal  7.933533e-01 -6.087614e-01  0.000000e+00
   outer loop
     vertex  1.267970e+02 -1.450600e+02  0.000000e+00
     vertex  1.268764e+02 -1.449564e+02  0.000000e+00
     vertex  1.267970e+02 -1.450600e+02  1.510000e+00
   endloop
 endfacet
 facet normal  9.238795e-01 -3.826834e-01  0.000000e+00
   outer loop
     vertex  1.267970e+02 -1.450600e+02  0.000000e+00
     vertex  1.267970e+02 -1.450600e+02  1.510000e+00
     vertex  1.267470e+02 -1.451806e+02  1.510000e+00
   endloop
 endfacet
 facet normal  9.238795e-01 -3.826834e-01  0.000000e+00
   outer loop
     vertex  1.267470e+02 -1.451806e+02  0.000000e+00
     vertex  1.267970e+02 -1.450600e+02  0.000000e+00
     vertex  1.267470e+02 -1.451806e+02  1.510000e+00
   endloop
 endfacet
 facet normal  9.914449e-01 -1.305262e-01  0.000000e+00
   outer loop
     vertex  1.267300e+02 -1.453100e+02  0.000000e+00
     vertex  1.267470e+02 -1.451806e+02  0.000000e+00
     vertex  1.267470e+02 -1.451806e+02  1.510000e+00
   endloop
 endfacet
 facet normal  9.914449e-01 -1.305262e-01  0.000000e+00
   outer loop
     vertex  1.267300e+02 -1.453100e+02  0.000000e+00
     vertex  1.267470e+02 -1.451806e+02  1.510000e+00
     vertex  1.267300e+02 -1.453100e+02  1.510000e+00
   endloop
 endfacet
 facet normal  9.914449e-01  1.305262e-01 -0.000000e+00
   outer loop
     vertex  1.267470e+02 -1.454394e+02  0.000000e+00
     vertex  1.267300e+02 -1.453100e+02  1.510000e+00
     vertex  1.267470e+02 -1.454394e+02  1.510000e+00
   endloop
 endfacet
 facet normal  9.914449e-01  1.305262e-01  0.000000e+00
   outer loop
     vertex  1.267470e+02 -1.454394e+02  0.000000e+00
     vertex  1.267300e+02 -1.453100e+02  0.000000e+00
     vertex  1.267300e+02 -1.453100e+02  1.510000e+00
   endloop
 endfacet
 facet normal  9.238795e-01  3.826834e-01 -0.000000e+00
   outer loop
     vertex  1.267970e+02 -1.455600e+02  0.000000e+00
     vertex  1.267470e+02 -1.454394e+02  1.510000e+00
     vertex  1.267970e+02 -1.455600e+02  1.510000e+00
   endloop
 endfacet
 facet normal  9.238795e-01  3.826834e-01  0.000000e+00
   outer loop
     vertex  1.267970e+02 -1.455600e+02  0.000000e+00
     vertex  1.267470e+02 -1.454394e+02  0.000000e+00
     vertex  1.267470e+02 -1.454394e+02  1.510000e+00
   endloop
 endfacet
 facet normal  6.087614e-01  7.933533e-01 -0.000000e+00
   outer loop
     vertex  1.268764e+02 -1.456636e+02  0.000000e+00
     vertex  1.268764e+02 -1.456636e+02  1.510000e+00
     vertex  1.269800e+02 -1.457430e+02  1.510000e+00
   endloop
 endfacet
 facet normal  7.933533e-01  6.087614e-01 -0.000000e+00
   outer loop
     vertex  1.268764e+02 -1.456636e+02  0.000000e+00
     vertex  1.267970e+02 -1.455600e+02  1.510000e+00
     vertex  1.268764e+02 -1.456636e+02  1.510000e+00
   endloop
 endfacet
 facet normal  7.933533e-01  6.087614e-01  0.000000e+00
   outer loop
     vertex  1.268764e+02 -1.456636e+02  0.000000e+00
     vertex  1.267970e+02 -1.455600e+02  0.000000e+00
     vertex  1.267970e+02 -1.455600e+02  1.510000e+00
   endloop
 endfacet
 facet normal  6.087614e-01  7.933533e-01 -0.000000e+00
   outer loop
     vertex  1.269800e+02 -1.457430e+02  0.000000e+00
     vertex  1.268764e+02 -1.456636e+02  0.000000e+00
     vertex  1.269800e+02 -1.457430e+02  1.510000e+00
   endloop
 endfacet
 facet normal  3.826834e-01  9.238795e-01 -0.000000e+00
   outer loop
     vertex  1.271006e+02 -1.457930e+02  0.000000e+00
     vertex  1.269800e+02 -1.457430e+02  1.510000e+00
     vertex  1.271006e+02 -1.457930e+02  1.510000e+00
   endloop
 endfacet
 facet normal  3.826834e-01  9.238795e-01  0.000000e+00
   outer loop
     vertex  1.271006e+02 -1.457930e+02  0.000000e+00
     vertex  1.269800e+02 -1.457430e+02  0.000000e+00
     vertex  1.269800e+02 -1.457430e+02  1.510000e+00
   endloop
 endfacet
 facet normal  1.305262e-01  9.914449e-01 -0.000000e+00
   outer loop
     vertex  1.272300e+02 -1.458100e+02  0.000000e+00
     vertex  1.271006e+02 -1.457930e+02  1.510000e+00
     vertex  1.272300e+02 -1.458100e+02  1.510000e+00
   endloop
 endfacet
 facet normal  1.305262e-01  9.914449e-01  0.000000e+00
   outer loop
     vertex  1.272300e+02 -1.458100e+02  0.000000e+00
     vertex  1.271006e+02 -1.457930e+02  0.000000e+00
     vertex  1.271006e+02 -1.457930e+02  1.510000e+00
   endloop
 endfacet
 facet normal -1.305262e-01  9.914449e-01  0.000000e+00
   outer loop
     vertex  1.273594e+02 -1.432530e+02  0.000000e+00
     vertex  1.272300e+02 -1.432700e+02  0.000000e+00
     vertex  1.272300e+02 -1.432700e+02  1.510000e+00
   endloop
 endfacet
 facet normal -1.305262e-01  9.914449e-01  0.000000e+00
   outer loop
     vertex  1.273594e+02 -1.432530e+02  0.000000e+00
     vertex  1.272300e+02 -1.432700e+02  1.510000e+00
     vertex  1.273594e+02 -1.432530e+02  1.510000e+00
   endloop
 endfacet
 facet normal -3.826834e-01  9.238795e-01  0.000000e+00
   outer loop
     vertex  1.274800e+02 -1.432030e+02  0.000000e+00
     vertex  1.273594e+02 -1.432530e+02  1.510000e+00
     vertex  1.274800e+02 -1.432030e+02  1.510000e+00
   endloop
 endfacet
 facet normal -3.826834e-01  9.238795e-01  0.000000e+00
   outer loop
     vertex  1.274800e+02 -1.432030e+02  0.000000e+00
     vertex  1.273594e+02 -1.432530e+02  0.000000e+00
     vertex  1.273594e+02 -1.432530e+02  1.510000e+00
   endloop
 endfacet
 facet normal -6.087614e-01  7.933533e-01  0.000000e+00
   outer loop
     vertex  1.275836e+02 -1.431236e+02  0.000000e+00
     vertex  1.274800e+02 -1.432030e+02  1.510000e+00
     vertex  1.275836e+02 -1.431236e+02  1.510000e+00
   endloop
 endfacet
 facet normal -6.087614e-01  7.933533e-01  0.000000e+00
   outer loop
     vertex  1.275836e+02 -1.431236e+02  0.000000e+00
     vertex  1.274800e+02 -1.432030e+02  0.000000e+00
     vertex  1.274800e+02 -1.432030e+02  1.510000e+00
   endloop
 endfacet
 facet normal -7.933533e-01  6.087614e-01  0.000000e+00
   outer loop
     vertex  1.276630e+02 -1.430200e+02  0.000000e+00
     vertex  1.275836e+02 -1.431236e+02  1.510000e+00
     vertex  1.276630e+02 -1.430200e+02  1.510000e+00
   endloop
 endfacet
 facet normal -7.933533e-01  6.087614e-01  0.000000e+00
   outer loop
     vertex  1.276630e+02 -1.430200e+02  0.000000e+00
     vertex  1.275836e+02 -1.431236e+02  0.000000e+00
     vertex  1.275836e+02 -1.431236e+02  1.510000e+00
   endloop
 endfacet
 facet normal -9.238795e-01  3.826834e-01  0.000000e+00
   outer loop
     vertex  1.277130e+02 -1.428994e+02  0.000000e+00
     vertex  1.276630e+02 -1.430200e+02  1.510000e+00
     vertex  1.277130e+02 -1.428994e+02  1.510000e+00
   endloop
 endfacet
 facet normal -9.238795e-01  3.826834e-01  0.000000e+00
   outer loop
     vertex  1.277130e+02 -1.428994e+02  0.000000e+00
     vertex  1.276630e+02 -1.430200e+02  0.000000e+00
     vertex  1.276630e+02 -1.430200e+02  1.510000e+00
   endloop
 endfacet
 facet normal -9.914449e-01  1.305262e-01  0.000000e+00
   outer loop
     vertex  1.277300e+02 -1.427700e+02  0.000000e+00
     vertex  1.277130e+02 -1.428994e+02  1.510000e+00
     vertex  1.277300e+02 -1.427700e+02  1.510000e+00
   endloop
 endfacet
 facet normal -9.914449e-01  1.305262e-01  0.000000e+00
   outer loop
     vertex  1.277300e+02 -1.427700e+02  0.000000e+00
     vertex  1.277130e+02 -1.428994e+02  0.000000e+00
     vertex  1.277130e+02 -1.428994e+02  1.510000e+00
   endloop
 endfacet
 facet normal -9.914449e-01 -1.305262e-01  0.000000e+00
   outer loop
     vertex  1.277130e+02 -1.426406e+02  0.000000e+00
     vertex  1.277300e+02 -1.427700e+02  1.510000e+00
     vertex  1.277130e+02 -1.426406e+02  1.510000e+00
   endloop
 endfacet
 facet normal -9.914449e-01 -1.305262e-01  0.000000e+00
   outer loop
     vertex  1.277130e+02 -1.426406e+02  0.000000e+00
     vertex  1.277300e+02 -1.427700e+02  0.000000e+00
     vertex  1.277300e+02 -1.427700e+02  1.510000e+00
   endloop
 endfacet
 facet normal -9.238795e-01 -3.826834e-01  0.000000e+00
   outer loop
     vertex  1.276630e+02 -1.425200e+02  0.000000e+00
     vertex  1.277130e+02 -1.426406e+02  1.510000e+00
     vertex  1.276630e+02 -1.425200e+02  1.510000e+00
   endloop
 endfacet
 facet normal -9.238795e-01 -3.826834e-01  0.000000e+00
   outer loop
     vertex  1.276630e+02 -1.425200e+02  0.000000e+00
     vertex  1.277130e+02 -1.426406e+02  0.000000e+00
     vertex  1.277130e+02 -1.426406e+02  1.510000e+00
   endloop
 endfacet
 facet normal -7.933533e-01 -6.087614e-01  0.000000e+00
   outer loop
     vertex  1.275836e+02 -1.424164e+02  0.000000e+00
     vertex  1.276630e+02 -1.425200e+02  1.510000e+00
     vertex  1.275836e+02 -1.424164e+02  1.510000e+00
   endloop
 endfacet
 facet normal -7.933533e-01 -6.087614e-01  0.000000e+00
   outer loop
     vertex  1.275836e+02 -1.424164e+02  0.000000e+00
     vertex  1.276630e+02 -1.425200e+02  0.000000e+00
     vertex  1.276630e+02 -1.425200e+02  1.510000e+00
   endloop
 endfacet
 facet normal -6.087614e-01 -7.933533e-01  0.000000e+00
   outer loop
     vertex  1.274800e+02 -1.423370e+02  0.000000e+00
     vertex  1.275836e+02 -1.424164e+02  1.510000e+00
     vertex  1.274800e+02 -1.423370e+02  1.510000e+00
   endloop
 endfacet
 facet normal -6.087614e-01 -7.933533e-01  0.000000e+00
   outer loop
     vertex  1.274800e+02 -1.423370e+02  0.000000e+00
     vertex  1.275836e+02 -1.424164e+02  0.000000e+00
     vertex  1.275836e+02 -1.424164e+02  1.510000e+00
   endloop
 endfacet
 facet normal -3.826834e-01 -9.238795e-01  0.000000e+00
   outer loop
     vertex  1.273594e+02 -1.422870e+02  0.000000e+00
     vertex  1.274800e+02 -1.423370e+02  1.510000e+00
     vertex  1.273594e+02 -1.422870e+02  1.510000e+00
   endloop
 endfacet
 facet normal -3.826834e-01 -9.238795e-01  0.000000e+00
   outer loop
     vertex  1.273594e+02 -1.422870e+02  0.000000e+00
     vertex  1.274800e+02 -1.423370e+02  0.000000e+00
     vertex  1.274800e+02 -1.423370e+02  1.510000e+00
   endloop
 endfacet
 facet normal -1.305262e-01 -9.914449e-01  0.000000e+00
   outer loop
     vertex  1.272300e+02 -1.422700e+02  0.000000e+00
     vertex  1.273594e+02 -1.422870e+02  1.510000e+00
     vertex  1.272300e+02 -1.422700e+02  1.510000e+00
   endloop
 endfacet
 facet normal -1.305262e-01 -9.914449e-01  0.000000e+00
   outer loop
     vertex  1.272300e+02 -1.422700e+02  0.000000e+00
     vertex  1.273594e+02 -1.422870e+02  0.000000e+00
     vertex  1.273594e+02 -1.422870e+02  1.510000e+00
   endloop
 endfacet
 facet normal  1.305262e-01 -9.914449e-01  0.000000e+00
   outer loop
     vertex  1.271006e+02 -1.422870e+02  0.000000e+00
     vertex  1.272300e+02 -1.422700e+02  1.510000e+00
     vertex  1.271006e+02 -1.422870e+02  1.510000e+00
   endloop
 endfacet
 facet normal  1.305262e-01 -9.914449e-01  0.000000e+00
   outer loop
     vertex  1.271006e+02 -1.422870e+02  0.000000e+00
     vertex  1.272300e+02 -1.422700e+02  0.000000e+00
     vertex  1.272300e+02 -1.422700e+02  1.510000e+00
   endloop
 endfacet
 facet normal  3.826834e-01 -9.238795e-01  0.000000e+00
   outer loop
     vertex  1.269800e+02 -1.423370e+02  0.000000e+00
     vertex  1.271006e+02 -1.422870e+02  0.000000e+00
     vertex  1.271006e+02 -1.422870e+02  1.510000e+00
   endloop
 endfacet
 facet normal  3.826834e-01 -9.238795e-01  0.000000e+00
   outer loop
     vertex  1.269800e+02 -1.423370e+02  0.000000e+00
     vertex  1.271006e+02 -1.422870e+02  1.510000e+00
     vertex  1.269800e+02 -1.423370e+02  1.510000e+00
   endloop
 endfacet
 facet normal  6.087614e-01 -7.933533e-01  0.000000e+00
   outer loop
     vertex  1.268764e+02 -1.424164e+02  0.000000e+00
     vertex  1.269800e+02 -1.423370e+02  0.000000e+00
     vertex  1.269800e+02 -1.423370e+02  1.510000e+00
   endloop
 endfacet
 facet normal  7.933533e-01 -6.087614e-01  0.000000e+00
   outer loop
     vertex  1.268764e+02 -1.424164e+02  0.000000e+00
     vertex  1.268764e+02 -1.424164e+02  1.510000e+00
     vertex  1.267970e+02 -1.425200e+02  1.510000e+00
   endloop
 endfacet
 facet normal  6.087614e-01 -7.933533e-01  0.000000e+00
   outer loop
     vertex  1.268764e+02 -1.424164e+02  0.000000e+00
     vertex  1.269800e+02 -1.423370e+02  1.510000e+00
     vertex  1.268764e+02 -1.424164e+02  1.510000e+00
   endloop
 endfacet
 facet normal  7.933533e-01 -6.087614e-01  0.000000e+00
   outer loop
     vertex  1.267970e+02 -1.425200e+02  0.000000e+00
     vertex  1.268764e+02 -1.424164e+02  0.000000e+00
     vertex  1.267970e+02 -1.425200e+02  1.510000e+00
   endloop
 endfacet
 facet normal  9.238795e-01 -3.826834e-01  0.000000e+00
   outer loop
     vertex  1.267970e+02 -1.425200e+02  0.000000e+00
     vertex  1.267970e+02 -1.425200e+02  1.510000e+00
     vertex  1.267470e+02 -1.426406e+02  1.510000e+00
   endloop
 endfacet
 facet normal  9.238795e-01 -3.826834e-01  0.000000e+00
   outer loop
     vertex  1.267470e+02 -1.426406e+02  0.000000e+00
     vertex  1.267970e+02 -1.425200e+02  0.000000e+00
     vertex  1.267470e+02 -1.426406e+02  1.510000e+00
   endloop
 endfacet
 facet normal  9.914449e-01 -1.305262e-01  0.000000e+00
   outer loop
     vertex  1.267300e+02 -1.427700e+02  0.000000e+00
     vertex  1.267470e+02 -1.426406e+02  0.000000e+00
     vertex  1.267470e+02 -1.426406e+02  1.510000e+00
   endloop
 endfacet
 facet normal  9.914449e-01 -1.305262e-01  0.000000e+00
   outer loop
     vertex  1.267300e+02 -1.427700e+02  0.000000e+00
     vertex  1.267470e+02 -1.426406e+02  1.510000e+00
     vertex  1.267300e+02 -1.427700e+02  1.510000e+00
   endloop
 endfacet
 facet normal  9.914449e-01  1.305262e-01 -0.000000e+00
   outer loop
     vertex  1.267470e+02 -1.428994e+02  0.000000e+00
     vertex  1.267300e+02 -1.427700e+02  1.510000e+00
     vertex  1.267470e+02 -1.428994e+02  1.510000e+00
   endloop
 endfacet
 facet normal  9.914449e-01  1.305262e-01  0.000000e+00
   outer loop
     vertex  1.267470e+02 -1.428994e+02  0.000000e+00
     vertex  1.267300e+02 -1.427700e+02  0.000000e+00
     vertex  1.267300e+02 -1.427700e+02  1.510000e+00
   endloop
 endfacet
 facet normal  9.238795e-01  3.826834e-01 -0.000000e+00
   outer loop
     vertex  1.267970e+02 -1.430200e+02  0.000000e+00
     vertex  1.267470e+02 -1.428994e+02  1.510000e+00
     vertex  1.267970e+02 -1.430200e+02  1.510000e+00
   endloop
 endfacet
 facet normal  9.238795e-01  3.826834e-01  0.000000e+00
   outer loop
     vertex  1.267970e+02 -1.430200e+02  0.000000e+00
     vertex  1.267470e+02 -1.428994e+02  0.000000e+00
     vertex  1.267470e+02 -1.428994e+02  1.510000e+00
   endloop
 endfacet
 facet normal  6.087614e-01  7.933533e-01 -0.000000e+00
   outer loop
     vertex  1.268764e+02 -1.431236e+02  0.000000e+00
     vertex  1.268764e+02 -1.431236e+02  1.510000e+00
     vertex  1.269800e+02 -1.432030e+02  1.510000e+00
   endloop
 endfacet
 facet normal  7.933533e-01  6.087614e-01 -0.000000e+00
   outer loop
     vertex  1.268764e+02 -1.431236e+02  0.000000e+00
     vertex  1.267970e+02 -1.430200e+02  1.510000e+00
     vertex  1.268764e+02 -1.431236e+02  1.510000e+00
   endloop
 endfacet
 facet normal  7.933533e-01  6.087614e-01  0.000000e+00
   outer loop
     vertex  1.268764e+02 -1.431236e+02  0.000000e+00
     vertex  1.267970e+02 -1.430200e+02  0.000000e+00
     vertex  1.267970e+02 -1.430200e+02  1.510000e+00
   endloop
 endfacet
 facet normal  6.087614e-01  7.933533e-01 -0.000000e+00
   outer loop
     vertex  1.269800e+02 -1.432030e+02  0.000000e+00
     vertex  1.268764e+02 -1.431236e+02  0.000000e+00
     vertex  1.269800e+02 -1.432030e+02  1.510000e+00
   endloop
 endfacet
 facet normal  3.826834e-01  9.238795e-01 -0.000000e+00
   outer loop
     vertex  1.271006e+02 -1.432530e+02  0.000000e+00
     vertex  1.269800e+02 -1.432030e+02  1.510000e+00
     vertex  1.271006e+02 -1.432530e+02  1.510000e+00
   endloop
 endfacet
 facet normal  3.826834e-01  9.238795e-01  0.000000e+00
   outer loop
     vertex  1.271006e+02 -1.432530e+02  0.000000e+00
     vertex  1.269800e+02 -1.432030e+02  0.000000e+00
     vertex  1.269800e+02 -1.432030e+02  1.510000e+00
   endloop
 endfacet
 facet normal  1.305262e-01  9.914449e-01 -0.000000e+00
   outer loop
     vertex  1.272300e+02 -1.432700e+02  0.000000e+00
     vertex  1.271006e+02 -1.432530e+02  1.510000e+00
     vertex  1.272300e+02 -1.432700e+02  1.510000e+00
   endloop
 endfacet
 facet normal  1.305262e-01  9.914449e-01  0.000000e+00
   outer loop
     vertex  1.272300e+02 -1.432700e+02  0.000000e+00
     vertex  1.271006e+02 -1.432530e+02  0.000000e+00
     vertex  1.271006e+02 -1.432530e+02  1.510000e+00
   endloop
 endfacet
 facet normal -1.305262e-01  9.914449e-01  0.000000e+00
   outer loop
     vertex  1.298994e+02 -1.483330e+02  0.000000e+00
     vertex  1.297700e+02 -1.483500e+02  0.000000e+00
     vertex  1.297700e+02 -1.483500e+02  1.510000e+00
   endloop
 endfacet
 facet normal -1.305262e-01  9.914449e-01  0.000000e+00
   outer loop
     vertex  1.298994e+02 -1.483330e+02  0.000000e+00
     vertex  1.297700e+02 -1.483500e+02  1.510000e+00
     vertex  1.298994e+02 -1.483330e+02  1.510000e+00
   endloop
 endfacet
 facet normal -3.826834e-01  9.238795e-01  0.000000e+00
   outer loop
     vertex  1.300200e+02 -1.482830e+02  0.000000e+00
     vertex  1.298994e+02 -1.483330e+02  1.510000e+00
     vertex  1.300200e+02 -1.482830e+02  1.510000e+00
   endloop
 endfacet
 facet normal -3.826834e-01  9.238795e-01  0.000000e+00
   outer loop
     vertex  1.300200e+02 -1.482830e+02  0.000000e+00
     vertex  1.298994e+02 -1.483330e+02  0.000000e+00
     vertex  1.298994e+02 -1.483330e+02  1.510000e+00
   endloop
 endfacet
 facet normal -6.087614e-01  7.933533e-01  0.000000e+00
   outer loop
     vertex  1.301236e+02 -1.482036e+02  0.000000e+00
     vertex  1.300200e+02 -1.482830e+02  1.510000e+00
     vertex  1.301236e+02 -1.482036e+02  1.510000e+00
   endloop
 endfacet
 facet normal -6.087614e-01  7.933533e-01  0.000000e+00
   outer loop
     vertex  1.301236e+02 -1.482036e+02  0.000000e+00
     vertex  1.300200e+02 -1.482830e+02  0.000000e+00
     vertex  1.300200e+02 -1.482830e+02  1.510000e+00
   endloop
 endfacet
 facet normal -7.933533e-01  6.087614e-01  0.000000e+00
   outer loop
     vertex  1.302030e+02 -1.481000e+02  0.000000e+00
     vertex  1.301236e+02 -1.482036e+02  1.510000e+00
     vertex  1.302030e+02 -1.481000e+02  1.510000e+00
   endloop
 endfacet
 facet normal -7.933533e-01  6.087614e-01  0.000000e+00
   outer loop
     vertex  1.302030e+02 -1.481000e+02  0.000000e+00
     vertex  1.301236e+02 -1.482036e+02  0.000000e+00
     vertex  1.301236e+02 -1.482036e+02  1.510000e+00
   endloop
 endfacet
 facet normal -9.238795e-01  3.826834e-01  0.000000e+00
   outer loop
     vertex  1.302530e+02 -1.479794e+02  0.000000e+00
     vertex  1.302030e+02 -1.481000e+02  1.510000e+00
     vertex  1.302530e+02 -1.479794e+02  1.510000e+00
   endloop
 endfacet
 facet normal -9.238795e-01  3.826834e-01  0.000000e+00
   outer loop
     vertex  1.302530e+02 -1.479794e+02  0.000000e+00
     vertex  1.302030e+02 -1.481000e+02  0.000000e+00
     vertex  1.302030e+02 -1.481000e+02  1.510000e+00
   endloop
 endfacet
 facet normal -9.914449e-01  1.305262e-01  0.000000e+00
   outer loop
     vertex  1.302700e+02 -1.478500e+02  0.000000e+00
     vertex  1.302530e+02 -1.479794e+02  1.510000e+00
     vertex  1.302700e+02 -1.478500e+02  1.510000e+00
   endloop
 endfacet
 facet normal -9.914449e-01  1.305262e-01  0.000000e+00
   outer loop
     vertex  1.302700e+02 -1.478500e+02  0.000000e+00
     vertex  1.302530e+02 -1.479794e+02  0.000000e+00
     vertex  1.302530e+02 -1.479794e+02  1.510000e+00
   endloop
 endfacet
 facet normal -9.914449e-01 -1.305262e-01  0.000000e+00
   outer loop
     vertex  1.302530e+02 -1.477206e+02  0.000000e+00
     vertex  1.302700e+02 -1.478500e+02  1.510000e+00
     vertex  1.302530e+02 -1.477206e+02  1.510000e+00
   endloop
 endfacet
 facet normal -9.914449e-01 -1.305262e-01  0.000000e+00
   outer loop
     vertex  1.302530e+02 -1.477206e+02  0.000000e+00
     vertex  1.302700e+02 -1.478500e+02  0.000000e+00
     vertex  1.302700e+02 -1.478500e+02  1.510000e+00
   endloop
 endfacet
 facet normal -9.238795e-01 -3.826834e-01  0.000000e+00
   outer loop
     vertex  1.302030e+02 -1.476000e+02  0.000000e+00
     vertex  1.302530e+02 -1.477206e+02  1.510000e+00
     vertex  1.302030e+02 -1.476000e+02  1.510000e+00
   endloop
 endfacet
 facet normal -9.238795e-01 -3.826834e-01  0.000000e+00
   outer loop
     vertex  1.302030e+02 -1.476000e+02  0.000000e+00
     vertex  1.302530e+02 -1.477206e+02  0.000000e+00
     vertex  1.302530e+02 -1.477206e+02  1.510000e+00
   endloop
 endfacet
 facet normal -7.933533e-01 -6.087614e-01  0.000000e+00
   outer loop
     vertex  1.301236e+02 -1.474964e+02  0.000000e+00
     vertex  1.302030e+02 -1.476000e+02  1.510000e+00
     vertex  1.301236e+02 -1.474964e+02  1.510000e+00
   endloop
 endfacet
 facet normal -7.933533e-01 -6.087614e-01  0.000000e+00
   outer loop
     vertex  1.301236e+02 -1.474964e+02  0.000000e+00
     vertex  1.302030e+02 -1.476000e+02  0.000000e+00
     vertex  1.302030e+02 -1.476000e+02  1.510000e+00
   endloop
 endfacet
 facet normal -6.087614e-01 -7.933533e-01  0.000000e+00
   outer loop
     vertex  1.300200e+02 -1.474170e+02  0.000000e+00
     vertex  1.301236e+02 -1.474964e+02  1.510000e+00
     vertex  1.300200e+02 -1.474170e+02  1.510000e+00
   endloop
 endfacet
 facet normal -6.087614e-01 -7.933533e-01  0.000000e+00
   outer loop
     vertex  1.300200e+02 -1.474170e+02  0.000000e+00
     vertex  1.301236e+02 -1.474964e+02  0.000000e+00
     vertex  1.301236e+02 -1.474964e+02  1.510000e+00
   endloop
 endfacet
 facet normal -3.826834e-01 -9.238795e-01  0.000000e+00
   outer loop
     vertex  1.298994e+02 -1.473670e+02  0.000000e+00
     vertex  1.300200e+02 -1.474170e+02  1.510000e+00
     vertex  1.298994e+02 -1.473670e+02  1.510000e+00
   endloop
 endfacet
 facet normal -3.826834e-01 -9.238795e-01  0.000000e+00
   outer loop
     vertex  1.298994e+02 -1.473670e+02  0.000000e+00
     vertex  1.300200e+02 -1.474170e+02  0.000000e+00
     vertex  1.300200e+02 -1.474170e+02  1.510000e+00
   endloop
 endfacet
 facet normal -1.305262e-01 -9.914449e-01  0.000000e+00
   outer loop
     vertex  1.297700e+02 -1.473500e+02  0.000000e+00
     vertex  1.298994e+02 -1.473670e+02  1.510000e+00
     vertex  1.297700e+02 -1.473500e+02  1.510000e+00
   endloop
 endfacet
 facet normal -1.305262e-01 -9.914449e-01  0.000000e+00
   outer loop
     vertex  1.297700e+02 -1.473500e+02  0.000000e+00
     vertex  1.298994e+02 -1.473670e+02  0.000000e+00
     vertex  1.298994e+02 -1.473670e+02  1.510000e+00
   endloop
 endfacet
 facet normal  1.305262e-01 -9.914449e-01  0.000000e+00
   outer loop
     vertex  1.296406e+02 -1.473670e+02  0.000000e+00
     vertex  1.297700e+02 -1.473500e+02  1.510000e+00
     vertex  1.296406e+02 -1.473670e+02  1.510000e+00
   endloop
 endfacet
 facet normal  1.305262e-01 -9.914449e-01  0.000000e+00
   outer loop
     vertex  1.296406e+02 -1.473670e+02  0.000000e+00
     vertex  1.297700e+02 -1.473500e+02  0.000000e+00
     vertex  1.297700e+02 -1.473500e+02  1.510000e+00
   endloop
 endfacet
 facet normal  3.826834e-01 -9.238795e-01  0.000000e+00
   outer loop
     vertex  1.295200e+02 -1.474170e+02  0.000000e+00
     vertex  1.296406e+02 -1.473670e+02  0.000000e+00
     vertex  1.296406e+02 -1.473670e+02  1.510000e+00
   endloop
 endfacet
 facet normal  3.826834e-01 -9.238795e-01  0.000000e+00
   outer loop
     vertex  1.295200e+02 -1.474170e+02  0.000000e+00
     vertex  1.296406e+02 -1.473670e+02  1.510000e+00
     vertex  1.295200e+02 -1.474170e+02  1.510000e+00
   endloop
 endfacet
 facet normal  6.087614e-01 -7.933533e-01  0.000000e+00
   outer loop
     vertex  1.294164e+02 -1.474964e+02  0.000000e+00
     vertex  1.295200e+02 -1.474170e+02  0.000000e+00
     vertex  1.295200e+02 -1.474170e+02  1.510000e+00
   endloop
 endfacet
 facet normal  7.933533e-01 -6.087614e-01  0.000000e+00
   outer loop
     vertex  1.294164e+02 -1.474964e+02  0.000000e+00
     vertex  1.294164e+02 -1.474964e+02  1.510000e+00
     vertex  1.293370e+02 -1.476000e+02  1.510000e+00
   endloop
 endfacet
 facet normal  6.087614e-01 -7.933533e-01  0.000000e+00
   outer loop
     vertex  1.294164e+02 -1.474964e+02  0.000000e+00
     vertex  1.295200e+02 -1.474170e+02  1.510000e+00
     vertex  1.294164e+02 -1.474964e+02  1.510000e+00
   endloop
 endfacet
 facet normal  7.933533e-01 -6.087614e-01  0.000000e+00
   outer loop
     vertex  1.293370e+02 -1.476000e+02  0.000000e+00
     vertex  1.294164e+02 -1.474964e+02  0.000000e+00
     vertex  1.293370e+02 -1.476000e+02  1.510000e+00
   endloop
 endfacet
 facet normal  9.238795e-01 -3.826834e-01  0.000000e+00
   outer loop
     vertex  1.293370e+02 -1.476000e+02  0.000000e+00
     vertex  1.293370e+02 -1.476000e+02  1.510000e+00
     vertex  1.292870e+02 -1.477206e+02  1.510000e+00
   endloop
 endfacet
 facet normal  9.238795e-01 -3.826834e-01  0.000000e+00
   outer loop
     vertex  1.292870e+02 -1.477206e+02  0.000000e+00
     vertex  1.293370e+02 -1.476000e+02  0.000000e+00
     vertex  1.292870e+02 -1.477206e+02  1.510000e+00
   endloop
 endfacet
 facet normal  9.914449e-01 -1.305262e-01  0.000000e+00
   outer loop
     vertex  1.292700e+02 -1.478500e+02  0.000000e+00
     vertex  1.292870e+02 -1.477206e+02  0.000000e+00
     vertex  1.292870e+02 -1.477206e+02  1.510000e+00
   endloop
 endfacet
 facet normal  9.914449e-01 -1.305262e-01  0.000000e+00
   outer loop
     vertex  1.292700e+02 -1.478500e+02  0.000000e+00
     vertex  1.292870e+02 -1.477206e+02  1.510000e+00
     vertex  1.292700e+02 -1.478500e+02  1.510000e+00
   endloop
 endfacet
 facet normal  9.914449e-01  1.305262e-01 -0.000000e+00
   outer loop
     vertex  1.292870e+02 -1.479794e+02  0.000000e+00
     vertex  1.292700e+02 -1.478500e+02  1.510000e+00
     vertex  1.292870e+02 -1.479794e+02  1.510000e+00
   endloop
 endfacet
 facet normal  9.914449e-01  1.305262e-01  0.000000e+00
   outer loop
     vertex  1.292870e+02 -1.479794e+02  0.000000e+00
     vertex  1.292700e+02 -1.478500e+02  0.000000e+00
     vertex  1.292700e+02 -1.478500e+02  1.510000e+00
   endloop
 endfacet
 facet normal  9.238795e-01  3.826834e-01 -0.000000e+00
   outer loop
     vertex  1.293370e+02 -1.481000e+02  0.000000e+00
     vertex  1.292870e+02 -1.479794e+02  1.510000e+00
     vertex  1.293370e+02 -1.481000e+02  1.510000e+00
   endloop
 endfacet
 facet normal  9.238795e-01  3.826834e-01  0.000000e+00
   outer loop
     vertex  1.293370e+02 -1.481000e+02  0.000000e+00
     vertex  1.292870e+02 -1.479794e+02  0.000000e+00
     vertex  1.292870e+02 -1.479794e+02  1.510000e+00
   endloop
 endfacet
 facet normal  6.087614e-01  7.933533e-01 -0.000000e+00
   outer loop
     vertex  1.294164e+02 -1.482036e+02  0.000000e+00
     vertex  1.294164e+02 -1.482036e+02  1.510000e+00
     vertex  1.295200e+02 -1.482830e+02  1.510000e+00
   endloop
 endfacet
 facet normal  7.933533e-01  6.087614e-01 -0.000000e+00
   outer loop
     vertex  1.294164e+02 -1.482036e+02  0.000000e+00
     vertex  1.293370e+02 -1.481000e+02  1.510000e+00
     vertex  1.294164e+02 -1.482036e+02  1.510000e+00
   endloop
 endfacet
 facet normal  7.933533e-01  6.087614e-01  0.000000e+00
   outer loop
     vertex  1.294164e+02 -1.482036e+02  0.000000e+00
     vertex  1.293370e+02 -1.481000e+02  0.000000e+00
     vertex  1.293370e+02 -1.481000e+02  1.510000e+00
   endloop
 endfacet
 facet normal  6.087614e-01  7.933533e-01 -0.000000e+00
   outer loop
     vertex  1.295200e+02 -1.482830e+02  0.000000e+00
     vertex  1.294164e+02 -1.482036e+02  0.000000e+00
     vertex  1.295200e+02 -1.482830e+02  1.510000e+00
   endloop
 endfacet
 facet normal  3.826834e-01  9.238795e-01 -0.000000e+00
   outer loop
     vertex  1.296406e+02 -1.483330e+02  0.000000e+00
     vertex  1.295200e+02 -1.482830e+02  1.510000e+00
     vertex  1.296406e+02 -1.483330e+02  1.510000e+00
   endloop
 endfacet
 facet normal  3.826834e-01  9.238795e-01  0.000000e+00
   outer loop
     vertex  1.296406e+02 -1.483330e+02  0.000000e+00
     vertex  1.295200e+02 -1.482830e+02  0.000000e+00
     vertex  1.295200e+02 -1.482830e+02  1.510000e+00
   endloop
 endfacet
 facet normal  1.305262e-01  9.914449e-01 -0.000000e+00
   outer loop
     vertex  1.297700e+02 -1.483500e+02  0.000000e+00
     vertex  1.296406e+02 -1.483330e+02  1.510000e+00
     vertex  1.297700e+02 -1.483500e+02  1.510000e+00
   endloop
 endfacet
 facet normal  1.305262e-01  9.914449e-01  0.000000e+00
   outer loop
     vertex  1.297700e+02 -1.483500e+02  0.000000e+00
     vertex  1.296406e+02 -1.483330e+02  0.000000e+00
     vertex  1.296406e+02 -1.483330e+02  1.510000e+00
   endloop
 endfacet
 facet normal -1.305262e-01  9.914449e-01  0.000000e+00
   outer loop
     vertex  1.298994e+02 -1.457930e+02  0.000000e+00
     vertex  1.297700e+02 -1.458100e+02  0.000000e+00
     vertex  1.297700e+02 -1.458100e+02  1.510000e+00
   endloop
 endfacet
 facet normal -1.305262e-01  9.914449e-01  0.000000e+00
   outer loop
     vertex  1.298994e+02 -1.457930e+02  0.000000e+00
     vertex  1.297700e+02 -1.458100e+02  1.510000e+00
     vertex  1.298994e+02 -1.457930e+02  1.510000e+00
   endloop
 endfacet
 facet normal -3.826834e-01  9.238795e-01  0.000000e+00
   outer loop
     vertex  1.300200e+02 -1.457430e+02  0.000000e+00
     vertex  1.298994e+02 -1.457930e+02  1.510000e+00
     vertex  1.300200e+02 -1.457430e+02  1.510000e+00
   endloop
 endfacet
 facet normal -3.826834e-01  9.238795e-01  0.000000e+00
   outer loop
     vertex  1.300200e+02 -1.457430e+02  0.000000e+00
     vertex  1.298994e+02 -1.457930e+02  0.000000e+00
     vertex  1.298994e+02 -1.457930e+02  1.510000e+00
   endloop
 endfacet
 facet normal -6.087614e-01  7.933533e-01  0.000000e+00
   outer loop
     vertex  1.301236e+02 -1.456636e+02  0.000000e+00
     vertex  1.300200e+02 -1.457430e+02  1.510000e+00
     vertex  1.301236e+02 -1.456636e+02  1.510000e+00
   endloop
 endfacet
 facet normal -6.087614e-01  7.933533e-01  0.000000e+00
   outer loop
     vertex  1.301236e+02 -1.456636e+02  0.000000e+00
     vertex  1.300200e+02 -1.457430e+02  0.000000e+00
     vertex  1.300200e+02 -1.457430e+02  1.510000e+00
   endloop
 endfacet
 facet normal -7.933533e-01  6.087614e-01  0.000000e+00
   outer loop
     vertex  1.302030e+02 -1.455600e+02  0.000000e+00
     vertex  1.301236e+02 -1.456636e+02  1.510000e+00
     vertex  1.302030e+02 -1.455600e+02  1.510000e+00
   endloop
 endfacet
 facet normal -7.933533e-01  6.087614e-01  0.000000e+00
   outer loop
     vertex  1.302030e+02 -1.455600e+02  0.000000e+00
     vertex  1.301236e+02 -1.456636e+02  0.000000e+00
     vertex  1.301236e+02 -1.456636e+02  1.510000e+00
   endloop
 endfacet
 facet normal -9.238795e-01  3.826834e-01  0.000000e+00
   outer loop
     vertex  1.302530e+02 -1.454394e+02  0.000000e+00
     vertex  1.302030e+02 -1.455600e+02  1.510000e+00
     vertex  1.302530e+02 -1.454394e+02  1.510000e+00
   endloop
 endfacet
 facet normal -9.238795e-01  3.826834e-01  0.000000e+00
   outer loop
     vertex  1.302530e+02 -1.454394e+02  0.000000e+00
     vertex  1.302030e+02 -1.455600e+02  0.000000e+00
     vertex  1.302030e+02 -1.455600e+02  1.510000e+00
   endloop
 endfacet
 facet normal -9.914449e-01  1.305262e-01  0.000000e+00
   outer loop
     vertex  1.302700e+02 -1.453100e+02  0.000000e+00
     vertex  1.302530e+02 -1.454394e+02  1.510000e+00
     vertex  1.302700e+02 -1.453100e+02  1.510000e+00
   endloop
 endfacet
 facet normal -9.914449e-01  1.305262e-01  0.000000e+00
   outer loop
     vertex  1.302700e+02 -1.453100e+02  0.000000e+00
     vertex  1.302530e+02 -1.454394e+02  0.000000e+00
     vertex  1.302530e+02 -1.454394e+02  1.510000e+00
   endloop
 endfacet
 facet normal -9.914449e-01 -1.305262e-01  0.000000e+00
   outer loop
     vertex  1.302530e+02 -1.451806e+02  0.000000e+00
     vertex  1.302700e+02 -1.453100e+02  1.510000e+00
     vertex  1.302530e+02 -1.451806e+02  1.510000e+00
   endloop
 endfacet
 facet normal -9.914449e-01 -1.305262e-01  0.000000e+00
   outer loop
     vertex  1.302530e+02 -1.451806e+02  0.000000e+00
     vertex  1.302700e+02 -1.453100e+02  0.000000e+00
     vertex  1.302700e+02 -1.453100e+02  1.510000e+00
   endloop
 endfacet
 facet normal -9.238795e-01 -3.826834e-01  0.000000e+00
   outer loop
     vertex  1.302030e+02 -1.450600e+02  0.000000e+00
     vertex  1.302530e+02 -1.451806e+02  1.510000e+00
     vertex  1.302030e+02 -1.450600e+02  1.510000e+00
   endloop
 endfacet
 facet normal -9.238795e-01 -3.826834e-01  0.000000e+00
   outer loop
     vertex  1.302030e+02 -1.450600e+02  0.000000e+00
     vertex  1.302530e+02 -1.451806e+02  0.000000e+00
     vertex  1.302530e+02 -1.451806e+02  1.510000e+00
   endloop
 endfacet
 facet normal -7.933533e-01 -6.087614e-01  0.000000e+00
   outer loop
     vertex  1.301236e+02 -1.449564e+02  0.000000e+00
     vertex  1.302030e+02 -1.450600e+02  1.510000e+00
     vertex  1.301236e+02 -1.449564e+02  1.510000e+00
   endloop
 endfacet
 facet normal -7.933533e-01 -6.087614e-01  0.000000e+00
   outer loop
     vertex  1.301236e+02 -1.449564e+02  0.000000e+00
     vertex  1.302030e+02 -1.450600e+02  0.000000e+00
     vertex  1.302030e+02 -1.450600e+02  1.510000e+00
   endloop
 endfacet
 facet normal -6.087614e-01 -7.933533e-01  0.000000e+00
   outer loop
     vertex  1.300200e+02 -1.448770e+02  0.000000e+00
     vertex  1.301236e+02 -1.449564e+02  1.510000e+00
     vertex  1.300200e+02 -1.448770e+02  1.510000e+00
   endloop
 endfacet
 facet normal -6.087614e-01 -7.933533e-01  0.000000e+00
   outer loop
     vertex  1.300200e+02 -1.448770e+02  0.000000e+00
     vertex  1.301236e+02 -1.449564e+02  0.000000e+00
     vertex  1.301236e+02 -1.449564e+02  1.510000e+00
   endloop
 endfacet
 facet normal -3.826834e-01 -9.238795e-01  0.000000e+00
   outer loop
     vertex  1.298994e+02 -1.448270e+02  0.000000e+00
     vertex  1.300200e+02 -1.448770e+02  1.510000e+00
     vertex  1.298994e+02 -1.448270e+02  1.510000e+00
   endloop
 endfacet
 facet normal -3.826834e-01 -9.238795e-01  0.000000e+00
   outer loop
     vertex  1.298994e+02 -1.448270e+02  0.000000e+00
     vertex  1.300200e+02 -1.448770e+02  0.000000e+00
     vertex  1.300200e+02 -1.448770e+02  1.510000e+00
   endloop
 endfacet
 facet normal -1.305262e-01 -9.914449e-01  0.000000e+00
   outer loop
     vertex  1.297700e+02 -1.448100e+02  0.000000e+00
     vertex  1.298994e+02 -1.448270e+02  1.510000e+00
     vertex  1.297700e+02 -1.448100e+02  1.510000e+00
   endloop
 endfacet
 facet normal -1.305262e-01 -9.914449e-01  0.000000e+00
   outer loop
     vertex  1.297700e+02 -1.448100e+02  0.000000e+00
     vertex  1.298994e+02 -1.448270e+02  0.000000e+00
     vertex  1.298994e+02 -1.448270e+02  1.510000e+00
   endloop
 endfacet
 facet normal  1.305262e-01 -9.914449e-01  0.000000e+00
   outer loop
     vertex  1.296406e+02 -1.448270e+02  0.000000e+00
     vertex  1.297700e+02 -1.448100e+02  1.510000e+00
     vertex  1.296406e+02 -1.448270e+02  1.510000e+00
   endloop
 endfacet
 facet normal  1.305262e-01 -9.914449e-01  0.000000e+00
   outer loop
     vertex  1.296406e+02 -1.448270e+02  0.000000e+00
     vertex  1.297700e+02 -1.448100e+02  0.000000e+00
     vertex  1.297700e+02 -1.448100e+02  1.510000e+00
   endloop
 endfacet
 facet normal  3.826834e-01 -9.238795e-01  0.000000e+00
   outer loop
     vertex  1.295200e+02 -1.448770e+02  0.000000e+00
     vertex  1.296406e+02 -1.448270e+02  0.000000e+00
     vertex  1.296406e+02 -1.448270e+02  1.510000e+00
   endloop
 endfacet
 facet normal  3.826834e-01 -9.238795e-01  0.000000e+00
   outer loop
     vertex  1.295200e+02 -1.448770e+02  0.000000e+00
     vertex  1.296406e+02 -1.448270e+02  1.510000e+00
     vertex  1.295200e+02 -1.448770e+02  1.510000e+00
   endloop
 endfacet
 facet normal  6.087614e-01 -7.933533e-01  0.000000e+00
   outer loop
     vertex  1.294164e+02 -1.449564e+02  0.000000e+00
     vertex  1.295200e+02 -1.448770e+02  0.000000e+00
     vertex  1.295200e+02 -1.448770e+02  1.510000e+00
   endloop
 endfacet
 facet normal  7.933533e-01 -6.087614e-01  0.000000e+00
   outer loop
     vertex  1.294164e+02 -1.449564e+02  0.000000e+00
     vertex  1.294164e+02 -1.449564e+02  1.510000e+00
     vertex  1.293370e+02 -1.450600e+02  1.510000e+00
   endloop
 endfacet
 facet normal  6.087614e-01 -7.933533e-01  0.000000e+00
   outer loop
     vertex  1.294164e+02 -1.449564e+02  0.000000e+00
     vertex  1.295200e+02 -1.448770e+02  1.510000e+00
     vertex  1.294164e+02 -1.449564e+02  1.510000e+00
   endloop
 endfacet
 facet normal  7.933533e-01 -6.087614e-01  0.000000e+00
   outer loop
     vertex  1.293370e+02 -1.450600e+02  0.000000e+00
     vertex  1.294164e+02 -1.449564e+02  0.000000e+00
     vertex  1.293370e+02 -1.450600e+02  1.510000e+00
   endloop
 endfacet
 facet normal  9.238795e-01 -3.826834e-01  0.000000e+00
   outer loop
     vertex  1.293370e+02 -1.450600e+02  0.000000e+00
     vertex  1.293370e+02 -1.450600e+02  1.510000e+00
     vertex  1.292870e+02 -1.451806e+02  1.510000e+00
   endloop
 endfacet
 facet normal  9.238795e-01 -3.826834e-01  0.000000e+00
   outer loop
     vertex  1.292870e+02 -1.451806e+02  0.000000e+00
     vertex  1.293370e+02 -1.450600e+02  0.000000e+00
     vertex  1.292870e+02 -1.451806e+02  1.510000e+00
   endloop
 endfacet
 facet normal  9.914449e-01 -1.305262e-01  0.000000e+00
   outer loop
     vertex  1.292700e+02 -1.453100e+02  0.000000e+00
     vertex  1.292870e+02 -1.451806e+02  0.000000e+00
     vertex  1.292870e+02 -1.451806e+02  1.510000e+00
   endloop
 endfacet
 facet normal  9.914449e-01 -1.305262e-01  0.000000e+00
   outer loop
     vertex  1.292700e+02 -1.453100e+02  0.000000e+00
     vertex  1.292870e+02 -1.451806e+02  1.510000e+00
     vertex  1.292700e+02 -1.453100e+02  1.510000e+00
   endloop
 endfacet
 facet normal  9.914449e-01  1.305262e-01 -0.000000e+00
   outer loop
     vertex  1.292870e+02 -1.454394e+02  0.000000e+00
     vertex  1.292700e+02 -1.453100e+02  1.510000e+00
     vertex  1.292870e+02 -1.454394e+02  1.510000e+00
   endloop
 endfacet
 facet normal  9.914449e-01  1.305262e-01  0.000000e+00
   outer loop
     vertex  1.292870e+02 -1.454394e+02  0.000000e+00
     vertex  1.292700e+02 -1.453100e+02  0.000000e+00
     vertex  1.292700e+02 -1.453100e+02  1.510000e+00
   endloop
 endfacet
 facet normal  9.238795e-01  3.826834e-01 -0.000000e+00
   outer loop
     vertex  1.293370e+02 -1.455600e+02  0.000000e+00
     vertex  1.292870e+02 -1.454394e+02  1.510000e+00
     vertex  1.293370e+02 -1.455600e+02  1.510000e+00
   endloop
 endfacet
 facet normal  9.238795e-01  3.826834e-01  0.000000e+00
   outer loop
     vertex  1.293370e+02 -1.455600e+02  0.000000e+00
     vertex  1.292870e+02 -1.454394e+02  0.000000e+00
     vertex  1.292870e+02 -1.454394e+02  1.510000e+00
   endloop
 endfacet
 facet normal  6.087614e-01  7.933533e-01 -0.000000e+00
   outer loop
     vertex  1.294164e+02 -1.456636e+02  0.000000e+00
     vertex  1.294164e+02 -1.456636e+02  1.510000e+00
     vertex  1.295200e+02 -1.457430e+02  1.510000e+00
   endloop
 endfacet
 facet normal  7.933533e-01  6.087614e-01 -0.000000e+00
   outer loop
     vertex  1.294164e+02 -1.456636e+02  0.000000e+00
     vertex  1.293370e+02 -1.455600e+02  1.510000e+00
     vertex  1.294164e+02 -1.456636e+02  1.510000e+00
   endloop
 endfacet
 facet normal  7.933533e-01  6.087614e-01  0.000000e+00
   outer loop
     vertex  1.294164e+02 -1.456636e+02  0.000000e+00
     vertex  1.293370e+02 -1.455600e+02  0.000000e+00
     vertex  1.293370e+02 -1.455600e+02  1.510000e+00
   endloop
 endfacet
 facet normal  6.087614e-01  7.933533e-01 -0.000000e+00
   outer loop
     vertex  1.295200e+02 -1.457430e+02  0.000000e+00
     vertex  1.294164e+02 -1.456636e+02  0.000000e+00
     vertex  1.295200e+02 -1.457430e+02  1.510000e+00
   endloop
 endfacet
 facet normal  3.826834e-01  9.238795e-01 -0.000000e+00
   outer loop
     vertex  1.296406e+02 -1.457930e+02  0.000000e+00
     vertex  1.295200e+02 -1.457430e+02  1.510000e+00
     vertex  1.296406e+02 -1.457930e+02  1.510000e+00
   endloop
 endfacet
 facet normal  3.826834e-01  9.238795e-01  0.000000e+00
   outer loop
     vertex  1.296406e+02 -1.457930e+02  0.000000e+00
     vertex  1.295200e+02 -1.457430e+02  0.000000e+00
     vertex  1.295200e+02 -1.457430e+02  1.510000e+00
   endloop
 endfacet
 facet normal  1.305262e-01  9.914449e-01 -0.000000e+00
   outer loop
     vertex  1.297700e+02 -1.458100e+02  0.000000e+00
     vertex  1.296406e+02 -1.457930e+02  1.510000e+00
     vertex  1.297700e+02 -1.458100e+02  1.510000e+00
   endloop
 endfacet
 facet normal  1.305262e-01  9.914449e-01  0.000000e+00
   outer loop
     vertex  1.297700e+02 -1.458100e+02  0.000000e+00
     vertex  1.296406e+02 -1.457930e+02  0.000000e+00
     vertex  1.296406e+02 -1.457930e+02  1.510000e+00
   endloop
 endfacet
 facet normal -1.305262e-01  9.914449e-01  0.000000e+00
   outer loop
     vertex  1.298994e+02 -1.432530e+02  0.000000e+00
     vertex  1.297700e+02 -1.432700e+02  0.000000e+00
     vertex  1.297700e+02 -1.432700e+02  1.510000e+00
   endloop
 endfacet
 facet normal -1.305262e-01  9.914449e-01  0.000000e+00
   outer loop
     vertex  1.298994e+02 -1.432530e+02  0.000000e+00
     vertex  1.297700e+02 -1.432700e+02  1.510000e+00
     vertex  1.298994e+02 -1.432530e+02  1.510000e+00
   endloop
 endfacet
 facet normal -3.826834e-01  9.238795e-01  0.000000e+00
   outer loop
     vertex  1.300200e+02 -1.432030e+02  0.000000e+00
     vertex  1.298994e+02 -1.432530e+02  1.510000e+00
     vertex  1.300200e+02 -1.432030e+02  1.510000e+00
   endloop
 endfacet
 facet normal -3.826834e-01  9.238795e-01  0.000000e+00
   outer loop
     vertex  1.300200e+02 -1.432030e+02  0.000000e+00
     vertex  1.298994e+02 -1.432530e+02  0.000000e+00
     vertex  1.298994e+02 -1.432530e+02  1.510000e+00
   endloop
 endfacet
 facet normal -6.087614e-01  7.933533e-01  0.000000e+00
   outer loop
     vertex  1.301236e+02 -1.431236e+02  0.000000e+00
     vertex  1.300200e+02 -1.432030e+02  1.510000e+00
     vertex  1.301236e+02 -1.431236e+02  1.510000e+00
   endloop
 endfacet
 facet normal -6.087614e-01  7.933533e-01  0.000000e+00
   outer loop
     vertex  1.301236e+02 -1.431236e+02  0.000000e+00
     vertex  1.300200e+02 -1.432030e+02  0.000000e+00
     vertex  1.300200e+02 -1.432030e+02  1.510000e+00
   endloop
 endfacet
 facet normal -7.933533e-01  6.087614e-01  0.000000e+00
   outer loop
     vertex  1.302030e+02 -1.430200e+02  0.000000e+00
     vertex  1.301236e+02 -1.431236e+02  1.510000e+00
     vertex  1.302030e+02 -1.430200e+02  1.510000e+00
   endloop
 endfacet
 facet normal -7.933533e-01  6.087614e-01  0.000000e+00
   outer loop
     vertex  1.302030e+02 -1.430200e+02  0.000000e+00
     vertex  1.301236e+02 -1.431236e+02  0.000000e+00
     vertex  1.301236e+02 -1.431236e+02  1.510000e+00
   endloop
 endfacet
 facet normal -9.238795e-01  3.826834e-01  0.000000e+00
   outer loop
     vertex  1.302530e+02 -1.428994e+02  0.000000e+00
     vertex  1.302030e+02 -1.430200e+02  1.510000e+00
     vertex  1.302530e+02 -1.428994e+02  1.510000e+00
   endloop
 endfacet
 facet normal -9.238795e-01  3.826834e-01  0.000000e+00
   outer loop
     vertex  1.302530e+02 -1.428994e+02  0.000000e+00
     vertex  1.302030e+02 -1.430200e+02  0.000000e+00
     vertex  1.302030e+02 -1.430200e+02  1.510000e+00
   endloop
 endfacet
 facet normal -9.914449e-01  1.305262e-01  0.000000e+00
   outer loop
     vertex  1.302700e+02 -1.427700e+02  0.000000e+00
     vertex  1.302530e+02 -1.428994e+02  1.510000e+00
     vertex  1.302700e+02 -1.427700e+02  1.510000e+00
   endloop
 endfacet
 facet normal -9.914449e-01  1.305262e-01  0.000000e+00
   outer loop
     vertex  1.302700e+02 -1.427700e+02  0.000000e+00
     vertex  1.302530e+02 -1.428994e+02  0.000000e+00
     vertex  1.302530e+02 -1.428994e+02  1.510000e+00
   endloop
 endfacet
 facet normal -9.914449e-01 -1.305262e-01  0.000000e+00
   outer loop
     vertex  1.302530e+02 -1.426406e+02  0.000000e+00
     vertex  1.302700e+02 -1.427700e+02  1.510000e+00
     vertex  1.302530e+02 -1.426406e+02  1.510000e+00
   endloop
 endfacet
 facet normal -9.914449e-01 -1.305262e-01  0.000000e+00
   outer loop
     vertex  1.302530e+02 -1.426406e+02  0.000000e+00
     vertex  1.302700e+02 -1.427700e+02  0.000000e+00
     vertex  1.302700e+02 -1.427700e+02  1.510000e+00
   endloop
 endfacet
 facet normal -9.238795e-01 -3.826834e-01  0.000000e+00
   outer loop
     vertex  1.302030e+02 -1.425200e+02  0.000000e+00
     vertex  1.302530e+02 -1.426406e+02  1.510000e+00
     vertex  1.302030e+02 -1.425200e+02  1.510000e+00
   endloop
 endfacet
 facet normal -9.238795e-01 -3.826834e-01  0.000000e+00
   outer loop
     vertex  1.302030e+02 -1.425200e+02  0.000000e+00
     vertex  1.302530e+02 -1.426406e+02  0.000000e+00
     vertex  1.302530e+02 -1.426406e+02  1.510000e+00
   endloop
 endfacet
 facet normal -7.933533e-01 -6.087614e-01  0.000000e+00
   outer loop
     vertex  1.301236e+02 -1.424164e+02  0.000000e+00
     vertex  1.302030e+02 -1.425200e+02  1.510000e+00
     vertex  1.301236e+02 -1.424164e+02  1.510000e+00
   endloop
 endfacet
 facet normal -7.933533e-01 -6.087614e-01  0.000000e+00
   outer loop
     vertex  1.301236e+02 -1.424164e+02  0.000000e+00
     vertex  1.302030e+02 -1.425200e+02  0.000000e+00
     vertex  1.302030e+02 -1.425200e+02  1.510000e+00
   endloop
 endfacet
 facet normal -6.087614e-01 -7.933533e-01  0.000000e+00
   outer loop
     vertex  1.300200e+02 -1.423370e+02  0.000000e+00
     vertex  1.301236e+02 -1.424164e+02  1.510000e+00
     vertex  1.300200e+02 -1.423370e+02  1.510000e+00
   endloop
 endfacet
 facet normal -6.087614e-01 -7.933533e-01  0.000000e+00
   outer loop
     vertex  1.300200e+02 -1.423370e+02  0.000000e+00
     vertex  1.301236e+02 -1.424164e+02  0.000000e+00
     vertex  1.301236e+02 -1.424164e+02  1.510000e+00
   endloop
 endfacet
 facet normal -3.826834e-01 -9.238795e-01  0.000000e+00
   outer loop
     vertex  1.298994e+02 -1.422870e+02  0.000000e+00
     vertex  1.300200e+02 -1.423370e+02  1.510000e+00
     vertex  1.298994e+02 -1.422870e+02  1.510000e+00
   endloop
 endfacet
 facet normal -3.826834e-01 -9.238795e-01  0.000000e+00
   outer loop
     vertex  1.298994e+02 -1.422870e+02  0.000000e+00
     vertex  1.300200e+02 -1.423370e+02  0.000000e+00
     vertex  1.300200e+02 -1.423370e+02  1.510000e+00
   endloop
 endfacet
 facet normal -1.305262e-01 -9.914449e-01  0.000000e+00
   outer loop
     vertex  1.297700e+02 -1.422700e+02  0.000000e+00
     vertex  1.298994e+02 -1.422870e+02  1.510000e+00
     vertex  1.297700e+02 -1.422700e+02  1.510000e+00
   endloop
 endfacet
 facet normal -1.305262e-01 -9.914449e-01  0.000000e+00
   outer loop
     vertex  1.297700e+02 -1.422700e+02  0.000000e+00
     vertex  1.298994e+02 -1.422870e+02  0.000000e+00
     vertex  1.298994e+02 -1.422870e+02  1.510000e+00
   endloop
 endfacet
 facet normal  1.305262e-01 -9.914449e-01  0.000000e+00
   outer loop
     vertex  1.296406e+02 -1.422870e+02  0.000000e+00
     vertex  1.297700e+02 -1.422700e+02  1.510000e+00
     vertex  1.296406e+02 -1.422870e+02  1.510000e+00
   endloop
 endfacet
 facet normal  1.305262e-01 -9.914449e-01  0.000000e+00
   outer loop
     vertex  1.296406e+02 -1.422870e+02  0.000000e+00
     vertex  1.297700e+02 -1.422700e+02  0.000000e+00
     vertex  1.297700e+02 -1.422700e+02  1.510000e+00
   endloop
 endfacet
 facet normal  3.826834e-01 -9.238795e-01  0.000000e+00
   outer loop
     vertex  1.295200e+02 -1.423370e+02  0.000000e+00
     vertex  1.296406e+02 -1.422870e+02  0.000000e+00
     vertex  1.296406e+02 -1.422870e+02  1.510000e+00
   endloop
 endfacet
 facet normal  3.826834e-01 -9.238795e-01  0.000000e+00
   outer loop
     vertex  1.295200e+02 -1.423370e+02  0.000000e+00
     vertex  1.296406e+02 -1.422870e+02  1.510000e+00
     vertex  1.295200e+02 -1.423370e+02  1.510000e+00
   endloop
 endfacet
 facet normal  6.087614e-01 -7.933533e-01  0.000000e+00
   outer loop
     vertex  1.294164e+02 -1.424164e+02  0.000000e+00
     vertex  1.295200e+02 -1.423370e+02  0.000000e+00
     vertex  1.295200e+02 -1.423370e+02  1.510000e+00
   endloop
 endfacet
 facet normal  7.933533e-01 -6.087614e-01  0.000000e+00
   outer loop
     vertex  1.294164e+02 -1.424164e+02  0.000000e+00
     vertex  1.294164e+02 -1.424164e+02  1.510000e+00
     vertex  1.293370e+02 -1.425200e+02  1.510000e+00
   endloop
 endfacet
 facet normal  6.087614e-01 -7.933533e-01  0.000000e+00
   outer loop
     vertex  1.294164e+02 -1.424164e+02  0.000000e+00
     vertex  1.295200e+02 -1.423370e+02  1.510000e+00
     vertex  1.294164e+02 -1.424164e+02  1.510000e+00
   endloop
 endfacet
 facet normal  7.933533e-01 -6.087614e-01  0.000000e+00
   outer loop
     vertex  1.293370e+02 -1.425200e+02  0.000000e+00
     vertex  1.294164e+02 -1.424164e+02  0.000000e+00
     vertex  1.293370e+02 -1.425200e+02  1.510000e+00
   endloop
 endfacet
 facet normal  9.238795e-01 -3.826834e-01  0.000000e+00
   outer loop
     vertex  1.293370e+02 -1.425200e+02  0.000000e+00
     vertex  1.293370e+02 -1.425200e+02  1.510000e+00
     vertex  1.292870e+02 -1.426406e+02  1.510000e+00
   endloop
 endfacet
 facet normal  9.238795e-01 -3.826834e-01  0.000000e+00
   outer loop
     vertex  1.292870e+02 -1.426406e+02  0.000000e+00
     vertex  1.293370e+02 -1.425200e+02  0.000000e+00
     vertex  1.292870e+02 -1.426406e+02  1.510000e+00
   endloop
 endfacet
 facet normal  9.914449e-01 -1.305262e-01  0.000000e+00
   outer loop
     vertex  1.292700e+02 -1.427700e+02  0.000000e+00
     vertex  1.292870e+02 -1.426406e+02  0.000000e+00
     vertex  1.292870e+02 -1.426406e+02  1.510000e+00
   endloop
 endfacet
 facet normal  9.914449e-01 -1.305262e-01  0.000000e+00
   outer loop
     vertex  1.292700e+02 -1.427700e+02  0.000000e+00
     vertex  1.292870e+02 -1.426406e+02  1.510000e+00
     vertex  1.292700e+02 -1.427700e+02  1.510000e+00
   endloop
 endfacet
 facet normal  9.914449e-01  1.305262e-01 -0.000000e+00
   outer loop
     vertex  1.292870e+02 -1.428994e+02  0.000000e+00
     vertex  1.292700e+02 -1.427700e+02  1.510000e+00
     vertex  1.292870e+02 -1.428994e+02  1.510000e+00
   endloop
 endfacet
 facet normal  9.914449e-01  1.305262e-01  0.000000e+00
   outer loop
     vertex  1.292870e+02 -1.428994e+02  0.000000e+00
     vertex  1.292700e+02 -1.427700e+02  0.000000e+00
     vertex  1.292700e+02 -1.427700e+02  1.510000e+00
   endloop
 endfacet
 facet normal  9.238795e-01  3.826834e-01 -0.000000e+00
   outer loop
     vertex  1.293370e+02 -1.430200e+02  0.000000e+00
     vertex  1.292870e+02 -1.428994e+02  1.510000e+00
     vertex  1.293370e+02 -1.430200e+02  1.510000e+00
   endloop
 endfacet
 facet normal  9.238795e-01  3.826834e-01  0.000000e+00
   outer loop
     vertex  1.293370e+02 -1.430200e+02  0.000000e+00
     vertex  1.292870e+02 -1.428994e+02  0.000000e+00
     vertex  1.292870e+02 -1.428994e+02  1.510000e+00
   endloop
 endfacet
 facet normal  6.087614e-01  7.933533e-01 -0.000000e+00
   outer loop
     vertex  1.294164e+02 -1.431236e+02  0.000000e+00
     vertex  1.294164e+02 -1.431236e+02  1.510000e+00
     vertex  1.295200e+02 -1.432030e+02  1.510000e+00
   endloop
 endfacet
 facet normal  7.933533e-01  6.087614e-01 -0.000000e+00
   outer loop
     vertex  1.294164e+02 -1.431236e+02  0.000000e+00
     vertex  1.293370e+02 -1.430200e+02  1.510000e+00
     vertex  1.294164e+02 -1.431236e+02  1.510000e+00
   endloop
 endfacet
 facet normal  7.933533e-01  6.087614e-01  0.000000e+00
   outer loop
     vertex  1.294164e+02 -1.431236e+02  0.000000e+00
     vertex  1.293370e+02 -1.430200e+02  0.000000e+00
     vertex  1.293370e+02 -1.430200e+02  1.510000e+00
   endloop
 endfacet
 facet normal  6.087614e-01  7.933533e-01 -0.000000e+00
   outer loop
     vertex  1.295200e+02 -1.432030e+02  0.000000e+00
     vertex  1.294164e+02 -1.431236e+02  0.000000e+00
     vertex  1.295200e+02 -1.432030e+02  1.510000e+00
   endloop
 endfacet
 facet normal  3.826834e-01  9.238795e-01 -0.000000e+00
   outer loop
     vertex  1.296406e+02 -1.432530e+02  0.000000e+00
     vertex  1.295200e+02 -1.432030e+02  1.510000e+00
     vertex  1.296406e+02 -1.432530e+02  1.510000e+00
   endloop
 endfacet
 facet normal  3.826834e-01  9.238795e-01  0.000000e+00
   outer loop
     vertex  1.296406e+02 -1.432530e+02  0.000000e+00
     vertex  1.295200e+02 -1.432030e+02  0.000000e+00
     vertex  1.295200e+02 -1.432030e+02  1.510000e+00
   endloop
 endfacet
 facet normal  1.305262e-01  9.914449e-01 -0.000000e+00
   outer loop
     vertex  1.297700e+02 -1.432700e+02  0.000000e+00
     vertex  1.296406e+02 -1.432530e+02  1.510000e+00
     vertex  1.297700e+02 -1.432700e+02  1.510000e+00
   endloop
 endfacet
 facet normal  1.305262e-01  9.914449e-01  0.000000e+00
   outer loop
     vertex  1.297700e+02 -1.432700e+02  0.000000e+00
     vertex  1.296406e+02 -1.432530e+02  0.000000e+00
     vertex  1.296406e+02 -1.432530e+02  1.510000e+00
   endloop
 endfacet
 facet normal -1.305262e-01  9.914449e-01  0.000000e+00
   outer loop
     vertex  1.534141e+02 -1.545455e+02  0.000000e+00
     vertex  1.530000e+02 -1.546000e+02  0.000000e+00
     vertex  1.530000e+02 -1.546000e+02  1.510000e+00
   endloop
 endfacet
 facet normal -1.305262e-01  9.914449e-01  0.000000e+00
   outer loop
     vertex  1.534141e+02 -1.545455e+02  0.000000e+00
     vertex  1.530000e+02 -1.546000e+02  1.510000e+00
     vertex  1.534141e+02 -1.545455e+02  1.510000e+00
   endloop
 endfacet
 facet normal -3.826834e-01  9.238795e-01  0.000000e+00
   outer loop
     vertex  1.538000e+02 -1.543856e+02  0.000000e+00
     vertex  1.534141e+02 -1.545455e+02  1.510000e+00
     vertex  1.538000e+02 -1.543856e+02  1.510000e+00
   endloop
 endfacet
 facet normal -3.826834e-01  9.238795e-01  0.000000e+00
   outer loop
     vertex  1.538000e+02 -1.543856e+02  0.000000e+00
     vertex  1.534141e+02 -1.545455e+02  0.000000e+00
     vertex  1.534141e+02 -1.545455e+02  1.510000e+00
   endloop
 endfacet
 facet normal -6.087614e-01  7.933533e-01  0.000000e+00
   outer loop
     vertex  1.541314e+02 -1.541314e+02  0.000000e+00
     vertex  1.538000e+02 -1.543856e+02  1.510000e+00
     vertex  1.541314e+02 -1.541314e+02  1.510000e+00
   endloop
 endfacet
 facet normal -6.087614e-01  7.933533e-01  0.000000e+00
   outer loop
     vertex  1.541314e+02 -1.541314e+02  0.000000e+00
     vertex  1.538000e+02 -1.543856e+02  0.000000e+00
     vertex  1.538000e+02 -1.543856e+02  1.510000e+00
   endloop
 endfacet
 facet normal -7.933533e-01  6.087614e-01  0.000000e+00
   outer loop
     vertex  1.543856e+02 -1.538000e+02  0.000000e+00
     vertex  1.541314e+02 -1.541314e+02  1.510000e+00
     vertex  1.543856e+02 -1.538000e+02  1.510000e+00
   endloop
 endfacet
 facet normal -7.933533e-01  6.087614e-01  0.000000e+00
   outer loop
     vertex  1.543856e+02 -1.538000e+02  0.000000e+00
     vertex  1.541314e+02 -1.541314e+02  0.000000e+00
     vertex  1.541314e+02 -1.541314e+02  1.510000e+00
   endloop
 endfacet
 facet normal -9.238795e-01  3.826834e-01  0.000000e+00
   outer loop
     vertex  1.545455e+02 -1.534141e+02  0.000000e+00
     vertex  1.543856e+02 -1.538000e+02  1.510000e+00
     vertex  1.545455e+02 -1.534141e+02  1.510000e+00
   endloop
 endfacet
 facet normal -9.238795e-01  3.826834e-01  0.000000e+00
   outer loop
     vertex  1.545455e+02 -1.534141e+02  0.000000e+00
     vertex  1.543856e+02 -1.538000e+02  0.000000e+00
     vertex  1.543856e+02 -1.538000e+02  1.510000e+00
   endloop
 endfacet
 facet normal -9.914449e-01  1.305262e-01  0.000000e+00
   outer loop
     vertex  1.546000e+02 -1.530000e+02  0.000000e+00
     vertex  1.545455e+02 -1.534141e+02  1.510000e+00
     vertex  1.546000e+02 -1.530000e+02  1.510000e+00
   endloop
 endfacet
 facet normal -9.914449e-01  1.305262e-01  0.000000e+00
   outer loop
     vertex  1.546000e+02 -1.530000e+02  0.000000e+00
     vertex  1.545455e+02 -1.534141e+02  0.000000e+00
     vertex  1.545455e+02 -1.534141e+02  1.510000e+00
   endloop
 endfacet
 facet normal -9.914449e-01 -1.305262e-01  0.000000e+00
   outer loop
     vertex  1.545455e+02 -1.525859e+02  0.000000e+00
     vertex  1.546000e+02 -1.530000e+02  1.510000e+00
     vertex  1.545455e+02 -1.525859e+02  1.510000e+00
   endloop
 endfacet
 facet normal -9.914449e-01 -1.305262e-01  0.000000e+00
   outer loop
     vertex  1.545455e+02 -1.525859e+02  0.000000e+00
     vertex  1.546000e+02 -1.530000e+02  0.000000e+00
     vertex  1.546000e+02 -1.530000e+02  1.510000e+00
   endloop
 endfacet
 facet normal -9.238795e-01 -3.826834e-01  0.000000e+00
   outer loop
     vertex  1.543856e+02 -1.522000e+02  0.000000e+00
     vertex  1.545455e+02 -1.525859e+02  1.510000e+00
     vertex  1.543856e+02 -1.522000e+02  1.510000e+00
   endloop
 endfacet
 facet normal -9.238795e-01 -3.826834e-01  0.000000e+00
   outer loop
     vertex  1.543856e+02 -1.522000e+02  0.000000e+00
     vertex  1.545455e+02 -1.525859e+02  0.000000e+00
     vertex  1.545455e+02 -1.525859e+02  1.510000e+00
   endloop
 endfacet
 facet normal -7.933533e-01 -6.087614e-01  0.000000e+00
   outer loop
     vertex  1.541314e+02 -1.518686e+02  0.000000e+00
     vertex  1.543856e+02 -1.522000e+02  1.510000e+00
     vertex  1.541314e+02 -1.518686e+02  1.510000e+00
   endloop
 endfacet
 facet normal -7.933533e-01 -6.087614e-01  0.000000e+00
   outer loop
     vertex  1.541314e+02 -1.518686e+02  0.000000e+00
     vertex  1.543856e+02 -1.522000e+02  0.000000e+00
     vertex  1.543856e+02 -1.522000e+02  1.510000e+00
   endloop
 endfacet
 facet normal -6.087614e-01 -7.933533e-01  0.000000e+00
   outer loop
     vertex  1.538000e+02 -1.516144e+02  0.000000e+00
     vertex  1.541314e+02 -1.518686e+02  1.510000e+00
     vertex  1.538000e+02 -1.516144e+02  1.510000e+00
   endloop
 endfacet
 facet normal -6.087614e-01 -7.933533e-01  0.000000e+00
   outer loop
     vertex  1.538000e+02 -1.516144e+02  0.000000e+00
     vertex  1.541314e+02 -1.518686e+02  0.000000e+00
     vertex  1.541314e+02 -1.518686e+02  1.510000e+00
   endloop
 endfacet
 facet normal -3.826834e-01 -9.238795e-01  0.000000e+00
   outer loop
     vertex  1.534141e+02 -1.514545e+02  0.000000e+00
     vertex  1.538000e+02 -1.516144e+02  1.510000e+00
     vertex  1.534141e+02 -1.514545e+02  1.510000e+00
   endloop
 endfacet
 facet normal -3.826834e-01 -9.238795e-01  0.000000e+00
   outer loop
     vertex  1.534141e+02 -1.514545e+02  0.000000e+00
     vertex  1.538000e+02 -1.516144e+02  0.000000e+00
     vertex  1.538000e+02 -1.516144e+02  1.510000e+00
   endloop
 endfacet
 facet normal -1.305262e-01 -9.914449e-01  0.000000e+00
   outer loop
     vertex  1.530000e+02 -1.514000e+02  0.000000e+00
     vertex  1.534141e+02 -1.514545e+02  1.510000e+00
     vertex  1.530000e+02 -1.514000e+02  1.510000e+00
   endloop
 endfacet
 facet normal -1.305262e-01 -9.914449e-01  0.000000e+00
   outer loop
     vertex  1.530000e+02 -1.514000e+02  0.000000e+00
     vertex  1.534141e+02 -1.514545e+02  0.000000e+00
     vertex  1.534141e+02 -1.514545e+02  1.510000e+00
   endloop
 endfacet
 facet normal  1.305262e-01 -9.914449e-01  0.000000e+00
   outer loop
     vertex  1.525859e+02 -1.514545e+02  0.000000e+00
     vertex  1.530000e+02 -1.514000e+02  1.510000e+00
     vertex  1.525859e+02 -1.514545e+02  1.510000e+00
   endloop
 endfacet
 facet normal  1.305262e-01 -9.914449e-01  0.000000e+00
   outer loop
     vertex  1.525859e+02 -1.514545e+02  0.000000e+00
     vertex  1.530000e+02 -1.514000e+02  0.000000e+00
     vertex  1.530000e+02 -1.514000e+02  1.510000e+00
   endloop
 endfacet
 facet normal  3.826834e-01 -9.238795e-01  0.000000e+00
   outer loop
     vertex  1.522000e+02 -1.516144e+02  0.000000e+00
     vertex  1.525859e+02 -1.514545e+02  0.000000e+00
     vertex  1.525859e+02 -1.514545e+02  1.510000e+00
   endloop
 endfacet
 facet normal  3.826834e-01 -9.238795e-01  0.000000e+00
   outer loop
     vertex  1.522000e+02 -1.516144e+02  0.000000e+00
     vertex  1.525859e+02 -1.514545e+02  1.510000e+00
     vertex  1.522000e+02 -1.516144e+02  1.510000e+00
   endloop
 endfacet
 facet normal  6.087614e-01 -7.933533e-01  0.000000e+00
   outer loop
     vertex  1.518686e+02 -1.518686e+02  0.000000e+00
     vertex  1.522000e+02 -1.516144e+02  0.000000e+00
     vertex  1.522000e+02 -1.516144e+02  1.510000e+00
   endloop
 endfacet
 facet normal  7.933533e-01 -6.087614e-01  0.000000e+00
   outer loop
     vertex  1.518686e+02 -1.518686e+02  0.000000e+00
     vertex  1.518686e+02 -1.518686e+02  1.510000e+00
     vertex  1.516144e+02 -1.522000e+02  1.510000e+00
   endloop
 endfacet
 facet normal  6.087614e-01 -7.933533e-01  0.000000e+00
   outer loop
     vertex  1.518686e+02 -1.518686e+02  0.000000e+00
     vertex  1.522000e+02 -1.516144e+02  1.510000e+00
     vertex  1.518686e+02 -1.518686e+02  1.510000e+00
   endloop
 endfacet
 facet normal  7.933533e-01 -6.087614e-01  0.000000e+00
   outer loop
     vertex  1.516144e+02 -1.522000e+02  0.000000e+00
     vertex  1.518686e+02 -1.518686e+02  0.000000e+00
     vertex  1.516144e+02 -1.522000e+02  1.510000e+00
   endloop
 endfacet
 facet normal  9.238795e-01 -3.826834e-01  0.000000e+00
   outer loop
     vertex  1.516144e+02 -1.522000e+02  0.000000e+00
     vertex  1.516144e+02 -1.522000e+02  1.510000e+00
     vertex  1.514545e+02 -1.525859e+02  1.510000e+00
   endloop
 endfacet
 facet normal  9.238795e-01 -3.826834e-01  0.000000e+00
   outer loop
     vertex  1.514545e+02 -1.525859e+02  0.000000e+00
     vertex  1.516144e+02 -1.522000e+02  0.000000e+00
     vertex  1.514545e+02 -1.525859e+02  1.510000e+00
   endloop
 endfacet
 facet normal  9.914449e-01 -1.305262e-01  0.000000e+00
   outer loop
     vertex  1.514000e+02 -1.530000e+02  0.000000e+00
     vertex  1.514545e+02 -1.525859e+02  0.000000e+00
     vertex  1.514545e+02 -1.525859e+02  1.510000e+00
   endloop
 endfacet
 facet normal  9.914449e-01 -1.305262e-01  0.000000e+00
   outer loop
     vertex  1.514000e+02 -1.530000e+02  0.000000e+00
     vertex  1.514545e+02 -1.525859e+02  1.510000e+00
     vertex  1.514000e+02 -1.530000e+02  1.510000e+00
   endloop
 endfacet
 facet normal  9.914449e-01  1.305262e-01 -0.000000e+00
   outer loop
     vertex  1.514545e+02 -1.534141e+02  0.000000e+00
     vertex  1.514000e+02 -1.530000e+02  1.510000e+00
     vertex  1.514545e+02 -1.534141e+02  1.510000e+00
   endloop
 endfacet
 facet normal  9.914449e-01  1.305262e-01  0.000000e+00
   outer loop
     vertex  1.514545e+02 -1.534141e+02  0.000000e+00
     vertex  1.514000e+02 -1.530000e+02  0.000000e+00
     vertex  1.514000e+02 -1.530000e+02  1.510000e+00
   endloop
 endfacet
 facet normal  9.238795e-01  3.826834e-01 -0.000000e+00
   outer loop
     vertex  1.516144e+02 -1.538000e+02  0.000000e+00
     vertex  1.514545e+02 -1.534141e+02  1.510000e+00
     vertex  1.516144e+02 -1.538000e+02  1.510000e+00
   endloop
 endfacet
 facet normal  9.238795e-01  3.826834e-01  0.000000e+00
   outer loop
     vertex  1.516144e+02 -1.538000e+02  0.000000e+00
     vertex  1.514545e+02 -1.534141e+02  0.000000e+00
     vertex  1.514545e+02 -1.534141e+02  1.510000e+00
   endloop
 endfacet
 facet normal  6.087614e-01  7.933533e-01 -0.000000e+00
   outer loop
     vertex  1.518686e+02 -1.541314e+02  0.000000e+00
     vertex  1.518686e+02 -1.541314e+02  1.510000e+00
     vertex  1.522000e+02 -1.543856e+02  1.510000e+00
   endloop
 endfacet
 facet normal  7.933533e-01  6.087614e-01 -0.000000e+00
   outer loop
     vertex  1.518686e+02 -1.541314e+02  0.000000e+00
     vertex  1.516144e+02 -1.538000e+02  1.510000e+00
     vertex  1.518686e+02 -1.541314e+02  1.510000e+00
   endloop
 endfacet
 facet normal  7.933533e-01  6.087614e-01  0.000000e+00
   outer loop
     vertex  1.518686e+02 -1.541314e+02  0.000000e+00
     vertex  1.516144e+02 -1.538000e+02  0.000000e+00
     vertex  1.516144e+02 -1.538000e+02  1.510000e+00
   endloop
 endfacet
 facet normal  6.087614e-01  7.933533e-01 -0.000000e+00
   outer loop
     vertex  1.522000e+02 -1.543856e+02  0.000000e+00
     vertex  1.518686e+02 -1.541314e+02  0.000000e+00
     vertex  1.522000e+02 -1.543856e+02  1.510000e+00
   endloop
 endfacet
 facet normal  3.826834e-01  9.238795e-01 -0.000000e+00
   outer loop
     vertex  1.525859e+02 -1.545455e+02  0.000000e+00
     vertex  1.522000e+02 -1.543856e+02  1.510000e+00
     vertex  1.525859e+02 -1.545455e+02  1.510000e+00
   endloop
 endfacet
 facet normal  3.826834e-01  9.238795e-01  0.000000e+00
   outer loop
     vertex  1.525859e+02 -1.545455e+02  0.000000e+00
     vertex  1.522000e+02 -1.543856e+02  0.000000e+00
     vertex  1.522000e+02 -1.543856e+02  1.510000e+00
   endloop
 endfacet
 facet normal  1.305262e-01  9.914449e-01 -0.000000e+00
   outer loop
     vertex  1.530000e+02 -1.546000e+02  0.000000e+00
     vertex  1.525859e+02 -1.545455e+02  1.510000e+00
     vertex  1.530000e+02 -1.546000e+02  1.510000e+00
   endloop
 endfacet
 facet normal  1.305262e-01  9.914449e-01  0.000000e+00
   outer loop
     vertex  1.530000e+02 -1.546000e+02  0.000000e+00
     vertex  1.525859e+02 -1.545455e+02  0.000000e+00
     vertex  1.525859e+02 -1.545455e+02  1.510000e+00
   endloop
 endfacet
 facet normal -1.305262e-01  9.914449e-01  0.000000e+00
   outer loop
     vertex  1.044141e+02 -1.055455e+02  0.000000e+00
     vertex  1.040000e+02 -1.056000e+02  0.000000e+00
     vertex  1.040000e+02 -1.056000e+02  1.510000e+00
   endloop
 endfacet
 facet normal -1.305262e-01  9.914449e-01  0.000000e+00
   outer loop
     vertex  1.044141e+02 -1.055455e+02  0.000000e+00
     vertex  1.040000e+02 -1.056000e+02  1.510000e+00
     vertex  1.044141e+02 -1.055455e+02  1.510000e+00
   endloop
 endfacet
 facet normal -3.826834e-01  9.238795e-01  0.000000e+00
   outer loop
     vertex  1.048000e+02 -1.053856e+02  0.000000e+00
     vertex  1.044141e+02 -1.055455e+02  1.510000e+00
     vertex  1.048000e+02 -1.053856e+02  1.510000e+00
   endloop
 endfacet
 facet normal -3.826834e-01  9.238795e-01  0.000000e+00
   outer loop
     vertex  1.048000e+02 -1.053856e+02  0.000000e+00
     vertex  1.044141e+02 -1.055455e+02  0.000000e+00
     vertex  1.044141e+02 -1.055455e+02  1.510000e+00
   endloop
 endfacet
 facet normal -6.087614e-01  7.933533e-01  0.000000e+00
   outer loop
     vertex  1.051314e+02 -1.051314e+02  0.000000e+00
     vertex  1.048000e+02 -1.053856e+02  1.510000e+00
     vertex  1.051314e+02 -1.051314e+02  1.510000e+00
   endloop
 endfacet
 facet normal -6.087614e-01  7.933533e-01  0.000000e+00
   outer loop
     vertex  1.051314e+02 -1.051314e+02  0.000000e+00
     vertex  1.048000e+02 -1.053856e+02  0.000000e+00
     vertex  1.048000e+02 -1.053856e+02  1.510000e+00
   endloop
 endfacet
 facet normal -7.933533e-01  6.087614e-01  0.000000e+00
   outer loop
     vertex  1.053856e+02 -1.048000e+02  0.000000e+00
     vertex  1.051314e+02 -1.051314e+02  1.510000e+00
     vertex  1.053856e+02 -1.048000e+02  1.510000e+00
   endloop
 endfacet
 facet normal -7.933533e-01  6.087614e-01  0.000000e+00
   outer loop
     vertex  1.053856e+02 -1.048000e+02  0.000000e+00
     vertex  1.051314e+02 -1.051314e+02  0.000000e+00
     vertex  1.051314e+02 -1.051314e+02  1.510000e+00
   endloop
 endfacet
 facet normal -9.238795e-01  3.826834e-01  0.000000e+00
   outer loop
     vertex  1.055455e+02 -1.044141e+02  0.000000e+00
     vertex  1.053856e+02 -1.048000e+02  1.510000e+00
     vertex  1.055455e+02 -1.044141e+02  1.510000e+00
   endloop
 endfacet
 facet normal -9.238795e-01  3.826834e-01  0.000000e+00
   outer loop
     vertex  1.055455e+02 -1.044141e+02  0.000000e+00
     vertex  1.053856e+02 -1.048000e+02  0.000000e+00
     vertex  1.053856e+02 -1.048000e+02  1.510000e+00
   endloop
 endfacet
 facet normal -9.914449e-01  1.305262e-01  0.000000e+00
   outer loop
     vertex  1.056000e+02 -1.040000e+02  0.000000e+00
     vertex  1.055455e+02 -1.044141e+02  1.510000e+00
     vertex  1.056000e+02 -1.040000e+02  1.510000e+00
   endloop
 endfacet
 facet normal -9.914449e-01  1.305262e-01  0.000000e+00
   outer loop
     vertex  1.056000e+02 -1.040000e+02  0.000000e+00
     vertex  1.055455e+02 -1.044141e+02  0.000000e+00
     vertex  1.055455e+02 -1.044141e+02  1.510000e+00
   endloop
 endfacet
 facet normal -9.914449e-01 -1.305262e-01  0.000000e+00
   outer loop
     vertex  1.055455e+02 -1.035859e+02  0.000000e+00
     vertex  1.056000e+02 -1.040000e+02  1.510000e+00
     vertex  1.055455e+02 -1.035859e+02  1.510000e+00
   endloop
 endfacet
 facet normal -9.914449e-01 -1.305262e-01  0.000000e+00
   outer loop
     vertex  1.055455e+02 -1.035859e+02  0.000000e+00
     vertex  1.056000e+02 -1.040000e+02  0.000000e+00
     vertex  1.056000e+02 -1.040000e+02  1.510000e+00
   endloop
 endfacet
 facet normal -9.238795e-01 -3.826834e-01  0.000000e+00
   outer loop
     vertex  1.053856e+02 -1.032000e+02  0.000000e+00
     vertex  1.055455e+02 -1.035859e+02  1.510000e+00
     vertex  1.053856e+02 -1.032000e+02  1.510000e+00
   endloop
 endfacet
 facet normal -9.238795e-01 -3.826834e-01  0.000000e+00
   outer loop
     vertex  1.053856e+02 -1.032000e+02  0.000000e+00
     vertex  1.055455e+02 -1.035859e+02  0.000000e+00
     vertex  1.055455e+02 -1.035859e+02  1.510000e+00
   endloop
 endfacet
 facet normal -7.933533e-01 -6.087614e-01  0.000000e+00
   outer loop
     vertex  1.051314e+02 -1.028686e+02  0.000000e+00
     vertex  1.053856e+02 -1.032000e+02  1.510000e+00
     vertex  1.051314e+02 -1.028686e+02  1.510000e+00
   endloop
 endfacet
 facet normal -7.933533e-01 -6.087614e-01  0.000000e+00
   outer loop
     vertex  1.051314e+02 -1.028686e+02  0.000000e+00
     vertex  1.053856e+02 -1.032000e+02  0.000000e+00
     vertex  1.053856e+02 -1.032000e+02  1.510000e+00
   endloop
 endfacet
 facet normal -6.087614e-01 -7.933533e-01  0.000000e+00
   outer loop
     vertex  1.048000e+02 -1.026144e+02  0.000000e+00
     vertex  1.051314e+02 -1.028686e+02  1.510000e+00
     vertex  1.048000e+02 -1.026144e+02  1.510000e+00
   endloop
 endfacet
 facet normal -6.087614e-01 -7.933533e-01  0.000000e+00
   outer loop
     vertex  1.048000e+02 -1.026144e+02  0.000000e+00
     vertex  1.051314e+02 -1.028686e+02  0.000000e+00
     vertex  1.051314e+02 -1.028686e+02  1.510000e+00
   endloop
 endfacet
 facet normal -3.826834e-01 -9.238795e-01  0.000000e+00
   outer loop
     vertex  1.044141e+02 -1.024545e+02  0.000000e+00
     vertex  1.048000e+02 -1.026144e+02  1.510000e+00
     vertex  1.044141e+02 -1.024545e+02  1.510000e+00
   endloop
 endfacet
 facet normal -3.826834e-01 -9.238795e-01  0.000000e+00
   outer loop
     vertex  1.044141e+02 -1.024545e+02  0.000000e+00
     vertex  1.048000e+02 -1.026144e+02  0.000000e+00
     vertex  1.048000e+02 -1.026144e+02  1.510000e+00
   endloop
 endfacet
 facet normal -1.305262e-01 -9.914449e-01  0.000000e+00
   outer loop
     vertex  1.040000e+02 -1.024000e+02  0.000000e+00
     vertex  1.044141e+02 -1.024545e+02  1.510000e+00
     vertex  1.040000e+02 -1.024000e+02  1.510000e+00
   endloop
 endfacet
 facet normal -1.305262e-01 -9.914449e-01  0.000000e+00
   outer loop
     vertex  1.040000e+02 -1.024000e+02  0.000000e+00
     vertex  1.044141e+02 -1.024545e+02  0.000000e+00
     vertex  1.044141e+02 -1.024545e+02  1.510000e+00
   endloop
 endfacet
 facet normal  1.305262e-01 -9.914449e-01  0.000000e+00
   outer loop
     vertex  1.035859e+02 -1.024545e+02  0.000000e+00
     vertex  1.040000e+02 -1.024000e+02  1.510000e+00
     vertex  1.035859e+02 -1.024545e+02  1.510000e+00
   endloop
 endfacet
 facet normal  1.305262e-01 -9.914449e-01  0.000000e+00
   outer loop
     vertex  1.035859e+02 -1.024545e+02  0.000000e+00
     vertex  1.040000e+02 -1.024000e+02  0.000000e+00
     vertex  1.040000e+02 -1.024000e+02  1.510000e+00
   endloop
 endfacet
 facet normal  3.826834e-01 -9.238795e-01  0.000000e+00
   outer loop
     vertex  1.032000e+02 -1.026144e+02  0.000000e+00
     vertex  1.035859e+02 -1.024545e+02  0.000000e+00
     vertex  1.035859e+02 -1.024545e+02  1.510000e+00
   endloop
 endfacet
 facet normal  3.826834e-01 -9.238795e-01  0.000000e+00
   outer loop
     vertex  1.032000e+02 -1.026144e+02  0.000000e+00
     vertex  1.035859e+02 -1.024545e+02  1.510000e+00
     vertex  1.032000e+02 -1.026144e+02  1.510000e+00
   endloop
 endfacet
 facet normal  6.087614e-01 -7.933533e-01  0.000000e+00
   outer loop
     vertex  1.028686e+02 -1.028686e+02  0.000000e+00
     vertex  1.032000e+02 -1.026144e+02  0.000000e+00
     vertex  1.032000e+02 -1.026144e+02  1.510000e+00
   endloop
 endfacet
 facet normal  7.933533e-01 -6.087614e-01  0.000000e+00
   outer loop
     vertex  1.028686e+02 -1.028686e+02  0.000000e+00
     vertex  1.028686e+02 -1.028686e+02  1.510000e+00
     vertex  1.026144e+02 -1.032000e+02  1.510000e+00
   endloop
 endfacet
 facet normal  6.087614e-01 -7.933533e-01  0.000000e+00
   outer loop
     vertex  1.028686e+02 -1.028686e+02  0.000000e+00
     vertex  1.032000e+02 -1.026144e+02  1.510000e+00
     vertex  1.028686e+02 -1.028686e+02  1.510000e+00
   endloop
 endfacet
 facet normal  7.933533e-01 -6.087614e-01  0.000000e+00
   outer loop
     vertex  1.026144e+02 -1.032000e+02  0.000000e+00
     vertex  1.028686e+02 -1.028686e+02  0.000000e+00
     vertex  1.026144e+02 -1.032000e+02  1.510000e+00
   endloop
 endfacet
 facet normal  9.238795e-01 -3.826834e-01  0.000000e+00
   outer loop
     vertex  1.026144e+02 -1.032000e+02  0.000000e+00
     vertex  1.026144e+02 -1.032000e+02  1.510000e+00
     vertex  1.024545e+02 -1.035859e+02  1.510000e+00
   endloop
 endfacet
 facet normal  9.238795e-01 -3.826834e-01  0.000000e+00
   outer loop
     vertex  1.024545e+02 -1.035859e+02  0.000000e+00
     vertex  1.026144e+02 -1.032000e+02  0.000000e+00
     vertex  1.024545e+02 -1.035859e+02  1.510000e+00
   endloop
 endfacet
 facet normal  9.914449e-01 -1.305262e-01  0.000000e+00
   outer loop
     vertex  1.024000e+02 -1.040000e+02  0.000000e+00
     vertex  1.024545e+02 -1.035859e+02  0.000000e+00
     vertex  1.024545e+02 -1.035859e+02  1.510000e+00
   endloop
 endfacet
 facet normal  9.914449e-01 -1.305262e-01  0.000000e+00
   outer loop
     vertex  1.024000e+02 -1.040000e+02  0.000000e+00
     vertex  1.024545e+02 -1.035859e+02  1.510000e+00
     vertex  1.024000e+02 -1.040000e+02  1.510000e+00
   endloop
 endfacet
 facet normal  9.914449e-01  1.305262e-01 -0.000000e+00
   outer loop
     vertex  1.024545e+02 -1.044141e+02  0.000000e+00
     vertex  1.024000e+02 -1.040000e+02  1.510000e+00
     vertex  1.024545e+02 -1.044141e+02  1.510000e+00
   endloop
 endfacet
 facet normal  9.914449e-01  1.305262e-01  0.000000e+00
   outer loop
     vertex  1.024545e+02 -1.044141e+02  0.000000e+00
     vertex  1.024000e+02 -1.040000e+02  0.000000e+00
     vertex  1.024000e+02 -1.040000e+02  1.510000e+00
   endloop
 endfacet
 facet normal  9.238795e-01  3.826834e-01 -0.000000e+00
   outer loop
     vertex  1.026144e+02 -1.048000e+02  0.000000e+00
     vertex  1.024545e+02 -1.044141e+02  1.510000e+00
     vertex  1.026144e+02 -1.048000e+02  1.510000e+00
   endloop
 endfacet
 facet normal  9.238795e-01  3.826834e-01  0.000000e+00
   outer loop
     vertex  1.026144e+02 -1.048000e+02  0.000000e+00
     vertex  1.024545e+02 -1.044141e+02  0.000000e+00
     vertex  1.024545e+02 -1.044141e+02  1.510000e+00
   endloop
 endfacet
 facet normal  6.087614e-01  7.933533e-01 -0.000000e+00
   outer loop
     vertex  1.028686e+02 -1.051314e+02  0.000000e+00
     vertex  1.028686e+02 -1.051314e+02  1.510000e+00
     vertex  1.032000e+02 -1.053856e+02  1.510000e+00
   endloop
 endfacet
 facet normal  7.933533e-01  6.087614e-01 -0.000000e+00
   outer loop
     vertex  1.028686e+02 -1.051314e+02  0.000000e+00
     vertex  1.026144e+02 -1.048000e+02  1.510000e+00
     vertex  1.028686e+02 -1.051314e+02  1.510000e+00
   endloop
 endfacet
 facet normal  7.933533e-01  6.087614e-01  0.000000e+00
   outer loop
     vertex  1.028686e+02 -1.051314e+02  0.000000e+00
     vertex  1.026144e+02 -1.048000e+02  0.000000e+00
     vertex  1.026144e+02 -1.048000e+02  1.510000e+00
   endloop
 endfacet
 facet normal  6.087614e-01  7.933533e-01 -0.000000e+00
   outer loop
     vertex  1.032000e+02 -1.053856e+02  0.000000e+00
     vertex  1.028686e+02 -1.051314e+02  0.000000e+00
     vertex  1.032000e+02 -1.053856e+02  1.510000e+00
   endloop
 endfacet
 facet normal  3.826834e-01  9.238795e-01 -0.000000e+00
   outer loop
     vertex  1.035859e+02 -1.055455e+02  0.000000e+00
     vertex  1.032000e+02 -1.053856e+02  1.510000e+00
     vertex  1.035859e+02 -1.055455e+02  1.510000e+00
   endloop
 endfacet
 facet normal  3.826834e-01  9.238795e-01  0.000000e+00
   outer loop
     vertex  1.035859e+02 -1.055455e+02  0.000000e+00
     vertex  1.032000e+02 -1.053856e+02  0.000000e+00
     vertex  1.032000e+02 -1.053856e+02  1.510000e+00
   endloop
 endfacet
 facet normal  1.305262e-01  9.914449e-01 -0.000000e+00
   outer loop
     vertex  1.040000e+02 -1.056000e+02  0.000000e+00
     vertex  1.035859e+02 -1.055455e+02  1.510000e+00
     vertex  1.040000e+02 -1.056000e+02  1.510000e+00
   endloop
 endfacet
 facet normal  1.305262e-01  9.914449e-01  0.000000e+00
   outer loop
     vertex  1.040000e+02 -1.056000e+02  0.000000e+00
     vertex  1.035859e+02 -1.055455e+02  0.000000e+00
     vertex  1.035859e+02 -1.055455e+02  1.510000e+00
   endloop
 endfacet
 facet normal -9.914449e-01 -1.305262e-01  0.000000e+00
   outer loop
     vertex  1.244698e+02 -1.061524e+02  0.000000e+00
     vertex  1.244800e+02 -1.062300e+02  0.000000e+00
     vertex  1.244800e+02 -1.062300e+02  1.510000e+00
   endloop
 endfacet
 facet normal -9.914449e-01 -1.305262e-01  0.000000e+00
   outer loop
     vertex  1.244698e+02 -1.061524e+02  0.000000e+00
     vertex  1.244800e+02 -1.062300e+02  1.510000e+00
     vertex  1.244698e+02 -1.061524e+02  1.510000e+00
   endloop
 endfacet
 facet normal -9.238795e-01 -3.826834e-01  0.000000e+00
   outer loop
     vertex  1.244398e+02 -1.060800e+02  0.000000e+00
     vertex  1.244698e+02 -1.061524e+02  1.510000e+00
     vertex  1.244398e+02 -1.060800e+02  1.510000e+00
   endloop
 endfacet
 facet normal -9.238795e-01 -3.826834e-01  0.000000e+00
   outer loop
     vertex  1.244398e+02 -1.060800e+02  0.000000e+00
     vertex  1.244698e+02 -1.061524e+02  0.000000e+00
     vertex  1.244698e+02 -1.061524e+02  1.510000e+00
   endloop
 endfacet
 facet normal -7.933533e-01 -6.087614e-01  0.000000e+00
   outer loop
     vertex  1.243921e+02 -1.060179e+02  0.000000e+00
     vertex  1.244398e+02 -1.060800e+02  1.510000e+00
     vertex  1.243921e+02 -1.060179e+02  1.510000e+00
   endloop
 endfacet
 facet normal -7.933533e-01 -6.087614e-01  0.000000e+00
   outer loop
     vertex  1.243921e+02 -1.060179e+02  0.000000e+00
     vertex  1.244398e+02 -1.060800e+02  0.000000e+00
     vertex  1.244398e+02 -1.060800e+02  1.510000e+00
   endloop
 endfacet
 facet normal -6.087614e-01 -7.933533e-01  0.000000e+00
   outer loop
     vertex  1.243300e+02 -1.059702e+02  0.000000e+00
     vertex  1.243921e+02 -1.060179e+02  1.510000e+00
     vertex  1.243300e+02 -1.059702e+02  1.510000e+00
   endloop
 endfacet
 facet normal -6.087614e-01 -7.933533e-01  0.000000e+00
   outer loop
     vertex  1.243300e+02 -1.059702e+02  0.000000e+00
     vertex  1.243921e+02 -1.060179e+02  0.000000e+00
     vertex  1.243921e+02 -1.060179e+02  1.510000e+00
   endloop
 endfacet
 facet normal -3.826834e-01 -9.238795e-01  0.000000e+00
   outer loop
     vertex  1.242576e+02 -1.059402e+02  0.000000e+00
     vertex  1.243300e+02 -1.059702e+02  1.510000e+00
     vertex  1.242576e+02 -1.059402e+02  1.510000e+00
   endloop
 endfacet
 facet normal -3.826834e-01 -9.238795e-01  0.000000e+00
   outer loop
     vertex  1.242576e+02 -1.059402e+02  0.000000e+00
     vertex  1.243300e+02 -1.059702e+02  0.000000e+00
     vertex  1.243300e+02 -1.059702e+02  1.510000e+00
   endloop
 endfacet
 facet normal -1.305262e-01 -9.914449e-01  0.000000e+00
   outer loop
     vertex  1.241800e+02 -1.059300e+02  0.000000e+00
     vertex  1.242576e+02 -1.059402e+02  1.510000e+00
     vertex  1.241800e+02 -1.059300e+02  1.510000e+00
   endloop
 endfacet
 facet normal -1.305262e-01 -9.914449e-01  0.000000e+00
   outer loop
     vertex  1.241800e+02 -1.059300e+02  0.000000e+00
     vertex  1.242576e+02 -1.059402e+02  0.000000e+00
     vertex  1.242576e+02 -1.059402e+02  1.510000e+00
   endloop
 endfacet
 facet normal  3.826834e-01 -9.238795e-01  0.000000e+00
   outer loop
     vertex  1.241024e+02 -1.059402e+02  0.000000e+00
     vertex  1.241024e+02 -1.059402e+02  1.510000e+00
     vertex  1.240300e+02 -1.059702e+02  1.510000e+00
   endloop
 endfacet
 facet normal  1.305262e-01 -9.914449e-01  0.000000e+00
   outer loop
     vertex  1.241024e+02 -1.059402e+02  0.000000e+00
     vertex  1.241800e+02 -1.059300e+02  1.510000e+00
     vertex  1.241024e+02 -1.059402e+02  1.510000e+00
   endloop
 endfacet
 facet normal  1.305262e-01 -9.914449e-01  0.000000e+00
   outer loop
     vertex  1.241024e+02 -1.059402e+02  0.000000e+00
     vertex  1.241800e+02 -1.059300e+02  0.000000e+00
     vertex  1.241800e+02 -1.059300e+02  1.510000e+00
   endloop
 endfacet
 facet normal  3.826834e-01 -9.238795e-01  0.000000e+00
   outer loop
     vertex  1.240300e+02 -1.059702e+02  0.000000e+00
     vertex  1.241024e+02 -1.059402e+02  0.000000e+00
     vertex  1.240300e+02 -1.059702e+02  1.510000e+00
   endloop
 endfacet
 facet normal  6.087614e-01 -7.933533e-01  0.000000e+00
   outer loop
     vertex  1.239679e+02 -1.060179e+02  0.000000e+00
     vertex  1.240300e+02 -1.059702e+02  1.510000e+00
     vertex  1.239679e+02 -1.060179e+02  1.510000e+00
   endloop
 endfacet
 facet normal  6.087614e-01 -7.933533e-01  0.000000e+00
   outer loop
     vertex  1.239679e+02 -1.060179e+02  0.000000e+00
     vertex  1.240300e+02 -1.059702e+02  0.000000e+00
     vertex  1.240300e+02 -1.059702e+02  1.510000e+00
   endloop
 endfacet
 facet normal  7.933533e-01 -6.087614e-01  0.000000e+00
   outer loop
     vertex  1.239202e+02 -1.060800e+02  0.000000e+00
     vertex  1.239679e+02 -1.060179e+02  1.510000e+00
     vertex  1.239202e+02 -1.060800e+02  1.510000e+00
   endloop
 endfacet
 facet normal  7.933533e-01 -6.087614e-01  0.000000e+00
   outer loop
     vertex  1.239202e+02 -1.060800e+02  0.000000e+00
     vertex  1.239679e+02 -1.060179e+02  0.000000e+00
     vertex  1.239679e+02 -1.060179e+02  1.510000e+00
   endloop
 endfacet
 facet normal  9.238795e-01 -3.826834e-01  0.000000e+00
   outer loop
     vertex  1.238902e+02 -1.061524e+02  0.000000e+00
     vertex  1.239202e+02 -1.060800e+02  1.510000e+00
     vertex  1.238902e+02 -1.061524e+02  1.510000e+00
   endloop
 endfacet
 facet normal  9.238795e-01 -3.826834e-01  0.000000e+00
   outer loop
     vertex  1.238902e+02 -1.061524e+02  0.000000e+00
     vertex  1.239202e+02 -1.060800e+02  0.000000e+00
     vertex  1.239202e+02 -1.060800e+02  1.510000e+00
   endloop
 endfacet
 facet normal  9.914449e-01 -1.305262e-01  0.000000e+00
   outer loop
     vertex  1.238800e+02 -1.062300e+02  0.000000e+00
     vertex  1.238902e+02 -1.061524e+02  1.510000e+00
     vertex  1.238800e+02 -1.062300e+02  1.510000e+00
   endloop
 endfacet
 facet normal  9.914449e-01 -1.305262e-01  0.000000e+00
   outer loop
     vertex  1.238800e+02 -1.062300e+02  0.000000e+00
     vertex  1.238902e+02 -1.061524e+02  0.000000e+00
     vertex  1.238902e+02 -1.061524e+02  1.510000e+00
   endloop
 endfacet
 facet normal  1.000000e+00  0.000000e+00  0.000000e+00
   outer loop
     vertex  1.238800e+02 -1.073300e+02  0.000000e+00
     vertex  1.238800e+02 -1.062300e+02  0.000000e+00
     vertex  1.238800e+02 -1.062300e+02  1.510000e+00
   endloop
 endfacet
 facet normal  1.000000e+00  0.000000e+00  0.000000e+00
   outer loop
     vertex  1.238800e+02 -1.073300e+02  0.000000e+00
     vertex  1.238800e+02 -1.062300e+02  1.510000e+00
     vertex  1.238800e+02 -1.073300e+02  1.510000e+00
   endloop
 endfacet
 facet normal  9.914449e-01  1.305262e-01  0.000000e+00
   outer loop
     vertex  1.238902e+02 -1.074076e+02  0.000000e+00
     vertex  1.238800e+02 -1.073300e+02  0.000000e+00
     vertex  1.238800e+02 -1.073300e+02  1.510000e+00
   endloop
 endfacet
 facet normal  9.914449e-01  1.305262e-01 -0.000000e+00
   outer loop
     vertex  1.238902e+02 -1.074076e+02  0.000000e+00
     vertex  1.238800e+02 -1.073300e+02  1.510000e+00
     vertex  1.238902e+02 -1.074076e+02  1.510000e+00
   endloop
 endfacet
 facet normal  9.238795e-01  3.826834e-01 -0.000000e+00
   outer loop
     vertex  1.239202e+02 -1.074800e+02  0.000000e+00
     vertex  1.238902e+02 -1.074076e+02  1.510000e+00
     vertex  1.239202e+02 -1.074800e+02  1.510000e+00
   endloop
 endfacet
 facet normal  9.238795e-01  3.826834e-01  0.000000e+00
   outer loop
     vertex  1.239202e+02 -1.074800e+02  0.000000e+00
     vertex  1.238902e+02 -1.074076e+02  0.000000e+00
     vertex  1.238902e+02 -1.074076e+02  1.510000e+00
   endloop
 endfacet
 facet normal  7.933533e-01  6.087614e-01 -0.000000e+00
   outer loop
     vertex  1.239679e+02 -1.075421e+02  0.000000e+00
     vertex  1.239202e+02 -1.074800e+02  1.510000e+00
     vertex  1.239679e+02 -1.075421e+02  1.510000e+00
   endloop
 endfacet
 facet normal  7.933533e-01  6.087614e-01  0.000000e+00
   outer loop
     vertex  1.239679e+02 -1.075421e+02  0.000000e+00
     vertex  1.239202e+02 -1.074800e+02  0.000000e+00
     vertex  1.239202e+02 -1.074800e+02  1.510000e+00
   endloop
 endfacet
 facet normal  6.087614e-01  7.933533e-01 -0.000000e+00
   outer loop
     vertex  1.240300e+02 -1.075898e+02  0.000000e+00
     vertex  1.239679e+02 -1.075421e+02  1.510000e+00
     vertex  1.240300e+02 -1.075898e+02  1.510000e+00
   endloop
 endfacet
 facet normal  6.087614e-01  7.933533e-01  0.000000e+00
   outer loop
     vertex  1.240300e+02 -1.075898e+02  0.000000e+00
     vertex  1.239679e+02 -1.075421e+02  0.000000e+00
     vertex  1.239679e+02 -1.075421e+02  1.510000e+00
   endloop
 endfacet
 facet normal  3.826834e-01  9.238795e-01 -0.000000e+00
   outer loop
     vertex  1.241024e+02 -1.076198e+02  0.000000e+00
     vertex  1.240300e+02 -1.075898e+02  1.510000e+00
     vertex  1.241024e+02 -1.076198e+02  1.510000e+00
   endloop
 endfacet
 facet normal  3.826834e-01  9.238795e-01  0.000000e+00
   outer loop
     vertex  1.241024e+02 -1.076198e+02  0.000000e+00
     vertex  1.240300e+02 -1.075898e+02  0.000000e+00
     vertex  1.240300e+02 -1.075898e+02  1.510000e+00
   endloop
 endfacet
 facet normal  1.305262e-01  9.914449e-01 -0.000000e+00
   outer loop
     vertex  1.241800e+02 -1.076300e+02  0.000000e+00
     vertex  1.241024e+02 -1.076198e+02  1.510000e+00
     vertex  1.241800e+02 -1.076300e+02  1.510000e+00
   endloop
 endfacet
 facet normal  1.305262e-01  9.914449e-01  0.000000e+00
   outer loop
     vertex  1.241800e+02 -1.076300e+02  0.000000e+00
     vertex  1.241024e+02 -1.076198e+02  0.000000e+00
     vertex  1.241024e+02 -1.076198e+02  1.510000e+00
   endloop
 endfacet
 facet normal -3.826834e-01  9.238795e-01  0.000000e+00
   outer loop
     vertex  1.242576e+02 -1.076198e+02  0.000000e+00
     vertex  1.242576e+02 -1.076198e+02  1.510000e+00
     vertex  1.243300e+02 -1.075898e+02  1.510000e+00
   endloop
 endfacet
 facet normal -1.305262e-01  9.914449e-01  0.000000e+00
   outer loop
     vertex  1.242576e+02 -1.076198e+02  0.000000e+00
     vertex  1.241800e+02 -1.076300e+02  1.510000e+00
     vertex  1.242576e+02 -1.076198e+02  1.510000e+00
   endloop
 endfacet
 facet normal -1.305262e-01  9.914449e-01  0.000000e+00
   outer loop
     vertex  1.242576e+02 -1.076198e+02  0.000000e+00
     vertex  1.241800e+02 -1.076300e+02  0.000000e+00
     vertex  1.241800e+02 -1.076300e+02  1.510000e+00
   endloop
 endfacet
 facet normal -3.826834e-01  9.238795e-01  0.000000e+00
   outer loop
     vertex  1.243300e+02 -1.075898e+02  0.000000e+00
     vertex  1.242576e+02 -1.076198e+02  0.000000e+00
     vertex  1.243300e+02 -1.075898e+02  1.510000e+00
   endloop
 endfacet
 facet normal -6.087614e-01  7.933533e-01  0.000000e+00
   outer loop
     vertex  1.243921e+02 -1.075421e+02  0.000000e+00
     vertex  1.243300e+02 -1.075898e+02  1.510000e+00
     vertex  1.243921e+02 -1.075421e+02  1.510000e+00
   endloop
 endfacet
 facet normal -6.087614e-01  7.933533e-01  0.000000e+00
   outer loop
     vertex  1.243921e+02 -1.075421e+02  0.000000e+00
     vertex  1.243300e+02 -1.075898e+02  0.000000e+00
     vertex  1.243300e+02 -1.075898e+02  1.510000e+00
   endloop
 endfacet
 facet normal -7.933533e-01  6.087614e-01  0.000000e+00
   outer loop
     vertex  1.244398e+02 -1.074800e+02  0.000000e+00
     vertex  1.243921e+02 -1.075421e+02  1.510000e+00
     vertex  1.244398e+02 -1.074800e+02  1.510000e+00
   endloop
 endfacet
 facet normal -7.933533e-01  6.087614e-01  0.000000e+00
   outer loop
     vertex  1.244398e+02 -1.074800e+02  0.000000e+00
     vertex  1.243921e+02 -1.075421e+02  0.000000e+00
     vertex  1.243921e+02 -1.075421e+02  1.510000e+00
   endloop
 endfacet
 facet normal -9.238795e-01  3.826834e-01  0.000000e+00
   outer loop
     vertex  1.244698e+02 -1.074076e+02  0.000000e+00
     vertex  1.244398e+02 -1.074800e+02  1.510000e+00
     vertex  1.244698e+02 -1.074076e+02  1.510000e+00
   endloop
 endfacet
 facet normal -9.238795e-01  3.826834e-01  0.000000e+00
   outer loop
     vertex  1.244698e+02 -1.074076e+02  0.000000e+00
     vertex  1.244398e+02 -1.074800e+02  0.000000e+00
     vertex  1.244398e+02 -1.074800e+02  1.510000e+00
   endloop
 endfacet
 facet normal -9.914449e-01  1.305262e-01  0.000000e+00
   outer loop
     vertex  1.244800e+02 -1.073300e+02  0.000000e+00
     vertex  1.244698e+02 -1.074076e+02  1.510000e+00
     vertex  1.244800e+02 -1.073300e+02  1.510000e+00
   endloop
 endfacet
 facet normal -9.914449e-01  1.305262e-01  0.000000e+00
   outer loop
     vertex  1.244800e+02 -1.073300e+02  0.000000e+00
     vertex  1.244698e+02 -1.074076e+02  0.000000e+00
     vertex  1.244698e+02 -1.074076e+02  1.510000e+00
   endloop
 endfacet
 facet normal -1.000000e+00  0.000000e+00  0.000000e+00
   outer loop
     vertex  1.244800e+02 -1.062300e+02  0.000000e+00
     vertex  1.244800e+02 -1.073300e+02  0.000000e+00
     vertex  1.244800e+02 -1.073300e+02  1.510000e+00
   endloop
 endfacet
 facet normal -1.000000e+00  0.000000e+00  0.000000e+00
   outer loop
     vertex  1.244800e+02 -1.062300e+02  0.000000e+00
     vertex  1.244800e+02 -1.073300e+02  1.510000e+00
     vertex  1.244800e+02 -1.062300e+02  1.510000e+00
   endloop
 endfacet
 facet normal -1.305262e-01  9.914449e-01  0.000000e+00
   outer loop
     vertex  1.256941e+02 -1.065939e+02  0.000000e+00
     vertex  1.256100e+02 -1.066050e+02  0.000000e+00
     vertex  1.256100e+02 -1.066050e+02  1.510000e+00
   endloop
 endfacet
 facet normal -1.305262e-01  9.914449e-01  0.000000e+00
   outer loop
     vertex  1.256941e+02 -1.065939e+02  0.000000e+00
     vertex  1.256100e+02 -1.066050e+02  1.510000e+00
     vertex  1.256941e+02 -1.065939e+02  1.510000e+00
   endloop
 endfacet
 facet normal -3.826834e-01  9.238795e-01  0.000000e+00
   outer loop
     vertex  1.257725e+02 -1.065615e+02  0.000000e+00
     vertex  1.256941e+02 -1.065939e+02  1.510000e+00
     vertex  1.257725e+02 -1.065615e+02  1.510000e+00
   endloop
 endfacet
 facet normal -3.826834e-01  9.238795e-01  0.000000e+00
   outer loop
     vertex  1.257725e+02 -1.065615e+02  0.000000e+00
     vertex  1.256941e+02 -1.065939e+02  0.000000e+00
     vertex  1.256941e+02 -1.065939e+02  1.510000e+00
   endloop
 endfacet
 facet normal -6.087614e-01  7.933533e-01  0.000000e+00
   outer loop
     vertex  1.258398e+02 -1.065098e+02  0.000000e+00
     vertex  1.257725e+02 -1.065615e+02  1.510000e+00
     vertex  1.258398e+02 -1.065098e+02  1.510000e+00
   endloop
 endfacet
 facet normal -6.087614e-01  7.933533e-01  0.000000e+00
   outer loop
     vertex  1.258398e+02 -1.065098e+02  0.000000e+00
     vertex  1.257725e+02 -1.065615e+02  0.000000e+00
     vertex  1.257725e+02 -1.065615e+02  1.510000e+00
   endloop
 endfacet
 facet normal -7.933533e-01  6.087614e-01  0.000000e+00
   outer loop
     vertex  1.258915e+02 -1.064425e+02  0.000000e+00
     vertex  1.258398e+02 -1.065098e+02  1.510000e+00
     vertex  1.258915e+02 -1.064425e+02  1.510000e+00
   endloop
 endfacet
 facet normal -7.933533e-01  6.087614e-01  0.000000e+00
   outer loop
     vertex  1.258915e+02 -1.064425e+02  0.000000e+00
     vertex  1.258398e+02 -1.065098e+02  0.000000e+00
     vertex  1.258398e+02 -1.065098e+02  1.510000e+00
   endloop
 endfacet
 facet normal -9.238795e-01  3.826834e-01  0.000000e+00
   outer loop
     vertex  1.259239e+02 -1.063641e+02  0.000000e+00
     vertex  1.258915e+02 -1.064425e+02  1.510000e+00
     vertex  1.259239e+02 -1.063641e+02  1.510000e+00
   endloop
 endfacet
 facet normal -9.238795e-01  3.826834e-01  0.000000e+00
   outer loop
     vertex  1.259239e+02 -1.063641e+02  0.000000e+00
     vertex  1.258915e+02 -1.064425e+02  0.000000e+00
     vertex  1.258915e+02 -1.064425e+02  1.510000e+00
   endloop
 endfacet
 facet normal -9.914449e-01  1.305262e-01  0.000000e+00
   outer loop
     vertex  1.259350e+02 -1.062800e+02  0.000000e+00
     vertex  1.259239e+02 -1.063641e+02  1.510000e+00
     vertex  1.259350e+02 -1.062800e+02  1.510000e+00
   endloop
 endfacet
 facet normal -9.914449e-01  1.305262e-01  0.000000e+00
   outer loop
     vertex  1.259350e+02 -1.062800e+02  0.000000e+00
     vertex  1.259239e+02 -1.063641e+02  0.000000e+00
     vertex  1.259239e+02 -1.063641e+02  1.510000e+00
   endloop
 endfacet
 facet normal -9.914449e-01 -1.305262e-01  0.000000e+00
   outer loop
     vertex  1.259239e+02 -1.061959e+02  0.000000e+00
     vertex  1.259350e+02 -1.062800e+02  1.510000e+00
     vertex  1.259239e+02 -1.061959e+02  1.510000e+00
   endloop
 endfacet
 facet normal -9.914449e-01 -1.305262e-01  0.000000e+00
   outer loop
     vertex  1.259239e+02 -1.061959e+02  0.000000e+00
     vertex  1.259350e+02 -1.062800e+02  0.000000e+00
     vertex  1.259350e+02 -1.062800e+02  1.510000e+00
   endloop
 endfacet
 facet normal -9.238795e-01 -3.826834e-01  0.000000e+00
   outer loop
     vertex  1.258915e+02 -1.061175e+02  0.000000e+00
     vertex  1.259239e+02 -1.061959e+02  1.510000e+00
     vertex  1.258915e+02 -1.061175e+02  1.510000e+00
   endloop
 endfacet
 facet normal -9.238795e-01 -3.826834e-01  0.000000e+00
   outer loop
     vertex  1.258915e+02 -1.061175e+02  0.000000e+00
     vertex  1.259239e+02 -1.061959e+02  0.000000e+00
     vertex  1.259239e+02 -1.061959e+02  1.510000e+00
   endloop
 endfacet
 facet normal -7.933533e-01 -6.087614e-01  0.000000e+00
   outer loop
     vertex  1.258398e+02 -1.060502e+02  0.000000e+00
     vertex  1.258915e+02 -1.061175e+02  1.510000e+00
     vertex  1.258398e+02 -1.060502e+02  1.510000e+00
   endloop
 endfacet
 facet normal -7.933533e-01 -6.087614e-01  0.000000e+00
   outer loop
     vertex  1.258398e+02 -1.060502e+02  0.000000e+00
     vertex  1.258915e+02 -1.061175e+02  0.000000e+00
     vertex  1.258915e+02 -1.061175e+02  1.510000e+00
   endloop
 endfacet
 facet normal -6.087614e-01 -7.933533e-01  0.000000e+00
   outer loop
     vertex  1.257725e+02 -1.059985e+02  0.000000e+00
     vertex  1.258398e+02 -1.060502e+02  1.510000e+00
     vertex  1.257725e+02 -1.059985e+02  1.510000e+00
   endloop
 endfacet
 facet normal -6.087614e-01 -7.933533e-01  0.000000e+00
   outer loop
     vertex  1.257725e+02 -1.059985e+02  0.000000e+00
     vertex  1.258398e+02 -1.060502e+02  0.000000e+00
     vertex  1.258398e+02 -1.060502e+02  1.510000e+00
   endloop
 endfacet
 facet normal -3.826834e-01 -9.238795e-01  0.000000e+00
   outer loop
     vertex  1.256941e+02 -1.059661e+02  0.000000e+00
     vertex  1.257725e+02 -1.059985e+02  1.510000e+00
     vertex  1.256941e+02 -1.059661e+02  1.510000e+00
   endloop
 endfacet
 facet normal -3.826834e-01 -9.238795e-01  0.000000e+00
   outer loop
     vertex  1.256941e+02 -1.059661e+02  0.000000e+00
     vertex  1.257725e+02 -1.059985e+02  0.000000e+00
     vertex  1.257725e+02 -1.059985e+02  1.510000e+00
   endloop
 endfacet
 facet normal -1.305262e-01 -9.914449e-01  0.000000e+00
   outer loop
     vertex  1.256100e+02 -1.059550e+02  0.000000e+00
     vertex  1.256941e+02 -1.059661e+02  1.510000e+00
     vertex  1.256100e+02 -1.059550e+02  1.510000e+00
   endloop
 endfacet
 facet normal -1.305262e-01 -9.914449e-01  0.000000e+00
   outer loop
     vertex  1.256100e+02 -1.059550e+02  0.000000e+00
     vertex  1.256941e+02 -1.059661e+02  0.000000e+00
     vertex  1.256941e+02 -1.059661e+02  1.510000e+00
   endloop
 endfacet
 facet normal  1.305262e-01 -9.914449e-01  0.000000e+00
   outer loop
     vertex  1.255259e+02 -1.059661e+02  0.000000e+00
     vertex  1.256100e+02 -1.059550e+02  1.510000e+00
     vertex  1.255259e+02 -1.059661e+02  1.510000e+00
   endloop
 endfacet
 facet normal  1.305262e-01 -9.914449e-01  0.000000e+00
   outer loop
     vertex  1.255259e+02 -1.059661e+02  0.000000e+00
     vertex  1.256100e+02 -1.059550e+02  0.000000e+00
     vertex  1.256100e+02 -1.059550e+02  1.510000e+00
   endloop
 endfacet
 facet normal  3.826834e-01 -9.238795e-01  0.000000e+00
   outer loop
     vertex  1.254475e+02 -1.059985e+02  0.000000e+00
     vertex  1.255259e+02 -1.059661e+02  0.000000e+00
     vertex  1.255259e+02 -1.059661e+02  1.510000e+00
   endloop
 endfacet
 facet normal  3.826834e-01 -9.238795e-01  0.000000e+00
   outer loop
     vertex  1.254475e+02 -1.059985e+02  0.000000e+00
     vertex  1.255259e+02 -1.059661e+02  1.510000e+00
     vertex  1.254475e+02 -1.059985e+02  1.510000e+00
   endloop
 endfacet
 facet normal  6.087614e-01 -7.933533e-01  0.000000e+00
   outer loop
     vertex  1.253802e+02 -1.060502e+02  0.000000e+00
     vertex  1.254475e+02 -1.059985e+02  0.000000e+00
     vertex  1.254475e+02 -1.059985e+02  1.510000e+00
   endloop
 endfacet
 facet normal  7.933533e-01 -6.087614e-01  0.000000e+00
   outer loop
     vertex  1.253802e+02 -1.060502e+02  0.000000e+00
     vertex  1.253802e+02 -1.060502e+02  1.510000e+00
     vertex  1.253285e+02 -1.061175e+02  1.510000e+00
   endloop
 endfacet
 facet normal  6.087614e-01 -7.933533e-01  0.000000e+00
   outer loop
     vertex  1.253802e+02 -1.060502e+02  0.000000e+00
     vertex  1.254475e+02 -1.059985e+02  1.510000e+00
     vertex  1.253802e+02 -1.060502e+02  1.510000e+00
   endloop
 endfacet
 facet normal  7.933533e-01 -6.087614e-01  0.000000e+00
   outer loop
     vertex  1.253285e+02 -1.061175e+02  0.000000e+00
     vertex  1.253802e+02 -1.060502e+02  0.000000e+00
     vertex  1.253285e+02 -1.061175e+02  1.510000e+00
   endloop
 endfacet
 facet normal  9.238795e-01 -3.826834e-01  0.000000e+00
   outer loop
     vertex  1.253285e+02 -1.061175e+02  0.000000e+00
     vertex  1.253285e+02 -1.061175e+02  1.510000e+00
     vertex  1.252961e+02 -1.061959e+02  1.510000e+00
   endloop
 endfacet
 facet normal  9.238795e-01 -3.826834e-01  0.000000e+00
   outer loop
     vertex  1.252961e+02 -1.061959e+02  0.000000e+00
     vertex  1.253285e+02 -1.061175e+02  0.000000e+00
     vertex  1.252961e+02 -1.061959e+02  1.510000e+00
   endloop
 endfacet
 facet normal  9.914449e-01 -1.305262e-01  0.000000e+00
   outer loop
     vertex  1.252850e+02 -1.062800e+02  0.000000e+00
     vertex  1.252961e+02 -1.061959e+02  0.000000e+00
     vertex  1.252961e+02 -1.061959e+02  1.510000e+00
   endloop
 endfacet
 facet normal  9.914449e-01 -1.305262e-01  0.000000e+00
   outer loop
     vertex  1.252850e+02 -1.062800e+02  0.000000e+00
     vertex  1.252961e+02 -1.061959e+02  1.510000e+00
     vertex  1.252850e+02 -1.062800e+02  1.510000e+00
   endloop
 endfacet
 facet normal  9.914449e-01  1.305262e-01 -0.000000e+00
   outer loop
     vertex  1.252961e+02 -1.063641e+02  0.000000e+00
     vertex  1.252850e+02 -1.062800e+02  1.510000e+00
     vertex  1.252961e+02 -1.063641e+02  1.510000e+00
   endloop
 endfacet
 facet normal  9.914449e-01  1.305262e-01  0.000000e+00
   outer loop
     vertex  1.252961e+02 -1.063641e+02  0.000000e+00
     vertex  1.252850e+02 -1.062800e+02  0.000000e+00
     vertex  1.252850e+02 -1.062800e+02  1.510000e+00
   endloop
 endfacet
 facet normal  9.238795e-01  3.826834e-01 -0.000000e+00
   outer loop
     vertex  1.253285e+02 -1.064425e+02  0.000000e+00
     vertex  1.252961e+02 -1.063641e+02  1.510000e+00
     vertex  1.253285e+02 -1.064425e+02  1.510000e+00
   endloop
 endfacet
 facet normal  9.238795e-01  3.826834e-01  0.000000e+00
   outer loop
     vertex  1.253285e+02 -1.064425e+02  0.000000e+00
     vertex  1.252961e+02 -1.063641e+02  0.000000e+00
     vertex  1.252961e+02 -1.063641e+02  1.510000e+00
   endloop
 endfacet
 facet normal  6.087614e-01  7.933533e-01 -0.000000e+00
   outer loop
     vertex  1.253802e+02 -1.065098e+02  0.000000e+00
     vertex  1.253802e+02 -1.065098e+02  1.510000e+00
     vertex  1.254475e+02 -1.065615e+02  1.510000e+00
   endloop
 endfacet
 facet normal  7.933533e-01  6.087614e-01 -0.000000e+00
   outer loop
     vertex  1.253802e+02 -1.065098e+02  0.000000e+00
     vertex  1.253285e+02 -1.064425e+02  1.510000e+00
     vertex  1.253802e+02 -1.065098e+02  1.510000e+00
   endloop
 endfacet
 facet normal  7.933533e-01  6.087614e-01  0.000000e+00
   outer loop
     vertex  1.253802e+02 -1.065098e+02  0.000000e+00
     vertex  1.253285e+02 -1.064425e+02  0.000000e+00
     vertex  1.253285e+02 -1.064425e+02  1.510000e+00
   endloop
 endfacet
 facet normal  6.087614e-01  7.933533e-01 -0.000000e+00
   outer loop
     vertex  1.254475e+02 -1.065615e+02  0.000000e+00
     vertex  1.253802e+02 -1.065098e+02  0.000000e+00
     vertex  1.254475e+02 -1.065615e+02  1.510000e+00
   endloop
 endfacet
 facet normal  3.826834e-01  9.238795e-01 -0.000000e+00
   outer loop
     vertex  1.255259e+02 -1.065939e+02  0.000000e+00
     vertex  1.254475e+02 -1.065615e+02  1.510000e+00
     vertex  1.255259e+02 -1.065939e+02  1.510000e+00
   endloop
 endfacet
 facet normal  3.826834e-01  9.238795e-01  0.000000e+00
   outer loop
     vertex  1.255259e+02 -1.065939e+02  0.000000e+00
     vertex  1.254475e+02 -1.065615e+02  0.000000e+00
     vertex  1.254475e+02 -1.065615e+02  1.510000e+00
   endloop
 endfacet
 facet normal  1.305262e-01  9.914449e-01 -0.000000e+00
   outer loop
     vertex  1.256100e+02 -1.066050e+02  0.000000e+00
     vertex  1.255259e+02 -1.065939e+02  1.510000e+00
     vertex  1.256100e+02 -1.066050e+02  1.510000e+00
   endloop
 endfacet
 facet normal  1.305262e-01  9.914449e-01  0.000000e+00
   outer loop
     vertex  1.256100e+02 -1.066050e+02  0.000000e+00
     vertex  1.255259e+02 -1.065939e+02  0.000000e+00
     vertex  1.255259e+02 -1.065939e+02  1.510000e+00
   endloop
 endfacet
 facet normal -9.914449e-01 -1.305262e-01  0.000000e+00
   outer loop
     vertex  1.244698e+02 -1.021224e+02  0.000000e+00
     vertex  1.244800e+02 -1.022000e+02  0.000000e+00
     vertex  1.244800e+02 -1.022000e+02  1.510000e+00
   endloop
 endfacet
 facet normal -9.914449e-01 -1.305262e-01  0.000000e+00
   outer loop
     vertex  1.244698e+02 -1.021224e+02  0.000000e+00
     vertex  1.244800e+02 -1.022000e+02  1.510000e+00
     vertex  1.244698e+02 -1.021224e+02  1.510000e+00
   endloop
 endfacet
 facet normal -9.238795e-01 -3.826834e-01  0.000000e+00
   outer loop
     vertex  1.244398e+02 -1.020500e+02  0.000000e+00
     vertex  1.244698e+02 -1.021224e+02  1.510000e+00
     vertex  1.244398e+02 -1.020500e+02  1.510000e+00
   endloop
 endfacet
 facet normal -9.238795e-01 -3.826834e-01  0.000000e+00
   outer loop
     vertex  1.244398e+02 -1.020500e+02  0.000000e+00
     vertex  1.244698e+02 -1.021224e+02  0.000000e+00
     vertex  1.244698e+02 -1.021224e+02  1.510000e+00
   endloop
 endfacet
 facet normal -7.933533e-01 -6.087614e-01  0.000000e+00
   outer loop
     vertex  1.243921e+02 -1.019879e+02  0.000000e+00
     vertex  1.244398e+02 -1.020500e+02  1.510000e+00
     vertex  1.243921e+02 -1.019879e+02  1.510000e+00
   endloop
 endfacet
 facet normal -7.933533e-01 -6.087614e-01  0.000000e+00
   outer loop
     vertex  1.243921e+02 -1.019879e+02  0.000000e+00
     vertex  1.244398e+02 -1.020500e+02  0.000000e+00
     vertex  1.244398e+02 -1.020500e+02  1.510000e+00
   endloop
 endfacet
 facet normal -6.087614e-01 -7.933533e-01  0.000000e+00
   outer loop
     vertex  1.243300e+02 -1.019402e+02  0.000000e+00
     vertex  1.243921e+02 -1.019879e+02  1.510000e+00
     vertex  1.243300e+02 -1.019402e+02  1.510000e+00
   endloop
 endfacet
 facet normal -6.087614e-01 -7.933533e-01  0.000000e+00
   outer loop
     vertex  1.243300e+02 -1.019402e+02  0.000000e+00
     vertex  1.243921e+02 -1.019879e+02  0.000000e+00
     vertex  1.243921e+02 -1.019879e+02  1.510000e+00
   endloop
 endfacet
 facet normal -3.826834e-01 -9.238795e-01  0.000000e+00
   outer loop
     vertex  1.242576e+02 -1.019102e+02  0.000000e+00
     vertex  1.243300e+02 -1.019402e+02  1.510000e+00
     vertex  1.242576e+02 -1.019102e+02  1.510000e+00
   endloop
 endfacet
 facet normal -3.826834e-01 -9.238795e-01  0.000000e+00
   outer loop
     vertex  1.242576e+02 -1.019102e+02  0.000000e+00
     vertex  1.243300e+02 -1.019402e+02  0.000000e+00
     vertex  1.243300e+02 -1.019402e+02  1.510000e+00
   endloop
 endfacet
 facet normal -1.305262e-01 -9.914449e-01  0.000000e+00
   outer loop
     vertex  1.241800e+02 -1.019000e+02  0.000000e+00
     vertex  1.242576e+02 -1.019102e+02  1.510000e+00
     vertex  1.241800e+02 -1.019000e+02  1.510000e+00
   endloop
 endfacet
 facet normal -1.305262e-01 -9.914449e-01  0.000000e+00
   outer loop
     vertex  1.241800e+02 -1.019000e+02  0.000000e+00
     vertex  1.242576e+02 -1.019102e+02  0.000000e+00
     vertex  1.242576e+02 -1.019102e+02  1.510000e+00
   endloop
 endfacet
 facet normal  3.826834e-01 -9.238795e-01  0.000000e+00
   outer loop
     vertex  1.241024e+02 -1.019102e+02  0.000000e+00
     vertex  1.241024e+02 -1.019102e+02  1.510000e+00
     vertex  1.240300e+02 -1.019402e+02  1.510000e+00
   endloop
 endfacet
 facet normal  1.305262e-01 -9.914449e-01  0.000000e+00
   outer loop
     vertex  1.241024e+02 -1.019102e+02  0.000000e+00
     vertex  1.241800e+02 -1.019000e+02  1.510000e+00
     vertex  1.241024e+02 -1.019102e+02  1.510000e+00
   endloop
 endfacet
 facet normal  1.305262e-01 -9.914449e-01  0.000000e+00
   outer loop
     vertex  1.241024e+02 -1.019102e+02  0.000000e+00
     vertex  1.241800e+02 -1.019000e+02  0.000000e+00
     vertex  1.241800e+02 -1.019000e+02  1.510000e+00
   endloop
 endfacet
 facet normal  3.826834e-01 -9.238795e-01  0.000000e+00
   outer loop
     vertex  1.240300e+02 -1.019402e+02  0.000000e+00
     vertex  1.241024e+02 -1.019102e+02  0.000000e+00
     vertex  1.240300e+02 -1.019402e+02  1.510000e+00
   endloop
 endfacet
 facet normal  6.087614e-01 -7.933533e-01  0.000000e+00
   outer loop
     vertex  1.239679e+02 -1.019879e+02  0.000000e+00
     vertex  1.240300e+02 -1.019402e+02  1.510000e+00
     vertex  1.239679e+02 -1.019879e+02  1.510000e+00
   endloop
 endfacet
 facet normal  6.087614e-01 -7.933533e-01  0.000000e+00
   outer loop
     vertex  1.239679e+02 -1.019879e+02  0.000000e+00
     vertex  1.240300e+02 -1.019402e+02  0.000000e+00
     vertex  1.240300e+02 -1.019402e+02  1.510000e+00
   endloop
 endfacet
 facet normal  7.933533e-01 -6.087614e-01  0.000000e+00
   outer loop
     vertex  1.239202e+02 -1.020500e+02  0.000000e+00
     vertex  1.239679e+02 -1.019879e+02  1.510000e+00
     vertex  1.239202e+02 -1.020500e+02  1.510000e+00
   endloop
 endfacet
 facet normal  7.933533e-01 -6.087614e-01  0.000000e+00
   outer loop
     vertex  1.239202e+02 -1.020500e+02  0.000000e+00
     vertex  1.239679e+02 -1.019879e+02  0.000000e+00
     vertex  1.239679e+02 -1.019879e+02  1.510000e+00
   endloop
 endfacet
 facet normal  9.238795e-01 -3.826834e-01  0.000000e+00
   outer loop
     vertex  1.238902e+02 -1.021224e+02  0.000000e+00
     vertex  1.239202e+02 -1.020500e+02  1.510000e+00
     vertex  1.238902e+02 -1.021224e+02  1.510000e+00
   endloop
 endfacet
 facet normal  9.238795e-01 -3.826834e-01  0.000000e+00
   outer loop
     vertex  1.238902e+02 -1.021224e+02  0.000000e+00
     vertex  1.239202e+02 -1.020500e+02  0.000000e+00
     vertex  1.239202e+02 -1.020500e+02  1.510000e+00
   endloop
 endfacet
 facet normal  9.914449e-01 -1.305262e-01  0.000000e+00
   outer loop
     vertex  1.238800e+02 -1.022000e+02  0.000000e+00
     vertex  1.238902e+02 -1.021224e+02  1.510000e+00
     vertex  1.238800e+02 -1.022000e+02  1.510000e+00
   endloop
 endfacet
 facet normal  9.914449e-01 -1.305262e-01  0.000000e+00
   outer loop
     vertex  1.238800e+02 -1.022000e+02  0.000000e+00
     vertex  1.238902e+02 -1.021224e+02  0.000000e+00
     vertex  1.238902e+02 -1.021224e+02  1.510000e+00
   endloop
 endfacet
 facet normal  1.000000e+00  0.000000e+00  0.000000e+00
   outer loop
     vertex  1.238800e+02 -1.030000e+02  0.000000e+00
     vertex  1.238800e+02 -1.022000e+02  0.000000e+00
     vertex  1.238800e+02 -1.022000e+02  1.510000e+00
   endloop
 endfacet
 facet normal  1.000000e+00  0.000000e+00  0.000000e+00
   outer loop
     vertex  1.238800e+02 -1.030000e+02  0.000000e+00
     vertex  1.238800e+02 -1.022000e+02  1.510000e+00
     vertex  1.238800e+02 -1.030000e+02  1.510000e+00
   endloop
 endfacet
 facet normal  9.914449e-01  1.305262e-01  0.000000e+00
   outer loop
     vertex  1.238902e+02 -1.030776e+02  0.000000e+00
     vertex  1.238800e+02 -1.030000e+02  0.000000e+00
     vertex  1.238800e+02 -1.030000e+02  1.510000e+00
   endloop
 endfacet
 facet normal  9.914449e-01  1.305262e-01 -0.000000e+00
   outer loop
     vertex  1.238902e+02 -1.030776e+02  0.000000e+00
     vertex  1.238800e+02 -1.030000e+02  1.510000e+00
     vertex  1.238902e+02 -1.030776e+02  1.510000e+00
   endloop
 endfacet
 facet normal  9.238795e-01  3.826834e-01 -0.000000e+00
   outer loop
     vertex  1.239202e+02 -1.031500e+02  0.000000e+00
     vertex  1.238902e+02 -1.030776e+02  1.510000e+00
     vertex  1.239202e+02 -1.031500e+02  1.510000e+00
   endloop
 endfacet
 facet normal  9.238795e-01  3.826834e-01  0.000000e+00
   outer loop
     vertex  1.239202e+02 -1.031500e+02  0.000000e+00
     vertex  1.238902e+02 -1.030776e+02  0.000000e+00
     vertex  1.238902e+02 -1.030776e+02  1.510000e+00
   endloop
 endfacet
 facet normal  7.933533e-01  6.087614e-01 -0.000000e+00
   outer loop
     vertex  1.239679e+02 -1.032121e+02  0.000000e+00
     vertex  1.239202e+02 -1.031500e+02  1.510000e+00
     vertex  1.239679e+02 -1.032121e+02  1.510000e+00
   endloop
 endfacet
 facet normal  7.933533e-01  6.087614e-01  0.000000e+00
   outer loop
     vertex  1.239679e+02 -1.032121e+02  0.000000e+00
     vertex  1.239202e+02 -1.031500e+02  0.000000e+00
     vertex  1.239202e+02 -1.031500e+02  1.510000e+00
   endloop
 endfacet
 facet normal  6.087614e-01  7.933533e-01 -0.000000e+00
   outer loop
     vertex  1.240300e+02 -1.032598e+02  0.000000e+00
     vertex  1.239679e+02 -1.032121e+02  1.510000e+00
     vertex  1.240300e+02 -1.032598e+02  1.510000e+00
   endloop
 endfacet
 facet normal  6.087614e-01  7.933533e-01  0.000000e+00
   outer loop
     vertex  1.240300e+02 -1.032598e+02  0.000000e+00
     vertex  1.239679e+02 -1.032121e+02  0.000000e+00
     vertex  1.239679e+02 -1.032121e+02  1.510000e+00
   endloop
 endfacet
 facet normal  3.826834e-01  9.238795e-01 -0.000000e+00
   outer loop
     vertex  1.241024e+02 -1.032898e+02  0.000000e+00
     vertex  1.240300e+02 -1.032598e+02  1.510000e+00
     vertex  1.241024e+02 -1.032898e+02  1.510000e+00
   endloop
 endfacet
 facet normal  3.826834e-01  9.238795e-01  0.000000e+00
   outer loop
     vertex  1.241024e+02 -1.032898e+02  0.000000e+00
     vertex  1.240300e+02 -1.032598e+02  0.000000e+00
     vertex  1.240300e+02 -1.032598e+02  1.510000e+00
   endloop
 endfacet
 facet normal  1.305262e-01  9.914449e-01 -0.000000e+00
   outer loop
     vertex  1.241800e+02 -1.033000e+02  0.000000e+00
     vertex  1.241024e+02 -1.032898e+02  1.510000e+00
     vertex  1.241800e+02 -1.033000e+02  1.510000e+00
   endloop
 endfacet
 facet normal  1.305262e-01  9.914449e-01  0.000000e+00
   outer loop
     vertex  1.241800e+02 -1.033000e+02  0.000000e+00
     vertex  1.241024e+02 -1.032898e+02  0.000000e+00
     vertex  1.241024e+02 -1.032898e+02  1.510000e+00
   endloop
 endfacet
 facet normal -1.305262e-01  9.914449e-01  0.000000e+00
   outer loop
     vertex  1.242576e+02 -1.032898e+02  0.000000e+00
     vertex  1.241800e+02 -1.033000e+02  1.510000e+00
     vertex  1.242576e+02 -1.032898e+02  1.510000e+00
   endloop
 endfacet
 facet normal -1.305262e-01  9.914449e-01  0.000000e+00
   outer loop
     vertex  1.242576e+02 -1.032898e+02  0.000000e+00
     vertex  1.241800e+02 -1.033000e+02  0.000000e+00
     vertex  1.241800e+02 -1.033000e+02  1.510000e+00
   endloop
 endfacet
 facet normal -3.826834e-01  9.238795e-01  0.000000e+00
   outer loop
     vertex  1.243300e+02 -1.032598e+02  0.000000e+00
     vertex  1.242576e+02 -1.032898e+02  1.510000e+00
     vertex  1.243300e+02 -1.032598e+02  1.510000e+00
   endloop
 endfacet
 facet normal -3.826834e-01  9.238795e-01  0.000000e+00
   outer loop
     vertex  1.243300e+02 -1.032598e+02  0.000000e+00
     vertex  1.242576e+02 -1.032898e+02  0.000000e+00
     vertex  1.242576e+02 -1.032898e+02  1.510000e+00
   endloop
 endfacet
 facet normal -7.933533e-01  6.087614e-01  0.000000e+00
   outer loop
     vertex  1.243921e+02 -1.032121e+02  0.000000e+00
     vertex  1.243921e+02 -1.032121e+02  1.510000e+00
     vertex  1.244398e+02 -1.031500e+02  1.510000e+00
   endloop
 endfacet
 facet normal -6.087614e-01  7.933533e-01  0.000000e+00
   outer loop
     vertex  1.243921e+02 -1.032121e+02  0.000000e+00
     vertex  1.243300e+02 -1.032598e+02  1.510000e+00
     vertex  1.243921e+02 -1.032121e+02  1.510000e+00
   endloop
 endfacet
 facet normal -6.087614e-01  7.933533e-01  0.000000e+00
   outer loop
     vertex  1.243921e+02 -1.032121e+02  0.000000e+00
     vertex  1.243300e+02 -1.032598e+02  0.000000e+00
     vertex  1.243300e+02 -1.032598e+02  1.510000e+00
   endloop
 endfacet
 facet normal -7.933533e-01  6.087614e-01  0.000000e+00
   outer loop
     vertex  1.244398e+02 -1.031500e+02  0.000000e+00
     vertex  1.243921e+02 -1.032121e+02  0.000000e+00
     vertex  1.244398e+02 -1.031500e+02  1.510000e+00
   endloop
 endfacet
 facet normal -9.238795e-01  3.826834e-01  0.000000e+00
   outer loop
     vertex  1.244698e+02 -1.030776e+02  0.000000e+00
     vertex  1.244398e+02 -1.031500e+02  1.510000e+00
     vertex  1.244698e+02 -1.030776e+02  1.510000e+00
   endloop
 endfacet
 facet normal -9.238795e-01  3.826834e-01  0.000000e+00
   outer loop
     vertex  1.244698e+02 -1.030776e+02  0.000000e+00
     vertex  1.244398e+02 -1.031500e+02  0.000000e+00
     vertex  1.244398e+02 -1.031500e+02  1.510000e+00
   endloop
 endfacet
 facet normal -9.914449e-01  1.305262e-01  0.000000e+00
   outer loop
     vertex  1.244800e+02 -1.030000e+02  0.000000e+00
     vertex  1.244698e+02 -1.030776e+02  1.510000e+00
     vertex  1.244800e+02 -1.030000e+02  1.510000e+00
   endloop
 endfacet
 facet normal -9.914449e-01  1.305262e-01  0.000000e+00
   outer loop
     vertex  1.244800e+02 -1.030000e+02  0.000000e+00
     vertex  1.244698e+02 -1.030776e+02  0.000000e+00
     vertex  1.244698e+02 -1.030776e+02  1.510000e+00
   endloop
 endfacet
 facet normal -1.000000e+00  1.776357e-14  0.000000e+00
   outer loop
     vertex  1.244800e+02 -1.022000e+02  0.000000e+00
     vertex  1.244800e+02 -1.030000e+02  0.000000e+00
     vertex  1.244800e+02 -1.030000e+02  1.510000e+00
   endloop
 endfacet
 facet normal -1.000000e+00  1.776357e-14  0.000000e+00
   outer loop
     vertex  1.244800e+02 -1.022000e+02  0.000000e+00
     vertex  1.244800e+02 -1.030000e+02  1.510000e+00
     vertex  1.244800e+02 -1.022000e+02  1.510000e+00
   endloop
 endfacet
 facet normal -1.305262e-01  9.914449e-01  0.000000e+00
   outer loop
     vertex  1.314741e+02 -1.065939e+02  0.000000e+00
     vertex  1.313900e+02 -1.066050e+02  0.000000e+00
     vertex  1.313900e+02 -1.066050e+02  1.510000e+00
   endloop
 endfacet
 facet normal -1.305262e-01  9.914449e-01  0.000000e+00
   outer loop
     vertex  1.314741e+02 -1.065939e+02  0.000000e+00
     vertex  1.313900e+02 -1.066050e+02  1.510000e+00
     vertex  1.314741e+02 -1.065939e+02  1.510000e+00
   endloop
 endfacet
 facet normal -3.826834e-01  9.238795e-01  0.000000e+00
   outer loop
     vertex  1.315525e+02 -1.065615e+02  0.000000e+00
     vertex  1.314741e+02 -1.065939e+02  1.510000e+00
     vertex  1.315525e+02 -1.065615e+02  1.510000e+00
   endloop
 endfacet
 facet normal -3.826834e-01  9.238795e-01  0.000000e+00
   outer loop
     vertex  1.315525e+02 -1.065615e+02  0.000000e+00
     vertex  1.314741e+02 -1.065939e+02  0.000000e+00
     vertex  1.314741e+02 -1.065939e+02  1.510000e+00
   endloop
 endfacet
 facet normal -6.087614e-01  7.933533e-01  0.000000e+00
   outer loop
     vertex  1.316198e+02 -1.065098e+02  0.000000e+00
     vertex  1.315525e+02 -1.065615e+02  1.510000e+00
     vertex  1.316198e+02 -1.065098e+02  1.510000e+00
   endloop
 endfacet
 facet normal -6.087614e-01  7.933533e-01  0.000000e+00
   outer loop
     vertex  1.316198e+02 -1.065098e+02  0.000000e+00
     vertex  1.315525e+02 -1.065615e+02  0.000000e+00
     vertex  1.315525e+02 -1.065615e+02  1.510000e+00
   endloop
 endfacet
 facet normal -7.933533e-01  6.087614e-01  0.000000e+00
   outer loop
     vertex  1.316715e+02 -1.064425e+02  0.000000e+00
     vertex  1.316198e+02 -1.065098e+02  1.510000e+00
     vertex  1.316715e+02 -1.064425e+02  1.510000e+00
   endloop
 endfacet
 facet normal -7.933533e-01  6.087614e-01  0.000000e+00
   outer loop
     vertex  1.316715e+02 -1.064425e+02  0.000000e+00
     vertex  1.316198e+02 -1.065098e+02  0.000000e+00
     vertex  1.316198e+02 -1.065098e+02  1.510000e+00
   endloop
 endfacet
 facet normal -9.238795e-01  3.826834e-01  0.000000e+00
   outer loop
     vertex  1.317039e+02 -1.063641e+02  0.000000e+00
     vertex  1.316715e+02 -1.064425e+02  1.510000e+00
     vertex  1.317039e+02 -1.063641e+02  1.510000e+00
   endloop
 endfacet
 facet normal -9.238795e-01  3.826834e-01  0.000000e+00
   outer loop
     vertex  1.317039e+02 -1.063641e+02  0.000000e+00
     vertex  1.316715e+02 -1.064425e+02  0.000000e+00
     vertex  1.316715e+02 -1.064425e+02  1.510000e+00
   endloop
 endfacet
 facet normal -9.914449e-01  1.305262e-01  0.000000e+00
   outer loop
     vertex  1.317150e+02 -1.062800e+02  0.000000e+00
     vertex  1.317039e+02 -1.063641e+02  1.510000e+00
     vertex  1.317150e+02 -1.062800e+02  1.510000e+00
   endloop
 endfacet
 facet normal -9.914449e-01  1.305262e-01  0.000000e+00
   outer loop
     vertex  1.317150e+02 -1.062800e+02  0.000000e+00
     vertex  1.317039e+02 -1.063641e+02  0.000000e+00
     vertex  1.317039e+02 -1.063641e+02  1.510000e+00
   endloop
 endfacet
 facet normal -9.914449e-01 -1.305262e-01  0.000000e+00
   outer loop
     vertex  1.317039e+02 -1.061959e+02  0.000000e+00
     vertex  1.317150e+02 -1.062800e+02  1.510000e+00
     vertex  1.317039e+02 -1.061959e+02  1.510000e+00
   endloop
 endfacet
 facet normal -9.914449e-01 -1.305262e-01  0.000000e+00
   outer loop
     vertex  1.317039e+02 -1.061959e+02  0.000000e+00
     vertex  1.317150e+02 -1.062800e+02  0.000000e+00
     vertex  1.317150e+02 -1.062800e+02  1.510000e+00
   endloop
 endfacet
 facet normal -9.238795e-01 -3.826834e-01  0.000000e+00
   outer loop
     vertex  1.316715e+02 -1.061175e+02  0.000000e+00
     vertex  1.317039e+02 -1.061959e+02  1.510000e+00
     vertex  1.316715e+02 -1.061175e+02  1.510000e+00
   endloop
 endfacet
 facet normal -9.238795e-01 -3.826834e-01  0.000000e+00
   outer loop
     vertex  1.316715e+02 -1.061175e+02  0.000000e+00
     vertex  1.317039e+02 -1.061959e+02  0.000000e+00
     vertex  1.317039e+02 -1.061959e+02  1.510000e+00
   endloop
 endfacet
 facet normal -7.933533e-01 -6.087614e-01  0.000000e+00
   outer loop
     vertex  1.316198e+02 -1.060502e+02  0.000000e+00
     vertex  1.316715e+02 -1.061175e+02  1.510000e+00
     vertex  1.316198e+02 -1.060502e+02  1.510000e+00
   endloop
 endfacet
 facet normal -7.933533e-01 -6.087614e-01  0.000000e+00
   outer loop
     vertex  1.316198e+02 -1.060502e+02  0.000000e+00
     vertex  1.316715e+02 -1.061175e+02  0.000000e+00
     vertex  1.316715e+02 -1.061175e+02  1.510000e+00
   endloop
 endfacet
 facet normal -6.087614e-01 -7.933533e-01  0.000000e+00
   outer loop
     vertex  1.315525e+02 -1.059985e+02  0.000000e+00
     vertex  1.316198e+02 -1.060502e+02  1.510000e+00
     vertex  1.315525e+02 -1.059985e+02  1.510000e+00
   endloop
 endfacet
 facet normal -6.087614e-01 -7.933533e-01  0.000000e+00
   outer loop
     vertex  1.315525e+02 -1.059985e+02  0.000000e+00
     vertex  1.316198e+02 -1.060502e+02  0.000000e+00
     vertex  1.316198e+02 -1.060502e+02  1.510000e+00
   endloop
 endfacet
 facet normal -3.826834e-01 -9.238795e-01  0.000000e+00
   outer loop
     vertex  1.314741e+02 -1.059661e+02  0.000000e+00
     vertex  1.315525e+02 -1.059985e+02  1.510000e+00
     vertex  1.314741e+02 -1.059661e+02  1.510000e+00
   endloop
 endfacet
 facet normal -3.826834e-01 -9.238795e-01  0.000000e+00
   outer loop
     vertex  1.314741e+02 -1.059661e+02  0.000000e+00
     vertex  1.315525e+02 -1.059985e+02  0.000000e+00
     vertex  1.315525e+02 -1.059985e+02  1.510000e+00
   endloop
 endfacet
 facet normal -1.305262e-01 -9.914449e-01  0.000000e+00
   outer loop
     vertex  1.313900e+02 -1.059550e+02  0.000000e+00
     vertex  1.314741e+02 -1.059661e+02  1.510000e+00
     vertex  1.313900e+02 -1.059550e+02  1.510000e+00
   endloop
 endfacet
 facet normal -1.305262e-01 -9.914449e-01  0.000000e+00
   outer loop
     vertex  1.313900e+02 -1.059550e+02  0.000000e+00
     vertex  1.314741e+02 -1.059661e+02  0.000000e+00
     vertex  1.314741e+02 -1.059661e+02  1.510000e+00
   endloop
 endfacet
 facet normal  1.305262e-01 -9.914449e-01  0.000000e+00
   outer loop
     vertex  1.313059e+02 -1.059661e+02  0.000000e+00
     vertex  1.313900e+02 -1.059550e+02  1.510000e+00
     vertex  1.313059e+02 -1.059661e+02  1.510000e+00
   endloop
 endfacet
 facet normal  1.305262e-01 -9.914449e-01  0.000000e+00
   outer loop
     vertex  1.313059e+02 -1.059661e+02  0.000000e+00
     vertex  1.313900e+02 -1.059550e+02  0.000000e+00
     vertex  1.313900e+02 -1.059550e+02  1.510000e+00
   endloop
 endfacet
 facet normal  3.826834e-01 -9.238795e-01  0.000000e+00
   outer loop
     vertex  1.312275e+02 -1.059985e+02  0.000000e+00
     vertex  1.313059e+02 -1.059661e+02  0.000000e+00
     vertex  1.313059e+02 -1.059661e+02  1.510000e+00
   endloop
 endfacet
 facet normal  3.826834e-01 -9.238795e-01  0.000000e+00
   outer loop
     vertex  1.312275e+02 -1.059985e+02  0.000000e+00
     vertex  1.313059e+02 -1.059661e+02  1.510000e+00
     vertex  1.312275e+02 -1.059985e+02  1.510000e+00
   endloop
 endfacet
 facet normal  6.087614e-01 -7.933533e-01  0.000000e+00
   outer loop
     vertex  1.311602e+02 -1.060502e+02  0.000000e+00
     vertex  1.312275e+02 -1.059985e+02  0.000000e+00
     vertex  1.312275e+02 -1.059985e+02  1.510000e+00
   endloop
 endfacet
 facet normal  7.933533e-01 -6.087614e-01  0.000000e+00
   outer loop
     vertex  1.311602e+02 -1.060502e+02  0.000000e+00
     vertex  1.311602e+02 -1.060502e+02  1.510000e+00
     vertex  1.311085e+02 -1.061175e+02  1.510000e+00
   endloop
 endfacet
 facet normal  6.087614e-01 -7.933533e-01  0.000000e+00
   outer loop
     vertex  1.311602e+02 -1.060502e+02  0.000000e+00
     vertex  1.312275e+02 -1.059985e+02  1.510000e+00
     vertex  1.311602e+02 -1.060502e+02  1.510000e+00
   endloop
 endfacet
 facet normal  7.933533e-01 -6.087614e-01  0.000000e+00
   outer loop
     vertex  1.311085e+02 -1.061175e+02  0.000000e+00
     vertex  1.311602e+02 -1.060502e+02  0.000000e+00
     vertex  1.311085e+02 -1.061175e+02  1.510000e+00
   endloop
 endfacet
 facet normal  9.238795e-01 -3.826834e-01  0.000000e+00
   outer loop
     vertex  1.311085e+02 -1.061175e+02  0.000000e+00
     vertex  1.311085e+02 -1.061175e+02  1.510000e+00
     vertex  1.310761e+02 -1.061959e+02  1.510000e+00
   endloop
 endfacet
 facet normal  9.238795e-01 -3.826834e-01  0.000000e+00
   outer loop
     vertex  1.310761e+02 -1.061959e+02  0.000000e+00
     vertex  1.311085e+02 -1.061175e+02  0.000000e+00
     vertex  1.310761e+02 -1.061959e+02  1.510000e+00
   endloop
 endfacet
 facet normal  9.914449e-01 -1.305262e-01  0.000000e+00
   outer loop
     vertex  1.310650e+02 -1.062800e+02  0.000000e+00
     vertex  1.310761e+02 -1.061959e+02  0.000000e+00
     vertex  1.310761e+02 -1.061959e+02  1.510000e+00
   endloop
 endfacet
 facet normal  9.914449e-01 -1.305262e-01  0.000000e+00
   outer loop
     vertex  1.310650e+02 -1.062800e+02  0.000000e+00
     vertex  1.310761e+02 -1.061959e+02  1.510000e+00
     vertex  1.310650e+02 -1.062800e+02  1.510000e+00
   endloop
 endfacet
 facet normal  9.914449e-01  1.305262e-01 -0.000000e+00
   outer loop
     vertex  1.310761e+02 -1.063641e+02  0.000000e+00
     vertex  1.310650e+02 -1.062800e+02  1.510000e+00
     vertex  1.310761e+02 -1.063641e+02  1.510000e+00
   endloop
 endfacet
 facet normal  9.914449e-01  1.305262e-01  0.000000e+00
   outer loop
     vertex  1.310761e+02 -1.063641e+02  0.000000e+00
     vertex  1.310650e+02 -1.062800e+02  0.000000e+00
     vertex  1.310650e+02 -1.062800e+02  1.510000e+00
   endloop
 endfacet
 facet normal  9.238795e-01  3.826834e-01 -0.000000e+00
   outer loop
     vertex  1.311085e+02 -1.064425e+02  0.000000e+00
     vertex  1.310761e+02 -1.063641e+02  1.510000e+00
     vertex  1.311085e+02 -1.064425e+02  1.510000e+00
   endloop
 endfacet
 facet normal  9.238795e-01  3.826834e-01  0.000000e+00
   outer loop
     vertex  1.311085e+02 -1.064425e+02  0.000000e+00
     vertex  1.310761e+02 -1.063641e+02  0.000000e+00
     vertex  1.310761e+02 -1.063641e+02  1.510000e+00
   endloop
 endfacet
 facet normal  6.087614e-01  7.933533e-01 -0.000000e+00
   outer loop
     vertex  1.311602e+02 -1.065098e+02  0.000000e+00
     vertex  1.311602e+02 -1.065098e+02  1.510000e+00
     vertex  1.312275e+02 -1.065615e+02  1.510000e+00
   endloop
 endfacet
 facet normal  7.933533e-01  6.087614e-01 -0.000000e+00
   outer loop
     vertex  1.311602e+02 -1.065098e+02  0.000000e+00
     vertex  1.311085e+02 -1.064425e+02  1.510000e+00
     vertex  1.311602e+02 -1.065098e+02  1.510000e+00
   endloop
 endfacet
 facet normal  7.933533e-01  6.087614e-01  0.000000e+00
   outer loop
     vertex  1.311602e+02 -1.065098e+02  0.000000e+00
     vertex  1.311085e+02 -1.064425e+02  0.000000e+00
     vertex  1.311085e+02 -1.064425e+02  1.510000e+00
   endloop
 endfacet
 facet normal  6.087614e-01  7.933533e-01 -0.000000e+00
   outer loop
     vertex  1.312275e+02 -1.065615e+02  0.000000e+00
     vertex  1.311602e+02 -1.065098e+02  0.000000e+00
     vertex  1.312275e+02 -1.065615e+02  1.510000e+00
   endloop
 endfacet
 facet normal  3.826834e-01  9.238795e-01 -0.000000e+00
   outer loop
     vertex  1.313059e+02 -1.065939e+02  0.000000e+00
     vertex  1.312275e+02 -1.065615e+02  1.510000e+00
     vertex  1.313059e+02 -1.065939e+02  1.510000e+00
   endloop
 endfacet
 facet normal  3.826834e-01  9.238795e-01  0.000000e+00
   outer loop
     vertex  1.313059e+02 -1.065939e+02  0.000000e+00
     vertex  1.312275e+02 -1.065615e+02  0.000000e+00
     vertex  1.312275e+02 -1.065615e+02  1.510000e+00
   endloop
 endfacet
 facet normal  1.305262e-01  9.914449e-01 -0.000000e+00
   outer loop
     vertex  1.313900e+02 -1.066050e+02  0.000000e+00
     vertex  1.313059e+02 -1.065939e+02  1.510000e+00
     vertex  1.313900e+02 -1.066050e+02  1.510000e+00
   endloop
 endfacet
 facet normal  1.305262e-01  9.914449e-01  0.000000e+00
   outer loop
     vertex  1.313900e+02 -1.066050e+02  0.000000e+00
     vertex  1.313059e+02 -1.065939e+02  0.000000e+00
     vertex  1.313059e+02 -1.065939e+02  1.510000e+00
   endloop
 endfacet
 facet normal -9.914449e-01 -1.305262e-01  0.000000e+00
   outer loop
     vertex  1.331098e+02 -1.061524e+02  0.000000e+00
     vertex  1.331200e+02 -1.062300e+02  0.000000e+00
     vertex  1.331200e+02 -1.062300e+02  1.510000e+00
   endloop
 endfacet
 facet normal -9.914449e-01 -1.305262e-01  0.000000e+00
   outer loop
     vertex  1.331098e+02 -1.061524e+02  0.000000e+00
     vertex  1.331200e+02 -1.062300e+02  1.510000e+00
     vertex  1.331098e+02 -1.061524e+02  1.510000e+00
   endloop
 endfacet
 facet normal -9.238795e-01 -3.826834e-01  0.000000e+00
   outer loop
     vertex  1.330798e+02 -1.060800e+02  0.000000e+00
     vertex  1.331098e+02 -1.061524e+02  1.510000e+00
     vertex  1.330798e+02 -1.060800e+02  1.510000e+00
   endloop
 endfacet
 facet normal -9.238795e-01 -3.826834e-01  0.000000e+00
   outer loop
     vertex  1.330798e+02 -1.060800e+02  0.000000e+00
     vertex  1.331098e+02 -1.061524e+02  0.000000e+00
     vertex  1.331098e+02 -1.061524e+02  1.510000e+00
   endloop
 endfacet
 facet normal -7.933533e-01 -6.087614e-01  0.000000e+00
   outer loop
     vertex  1.330321e+02 -1.060179e+02  0.000000e+00
     vertex  1.330798e+02 -1.060800e+02  1.510000e+00
     vertex  1.330321e+02 -1.060179e+02  1.510000e+00
   endloop
 endfacet
 facet normal -7.933533e-01 -6.087614e-01  0.000000e+00
   outer loop
     vertex  1.330321e+02 -1.060179e+02  0.000000e+00
     vertex  1.330798e+02 -1.060800e+02  0.000000e+00
     vertex  1.330798e+02 -1.060800e+02  1.510000e+00
   endloop
 endfacet
 facet normal -6.087614e-01 -7.933533e-01  0.000000e+00
   outer loop
     vertex  1.329700e+02 -1.059702e+02  0.000000e+00
     vertex  1.330321e+02 -1.060179e+02  1.510000e+00
     vertex  1.329700e+02 -1.059702e+02  1.510000e+00
   endloop
 endfacet
 facet normal -6.087614e-01 -7.933533e-01  0.000000e+00
   outer loop
     vertex  1.329700e+02 -1.059702e+02  0.000000e+00
     vertex  1.330321e+02 -1.060179e+02  0.000000e+00
     vertex  1.330321e+02 -1.060179e+02  1.510000e+00
   endloop
 endfacet
 facet normal -3.826834e-01 -9.238795e-01  0.000000e+00
   outer loop
     vertex  1.328976e+02 -1.059402e+02  0.000000e+00
     vertex  1.329700e+02 -1.059702e+02  1.510000e+00
     vertex  1.328976e+02 -1.059402e+02  1.510000e+00
   endloop
 endfacet
 facet normal -3.826834e-01 -9.238795e-01  0.000000e+00
   outer loop
     vertex  1.328976e+02 -1.059402e+02  0.000000e+00
     vertex  1.329700e+02 -1.059702e+02  0.000000e+00
     vertex  1.329700e+02 -1.059702e+02  1.510000e+00
   endloop
 endfacet
 facet normal -1.305262e-01 -9.914449e-01  0.000000e+00
   outer loop
     vertex  1.328200e+02 -1.059300e+02  0.000000e+00
     vertex  1.328976e+02 -1.059402e+02  1.510000e+00
     vertex  1.328200e+02 -1.059300e+02  1.510000e+00
   endloop
 endfacet
 facet normal -1.305262e-01 -9.914449e-01  0.000000e+00
   outer loop
     vertex  1.328200e+02 -1.059300e+02  0.000000e+00
     vertex  1.328976e+02 -1.059402e+02  0.000000e+00
     vertex  1.328976e+02 -1.059402e+02  1.510000e+00
   endloop
 endfacet
 facet normal  1.305262e-01 -9.914449e-01  0.000000e+00
   outer loop
     vertex  1.327424e+02 -1.059402e+02  0.000000e+00
     vertex  1.328200e+02 -1.059300e+02  1.510000e+00
     vertex  1.327424e+02 -1.059402e+02  1.510000e+00
   endloop
 endfacet
 facet normal  1.305262e-01 -9.914449e-01  0.000000e+00
   outer loop
     vertex  1.327424e+02 -1.059402e+02  0.000000e+00
     vertex  1.328200e+02 -1.059300e+02  0.000000e+00
     vertex  1.328200e+02 -1.059300e+02  1.510000e+00
   endloop
 endfacet
 facet normal  3.826834e-01 -9.238795e-01  0.000000e+00
   outer loop
     vertex  1.326700e+02 -1.059702e+02  0.000000e+00
     vertex  1.327424e+02 -1.059402e+02  1.510000e+00
     vertex  1.326700e+02 -1.059702e+02  1.510000e+00
   endloop
 endfacet
 facet normal  3.826834e-01 -9.238795e-01  0.000000e+00
   outer loop
     vertex  1.326700e+02 -1.059702e+02  0.000000e+00
     vertex  1.327424e+02 -1.059402e+02  0.000000e+00
     vertex  1.327424e+02 -1.059402e+02  1.510000e+00
   endloop
 endfacet
 facet normal  7.933533e-01 -6.087614e-01  0.000000e+00
   outer loop
     vertex  1.326079e+02 -1.060179e+02  0.000000e+00
     vertex  1.326079e+02 -1.060179e+02  1.510000e+00
     vertex  1.325602e+02 -1.060800e+02  1.510000e+00
   endloop
 endfacet
 facet normal  6.087614e-01 -7.933533e-01  0.000000e+00
   outer loop
     vertex  1.326079e+02 -1.060179e+02  0.000000e+00
     vertex  1.326700e+02 -1.059702e+02  1.510000e+00
     vertex  1.326079e+02 -1.060179e+02  1.510000e+00
   endloop
 endfacet
 facet normal  6.087614e-01 -7.933533e-01  0.000000e+00
   outer loop
     vertex  1.326079e+02 -1.060179e+02  0.000000e+00
     vertex  1.326700e+02 -1.059702e+02  0.000000e+00
     vertex  1.326700e+02 -1.059702e+02  1.510000e+00
   endloop
 endfacet
 facet normal  7.933533e-01 -6.087614e-01  0.000000e+00
   outer loop
     vertex  1.325602e+02 -1.060800e+02  0.000000e+00
     vertex  1.326079e+02 -1.060179e+02  0.000000e+00
     vertex  1.325602e+02 -1.060800e+02  1.510000e+00
   endloop
 endfacet
 facet normal  9.238795e-01 -3.826834e-01  0.000000e+00
   outer loop
     vertex  1.325302e+02 -1.061524e+02  0.000000e+00
     vertex  1.325602e+02 -1.060800e+02  1.510000e+00
     vertex  1.325302e+02 -1.061524e+02  1.510000e+00
   endloop
 endfacet
 facet normal  9.238795e-01 -3.826834e-01  0.000000e+00
   outer loop
     vertex  1.325302e+02 -1.061524e+02  0.000000e+00
     vertex  1.325602e+02 -1.060800e+02  0.000000e+00
     vertex  1.325602e+02 -1.060800e+02  1.510000e+00
   endloop
 endfacet
 facet normal  9.914449e-01 -1.305262e-01  0.000000e+00
   outer loop
     vertex  1.325200e+02 -1.062300e+02  0.000000e+00
     vertex  1.325302e+02 -1.061524e+02  1.510000e+00
     vertex  1.325200e+02 -1.062300e+02  1.510000e+00
   endloop
 endfacet
 facet normal  9.914449e-01 -1.305262e-01  0.000000e+00
   outer loop
     vertex  1.325200e+02 -1.062300e+02  0.000000e+00
     vertex  1.325302e+02 -1.061524e+02  0.000000e+00
     vertex  1.325302e+02 -1.061524e+02  1.510000e+00
   endloop
 endfacet
 facet normal  1.000000e+00  0.000000e+00  0.000000e+00
   outer loop
     vertex  1.325200e+02 -1.073300e+02  0.000000e+00
     vertex  1.325200e+02 -1.062300e+02  0.000000e+00
     vertex  1.325200e+02 -1.062300e+02  1.510000e+00
   endloop
 endfacet
 facet normal  1.000000e+00  0.000000e+00  0.000000e+00
   outer loop
     vertex  1.325200e+02 -1.073300e+02  0.000000e+00
     vertex  1.325200e+02 -1.062300e+02  1.510000e+00
     vertex  1.325200e+02 -1.073300e+02  1.510000e+00
   endloop
 endfacet
 facet normal  9.914449e-01  1.305262e-01  0.000000e+00
   outer loop
     vertex  1.325302e+02 -1.074076e+02  0.000000e+00
     vertex  1.325200e+02 -1.073300e+02  0.000000e+00
     vertex  1.325200e+02 -1.073300e+02  1.510000e+00
   endloop
 endfacet
 facet normal  9.914449e-01  1.305262e-01 -0.000000e+00
   outer loop
     vertex  1.325302e+02 -1.074076e+02  0.000000e+00
     vertex  1.325200e+02 -1.073300e+02  1.510000e+00
     vertex  1.325302e+02 -1.074076e+02  1.510000e+00
   endloop
 endfacet
 facet normal  9.238795e-01  3.826834e-01 -0.000000e+00
   outer loop
     vertex  1.325602e+02 -1.074800e+02  0.000000e+00
     vertex  1.325302e+02 -1.074076e+02  1.510000e+00
     vertex  1.325602e+02 -1.074800e+02  1.510000e+00
   endloop
 endfacet
 facet normal  9.238795e-01  3.826834e-01  0.000000e+00
   outer loop
     vertex  1.325602e+02 -1.074800e+02  0.000000e+00
     vertex  1.325302e+02 -1.074076e+02  0.000000e+00
     vertex  1.325302e+02 -1.074076e+02  1.510000e+00
   endloop
 endfacet
 facet normal  7.933533e-01  6.087614e-01 -0.000000e+00
   outer loop
     vertex  1.326079e+02 -1.075421e+02  0.000000e+00
     vertex  1.325602e+02 -1.074800e+02  1.510000e+00
     vertex  1.326079e+02 -1.075421e+02  1.510000e+00
   endloop
 endfacet
 facet normal  7.933533e-01  6.087614e-01  0.000000e+00
   outer loop
     vertex  1.326079e+02 -1.075421e+02  0.000000e+00
     vertex  1.325602e+02 -1.074800e+02  0.000000e+00
     vertex  1.325602e+02 -1.074800e+02  1.510000e+00
   endloop
 endfacet
 facet normal  6.087614e-01  7.933533e-01 -0.000000e+00
   outer loop
     vertex  1.326700e+02 -1.075898e+02  0.000000e+00
     vertex  1.326079e+02 -1.075421e+02  1.510000e+00
     vertex  1.326700e+02 -1.075898e+02  1.510000e+00
   endloop
 endfacet
 facet normal  6.087614e-01  7.933533e-01  0.000000e+00
   outer loop
     vertex  1.326700e+02 -1.075898e+02  0.000000e+00
     vertex  1.326079e+02 -1.075421e+02  0.000000e+00
     vertex  1.326079e+02 -1.075421e+02  1.510000e+00
   endloop
 endfacet
 facet normal  3.826834e-01  9.238795e-01 -0.000000e+00
   outer loop
     vertex  1.327424e+02 -1.076198e+02  0.000000e+00
     vertex  1.326700e+02 -1.075898e+02  1.510000e+00
     vertex  1.327424e+02 -1.076198e+02  1.510000e+00
   endloop
 endfacet
 facet normal  3.826834e-01  9.238795e-01  0.000000e+00
   outer loop
     vertex  1.327424e+02 -1.076198e+02  0.000000e+00
     vertex  1.326700e+02 -1.075898e+02  0.000000e+00
     vertex  1.326700e+02 -1.075898e+02  1.510000e+00
   endloop
 endfacet
 facet normal  1.305262e-01  9.914449e-01 -0.000000e+00
   outer loop
     vertex  1.328200e+02 -1.076300e+02  0.000000e+00
     vertex  1.327424e+02 -1.076198e+02  1.510000e+00
     vertex  1.328200e+02 -1.076300e+02  1.510000e+00
   endloop
 endfacet
 facet normal  1.305262e-01  9.914449e-01  0.000000e+00
   outer loop
     vertex  1.328200e+02 -1.076300e+02  0.000000e+00
     vertex  1.327424e+02 -1.076198e+02  0.000000e+00
     vertex  1.327424e+02 -1.076198e+02  1.510000e+00
   endloop
 endfacet
 facet normal -1.305262e-01  9.914449e-01  0.000000e+00
   outer loop
     vertex  1.328976e+02 -1.076198e+02  0.000000e+00
     vertex  1.328200e+02 -1.076300e+02  1.510000e+00
     vertex  1.328976e+02 -1.076198e+02  1.510000e+00
   endloop
 endfacet
 facet normal -1.305262e-01  9.914449e-01  0.000000e+00
   outer loop
     vertex  1.328976e+02 -1.076198e+02  0.000000e+00
     vertex  1.328200e+02 -1.076300e+02  0.000000e+00
     vertex  1.328200e+02 -1.076300e+02  1.510000e+00
   endloop
 endfacet
 facet normal -3.826834e-01  9.238795e-01  0.000000e+00
   outer loop
     vertex  1.329700e+02 -1.075898e+02  0.000000e+00
     vertex  1.328976e+02 -1.076198e+02  1.510000e+00
     vertex  1.329700e+02 -1.075898e+02  1.510000e+00
   endloop
 endfacet
 facet normal -3.826834e-01  9.238795e-01  0.000000e+00
   outer loop
     vertex  1.329700e+02 -1.075898e+02  0.000000e+00
     vertex  1.328976e+02 -1.076198e+02  0.000000e+00
     vertex  1.328976e+02 -1.076198e+02  1.510000e+00
   endloop
 endfacet
 facet normal -7.933533e-01  6.087614e-01  0.000000e+00
   outer loop
     vertex  1.330321e+02 -1.075421e+02  0.000000e+00
     vertex  1.330321e+02 -1.075421e+02  1.510000e+00
     vertex  1.330798e+02 -1.074800e+02  1.510000e+00
   endloop
 endfacet
 facet normal -6.087614e-01  7.933533e-01  0.000000e+00
   outer loop
     vertex  1.330321e+02 -1.075421e+02  0.000000e+00
     vertex  1.329700e+02 -1.075898e+02  1.510000e+00
     vertex  1.330321e+02 -1.075421e+02  1.510000e+00
   endloop
 endfacet
 facet normal -6.087614e-01  7.933533e-01  0.000000e+00
   outer loop
     vertex  1.330321e+02 -1.075421e+02  0.000000e+00
     vertex  1.329700e+02 -1.075898e+02  0.000000e+00
     vertex  1.329700e+02 -1.075898e+02  1.510000e+00
   endloop
 endfacet
 facet normal -7.933533e-01  6.087614e-01  0.000000e+00
   outer loop
     vertex  1.330798e+02 -1.074800e+02  0.000000e+00
     vertex  1.330321e+02 -1.075421e+02  0.000000e+00
     vertex  1.330798e+02 -1.074800e+02  1.510000e+00
   endloop
 endfacet
 facet normal -9.238795e-01  3.826834e-01  0.000000e+00
   outer loop
     vertex  1.331098e+02 -1.074076e+02  0.000000e+00
     vertex  1.330798e+02 -1.074800e+02  1.510000e+00
     vertex  1.331098e+02 -1.074076e+02  1.510000e+00
   endloop
 endfacet
 facet normal -9.238795e-01  3.826834e-01  0.000000e+00
   outer loop
     vertex  1.331098e+02 -1.074076e+02  0.000000e+00
     vertex  1.330798e+02 -1.074800e+02  0.000000e+00
     vertex  1.330798e+02 -1.074800e+02  1.510000e+00
   endloop
 endfacet
 facet normal -9.914449e-01  1.305262e-01  0.000000e+00
   outer loop
     vertex  1.331200e+02 -1.073300e+02  0.000000e+00
     vertex  1.331098e+02 -1.074076e+02  1.510000e+00
     vertex  1.331200e+02 -1.073300e+02  1.510000e+00
   endloop
 endfacet
 facet normal -9.914449e-01  1.305262e-01  0.000000e+00
   outer loop
     vertex  1.331200e+02 -1.073300e+02  0.000000e+00
     vertex  1.331098e+02 -1.074076e+02  0.000000e+00
     vertex  1.331098e+02 -1.074076e+02  1.510000e+00
   endloop
 endfacet
 facet normal -1.000000e+00  0.000000e+00  0.000000e+00
   outer loop
     vertex  1.331200e+02 -1.062300e+02  0.000000e+00
     vertex  1.331200e+02 -1.073300e+02  0.000000e+00
     vertex  1.331200e+02 -1.073300e+02  1.510000e+00
   endloop
 endfacet
 facet normal -1.000000e+00  0.000000e+00  0.000000e+00
   outer loop
     vertex  1.331200e+02 -1.062300e+02  0.000000e+00
     vertex  1.331200e+02 -1.073300e+02  1.510000e+00
     vertex  1.331200e+02 -1.062300e+02  1.510000e+00
   endloop
 endfacet
 facet normal -9.914449e-01 -1.305262e-01  0.000000e+00
   outer loop
     vertex  1.331098e+02 -1.021224e+02  0.000000e+00
     vertex  1.331200e+02 -1.022000e+02  0.000000e+00
     vertex  1.331200e+02 -1.022000e+02  1.510000e+00
   endloop
 endfacet
 facet normal -9.914449e-01 -1.305262e-01  0.000000e+00
   outer loop
     vertex  1.331098e+02 -1.021224e+02  0.000000e+00
     vertex  1.331200e+02 -1.022000e+02  1.510000e+00
     vertex  1.331098e+02 -1.021224e+02  1.510000e+00
   endloop
 endfacet
 facet normal -9.238795e-01 -3.826834e-01  0.000000e+00
   outer loop
     vertex  1.330798e+02 -1.020500e+02  0.000000e+00
     vertex  1.331098e+02 -1.021224e+02  1.510000e+00
     vertex  1.330798e+02 -1.020500e+02  1.510000e+00
   endloop
 endfacet
 facet normal -9.238795e-01 -3.826834e-01  0.000000e+00
   outer loop
     vertex  1.330798e+02 -1.020500e+02  0.000000e+00
     vertex  1.331098e+02 -1.021224e+02  0.000000e+00
     vertex  1.331098e+02 -1.021224e+02  1.510000e+00
   endloop
 endfacet
 facet normal -7.933533e-01 -6.087614e-01  0.000000e+00
   outer loop
     vertex  1.330321e+02 -1.019879e+02  0.000000e+00
     vertex  1.330798e+02 -1.020500e+02  1.510000e+00
     vertex  1.330321e+02 -1.019879e+02  1.510000e+00
   endloop
 endfacet
 facet normal -7.933533e-01 -6.087614e-01  0.000000e+00
   outer loop
     vertex  1.330321e+02 -1.019879e+02  0.000000e+00
     vertex  1.330798e+02 -1.020500e+02  0.000000e+00
     vertex  1.330798e+02 -1.020500e+02  1.510000e+00
   endloop
 endfacet
 facet normal -6.087614e-01 -7.933533e-01  0.000000e+00
   outer loop
     vertex  1.329700e+02 -1.019402e+02  0.000000e+00
     vertex  1.330321e+02 -1.019879e+02  1.510000e+00
     vertex  1.329700e+02 -1.019402e+02  1.510000e+00
   endloop
 endfacet
 facet normal -6.087614e-01 -7.933533e-01  0.000000e+00
   outer loop
     vertex  1.329700e+02 -1.019402e+02  0.000000e+00
     vertex  1.330321e+02 -1.019879e+02  0.000000e+00
     vertex  1.330321e+02 -1.019879e+02  1.510000e+00
   endloop
 endfacet
 facet normal -3.826834e-01 -9.238795e-01  0.000000e+00
   outer loop
     vertex  1.328976e+02 -1.019102e+02  0.000000e+00
     vertex  1.329700e+02 -1.019402e+02  1.510000e+00
     vertex  1.328976e+02 -1.019102e+02  1.510000e+00
   endloop
 endfacet
 facet normal -3.826834e-01 -9.238795e-01  0.000000e+00
   outer loop
     vertex  1.328976e+02 -1.019102e+02  0.000000e+00
     vertex  1.329700e+02 -1.019402e+02  0.000000e+00
     vertex  1.329700e+02 -1.019402e+02  1.510000e+00
   endloop
 endfacet
 facet normal -1.305262e-01 -9.914449e-01  0.000000e+00
   outer loop
     vertex  1.328200e+02 -1.019000e+02  0.000000e+00
     vertex  1.328976e+02 -1.019102e+02  1.510000e+00
     vertex  1.328200e+02 -1.019000e+02  1.510000e+00
   endloop
 endfacet
 facet normal -1.305262e-01 -9.914449e-01  0.000000e+00
   outer loop
     vertex  1.328200e+02 -1.019000e+02  0.000000e+00
     vertex  1.328976e+02 -1.019102e+02  0.000000e+00
     vertex  1.328976e+02 -1.019102e+02  1.510000e+00
   endloop
 endfacet
 facet normal  1.305262e-01 -9.914449e-01  0.000000e+00
   outer loop
     vertex  1.327424e+02 -1.019102e+02  0.000000e+00
     vertex  1.328200e+02 -1.019000e+02  1.510000e+00
     vertex  1.327424e+02 -1.019102e+02  1.510000e+00
   endloop
 endfacet
 facet normal  1.305262e-01 -9.914449e-01  0.000000e+00
   outer loop
     vertex  1.327424e+02 -1.019102e+02  0.000000e+00
     vertex  1.328200e+02 -1.019000e+02  0.000000e+00
     vertex  1.328200e+02 -1.019000e+02  1.510000e+00
   endloop
 endfacet
 facet normal  3.826834e-01 -9.238795e-01  0.000000e+00
   outer loop
     vertex  1.326700e+02 -1.019402e+02  0.000000e+00
     vertex  1.327424e+02 -1.019102e+02  1.510000e+00
     vertex  1.326700e+02 -1.019402e+02  1.510000e+00
   endloop
 endfacet
 facet normal  3.826834e-01 -9.238795e-01  0.000000e+00
   outer loop
     vertex  1.326700e+02 -1.019402e+02  0.000000e+00
     vertex  1.327424e+02 -1.019102e+02  0.000000e+00
     vertex  1.327424e+02 -1.019102e+02  1.510000e+00
   endloop
 endfacet
 facet normal  7.933533e-01 -6.087614e-01  0.000000e+00
   outer loop
     vertex  1.326079e+02 -1.019879e+02  0.000000e+00
     vertex  1.326079e+02 -1.019879e+02  1.510000e+00
     vertex  1.325602e+02 -1.020500e+02  1.510000e+00
   endloop
 endfacet
 facet normal  6.087614e-01 -7.933533e-01  0.000000e+00
   outer loop
     vertex  1.326079e+02 -1.019879e+02  0.000000e+00
     vertex  1.326700e+02 -1.019402e+02  1.510000e+00
     vertex  1.326079e+02 -1.019879e+02  1.510000e+00
   endloop
 endfacet
 facet normal  6.087614e-01 -7.933533e-01  0.000000e+00
   outer loop
     vertex  1.326079e+02 -1.019879e+02  0.000000e+00
     vertex  1.326700e+02 -1.019402e+02  0.000000e+00
     vertex  1.326700e+02 -1.019402e+02  1.510000e+00
   endloop
 endfacet
 facet normal  7.933533e-01 -6.087614e-01  0.000000e+00
   outer loop
     vertex  1.325602e+02 -1.020500e+02  0.000000e+00
     vertex  1.326079e+02 -1.019879e+02  0.000000e+00
     vertex  1.325602e+02 -1.020500e+02  1.510000e+00
   endloop
 endfacet
 facet normal  9.238795e-01 -3.826834e-01  0.000000e+00
   outer loop
     vertex  1.325302e+02 -1.021224e+02  0.000000e+00
     vertex  1.325602e+02 -1.020500e+02  1.510000e+00
     vertex  1.325302e+02 -1.021224e+02  1.510000e+00
   endloop
 endfacet
 facet normal  9.238795e-01 -3.826834e-01  0.000000e+00
   outer loop
     vertex  1.325302e+02 -1.021224e+02  0.000000e+00
     vertex  1.325602e+02 -1.020500e+02  0.000000e+00
     vertex  1.325602e+02 -1.020500e+02  1.510000e+00
   endloop
 endfacet
 facet normal  9.914449e-01 -1.305262e-01  0.000000e+00
   outer loop
     vertex  1.325200e+02 -1.022000e+02  0.000000e+00
     vertex  1.325302e+02 -1.021224e+02  1.510000e+00
     vertex  1.325200e+02 -1.022000e+02  1.510000e+00
   endloop
 endfacet
 facet normal  9.914449e-01 -1.305262e-01  0.000000e+00
   outer loop
     vertex  1.325200e+02 -1.022000e+02  0.000000e+00
     vertex  1.325302e+02 -1.021224e+02  0.000000e+00
     vertex  1.325302e+02 -1.021224e+02  1.510000e+00
   endloop
 endfacet
 facet normal  1.000000e+00  0.000000e+00  0.000000e+00
   outer loop
     vertex  1.325200e+02 -1.030000e+02  0.000000e+00
     vertex  1.325200e+02 -1.022000e+02  0.000000e+00
     vertex  1.325200e+02 -1.022000e+02  1.510000e+00
   endloop
 endfacet
 facet normal  1.000000e+00  0.000000e+00  0.000000e+00
   outer loop
     vertex  1.325200e+02 -1.030000e+02  0.000000e+00
     vertex  1.325200e+02 -1.022000e+02  1.510000e+00
     vertex  1.325200e+02 -1.030000e+02  1.510000e+00
   endloop
 endfacet
 facet normal  9.927089e-01  1.205367e-01  0.000000e+00
   outer loop
     vertex  1.325287e+02 -1.030718e+02  0.000000e+00
     vertex  1.325200e+02 -1.030000e+02  0.000000e+00
     vertex  1.325200e+02 -1.030000e+02  1.510000e+00
   endloop
 endfacet
 facet normal  9.927089e-01  1.205367e-01 -0.000000e+00
   outer loop
     vertex  1.325287e+02 -1.030718e+02  0.000000e+00
     vertex  1.325200e+02 -1.030000e+02  1.510000e+00
     vertex  1.325287e+02 -1.030718e+02  1.510000e+00
   endloop
 endfacet
 facet normal  9.350162e-01  3.546049e-01 -0.000000e+00
   outer loop
     vertex  1.325544e+02 -1.031394e+02  0.000000e+00
     vertex  1.325287e+02 -1.030718e+02  1.510000e+00
     vertex  1.325544e+02 -1.031394e+02  1.510000e+00
   endloop
 endfacet
 facet normal  9.350162e-01  3.546049e-01  0.000000e+00
   outer loop
     vertex  1.325544e+02 -1.031394e+02  0.000000e+00
     vertex  1.325287e+02 -1.030718e+02  0.000000e+00
     vertex  1.325287e+02 -1.030718e+02  1.510000e+00
   endloop
 endfacet
 facet normal  6.631227e-01  7.485107e-01 -0.000000e+00
   outer loop
     vertex  1.325954e+02 -1.031989e+02  0.000000e+00
     vertex  1.325954e+02 -1.031989e+02  1.510000e+00
     vertex  1.326496e+02 -1.032469e+02  1.510000e+00
   endloop
 endfacet
 facet normal  8.229839e-01  5.680647e-01 -0.000000e+00
   outer loop
     vertex  1.325954e+02 -1.031989e+02  0.000000e+00
     vertex  1.325544e+02 -1.031394e+02  1.510000e+00
     vertex  1.325954e+02 -1.031989e+02  1.510000e+00
   endloop
 endfacet
 facet normal  8.229839e-01  5.680647e-01  0.000000e+00
   outer loop
     vertex  1.325954e+02 -1.031989e+02  0.000000e+00
     vertex  1.325544e+02 -1.031394e+02  0.000000e+00
     vertex  1.325544e+02 -1.031394e+02  1.510000e+00
   endloop
 endfacet
 facet normal  6.631227e-01  7.485107e-01 -0.000000e+00
   outer loop
     vertex  1.326496e+02 -1.032469e+02  0.000000e+00
     vertex  1.325954e+02 -1.031989e+02  0.000000e+00
     vertex  1.326496e+02 -1.032469e+02  1.510000e+00
   endloop
 endfacet
 facet normal  4.647232e-01  8.854560e-01 -0.000000e+00
   outer loop
     vertex  1.327136e+02 -1.032805e+02  0.000000e+00
     vertex  1.326496e+02 -1.032469e+02  1.510000e+00
     vertex  1.327136e+02 -1.032805e+02  1.510000e+00
   endloop
 endfacet
 facet normal  4.647232e-01  8.854560e-01  0.000000e+00
   outer loop
     vertex  1.327136e+02 -1.032805e+02  0.000000e+00
     vertex  1.326496e+02 -1.032469e+02  0.000000e+00
     vertex  1.326496e+02 -1.032469e+02  1.510000e+00
   endloop
 endfacet
 facet normal  2.393157e-01  9.709418e-01 -0.000000e+00
   outer loop
     vertex  1.327838e+02 -1.032978e+02  0.000000e+00
     vertex  1.327136e+02 -1.032805e+02  1.510000e+00
     vertex  1.327838e+02 -1.032978e+02  1.510000e+00
   endloop
 endfacet
 facet normal  2.393157e-01  9.709418e-01  0.000000e+00
   outer loop
     vertex  1.327838e+02 -1.032978e+02  0.000000e+00
     vertex  1.327136e+02 -1.032805e+02  0.000000e+00
     vertex  1.327136e+02 -1.032805e+02  1.510000e+00
   endloop
 endfacet
 facet normal  0.000000e+00  1.000000e+00 -0.000000e+00
   outer loop
     vertex  1.328562e+02 -1.032978e+02  0.000000e+00
     vertex  1.327838e+02 -1.032978e+02  1.510000e+00
     vertex  1.328562e+02 -1.032978e+02  1.510000e+00
   endloop
 endfacet
 facet normal  0.000000e+00  1.000000e+00  0.000000e+00
   outer loop
     vertex  1.328562e+02 -1.032978e+02  0.000000e+00
     vertex  1.327838e+02 -1.032978e+02  0.000000e+00
     vertex  1.327838e+02 -1.032978e+02  1.510000e+00
   endloop
 endfacet
 facet normal -2.393157e-01  9.709418e-01  0.000000e+00
   outer loop
     vertex  1.329264e+02 -1.032805e+02  0.000000e+00
     vertex  1.328562e+02 -1.032978e+02  1.510000e+00
     vertex  1.329264e+02 -1.032805e+02  1.510000e+00
   endloop
 endfacet
 facet normal -2.393157e-01  9.709418e-01  0.000000e+00
   outer loop
     vertex  1.329264e+02 -1.032805e+02  0.000000e+00
     vertex  1.328562e+02 -1.032978e+02  0.000000e+00
     vertex  1.328562e+02 -1.032978e+02  1.510000e+00
   endloop
 endfacet
 facet normal -6.631227e-01  7.485107e-01  0.000000e+00
   outer loop
     vertex  1.329904e+02 -1.032469e+02  0.000000e+00
     vertex  1.329904e+02 -1.032469e+02  1.510000e+00
     vertex  1.330446e+02 -1.031989e+02  1.510000e+00
   endloop
 endfacet
 facet normal -4.647232e-01  8.854560e-01  0.000000e+00
   outer loop
     vertex  1.329904e+02 -1.032469e+02  0.000000e+00
     vertex  1.329264e+02 -1.032805e+02  1.510000e+00
     vertex  1.329904e+02 -1.032469e+02  1.510000e+00
   endloop
 endfacet
 facet normal -4.647232e-01  8.854560e-01  0.000000e+00
   outer loop
     vertex  1.329904e+02 -1.032469e+02  0.000000e+00
     vertex  1.329264e+02 -1.032805e+02  0.000000e+00
     vertex  1.329264e+02 -1.032805e+02  1.510000e+00
   endloop
 endfacet
 facet normal -6.631227e-01  7.485107e-01  0.000000e+00
   outer loop
     vertex  1.330446e+02 -1.031989e+02  0.000000e+00
     vertex  1.329904e+02 -1.032469e+02  0.000000e+00
     vertex  1.330446e+02 -1.031989e+02  1.510000e+00
   endloop
 endfacet
 facet normal -8.229839e-01  5.680647e-01  0.000000e+00
   outer loop
     vertex  1.330856e+02 -1.031394e+02  0.000000e+00
     vertex  1.330446e+02 -1.031989e+02  1.510000e+00
     vertex  1.330856e+02 -1.031394e+02  1.510000e+00
   endloop
 endfacet
 facet normal -8.229839e-01  5.680647e-01  0.000000e+00
   outer loop
     vertex  1.330856e+02 -1.031394e+02  0.000000e+00
     vertex  1.330446e+02 -1.031989e+02  0.000000e+00
     vertex  1.330446e+02 -1.031989e+02  1.510000e+00
   endloop
 endfacet
 facet normal -9.350162e-01  3.546049e-01  0.000000e+00
   outer loop
     vertex  1.331113e+02 -1.030718e+02  0.000000e+00
     vertex  1.330856e+02 -1.031394e+02  1.510000e+00
     vertex  1.331113e+02 -1.030718e+02  1.510000e+00
   endloop
 endfacet
 facet normal -9.350162e-01  3.546049e-01  0.000000e+00
   outer loop
     vertex  1.331113e+02 -1.030718e+02  0.000000e+00
     vertex  1.330856e+02 -1.031394e+02  0.000000e+00
     vertex  1.330856e+02 -1.031394e+02  1.510000e+00
   endloop
 endfacet
 facet normal -9.927089e-01  1.205367e-01  0.000000e+00
   outer loop
     vertex  1.331200e+02 -1.030000e+02  0.000000e+00
     vertex  1.331113e+02 -1.030718e+02  1.510000e+00
     vertex  1.331200e+02 -1.030000e+02  1.510000e+00
   endloop
 endfacet
 facet normal -9.927089e-01  1.205367e-01  0.000000e+00
   outer loop
     vertex  1.331200e+02 -1.030000e+02  0.000000e+00
     vertex  1.331113e+02 -1.030718e+02  0.000000e+00
     vertex  1.331113e+02 -1.030718e+02  1.510000e+00
   endloop
 endfacet
 facet normal -1.000000e+00  0.000000e+00  0.000000e+00
   outer loop
     vertex  1.331200e+02 -1.022000e+02  0.000000e+00
     vertex  1.331200e+02 -1.030000e+02  0.000000e+00
     vertex  1.331200e+02 -1.030000e+02  1.510000e+00
   endloop
 endfacet
 facet normal -1.000000e+00  0.000000e+00  0.000000e+00
   outer loop
     vertex  1.331200e+02 -1.022000e+02  0.000000e+00
     vertex  1.331200e+02 -1.030000e+02  1.510000e+00
     vertex  1.331200e+02 -1.022000e+02  1.510000e+00
   endloop
 endfacet
 facet normal -1.305262e-01  9.914449e-01  0.000000e+00
   outer loop
     vertex  1.534141e+02 -1.055455e+02  0.000000e+00
     vertex  1.530000e+02 -1.056000e+02  0.000000e+00
     vertex  1.530000e+02 -1.056000e+02  1.510000e+00
   endloop
 endfacet
 facet normal -1.305262e-01  9.914449e-01  0.000000e+00
   outer loop
     vertex  1.534141e+02 -1.055455e+02  0.000000e+00
     vertex  1.530000e+02 -1.056000e+02  1.510000e+00
     vertex  1.534141e+02 -1.055455e+02  1.510000e+00
   endloop
 endfacet
 facet normal -3.826834e-01  9.238795e-01  0.000000e+00
   outer loop
     vertex  1.538000e+02 -1.053856e+02  0.000000e+00
     vertex  1.534141e+02 -1.055455e+02  1.510000e+00
     vertex  1.538000e+02 -1.053856e+02  1.510000e+00
   endloop
 endfacet
 facet normal -3.826834e-01  9.238795e-01  0.000000e+00
   outer loop
     vertex  1.538000e+02 -1.053856e+02  0.000000e+00
     vertex  1.534141e+02 -1.055455e+02  0.000000e+00
     vertex  1.534141e+02 -1.055455e+02  1.510000e+00
   endloop
 endfacet
 facet normal -6.087614e-01  7.933533e-01  0.000000e+00
   outer loop
     vertex  1.541314e+02 -1.051314e+02  0.000000e+00
     vertex  1.538000e+02 -1.053856e+02  1.510000e+00
     vertex  1.541314e+02 -1.051314e+02  1.510000e+00
   endloop
 endfacet
 facet normal -6.087614e-01  7.933533e-01  0.000000e+00
   outer loop
     vertex  1.541314e+02 -1.051314e+02  0.000000e+00
     vertex  1.538000e+02 -1.053856e+02  0.000000e+00
     vertex  1.538000e+02 -1.053856e+02  1.510000e+00
   endloop
 endfacet
 facet normal -7.933533e-01  6.087614e-01  0.000000e+00
   outer loop
     vertex  1.543856e+02 -1.048000e+02  0.000000e+00
     vertex  1.541314e+02 -1.051314e+02  1.510000e+00
     vertex  1.543856e+02 -1.048000e+02  1.510000e+00
   endloop
 endfacet
 facet normal -7.933533e-01  6.087614e-01  0.000000e+00
   outer loop
     vertex  1.543856e+02 -1.048000e+02  0.000000e+00
     vertex  1.541314e+02 -1.051314e+02  0.000000e+00
     vertex  1.541314e+02 -1.051314e+02  1.510000e+00
   endloop
 endfacet
 facet normal -9.238795e-01  3.826834e-01  0.000000e+00
   outer loop
     vertex  1.545455e+02 -1.044141e+02  0.000000e+00
     vertex  1.543856e+02 -1.048000e+02  1.510000e+00
     vertex  1.545455e+02 -1.044141e+02  1.510000e+00
   endloop
 endfacet
 facet normal -9.238795e-01  3.826834e-01  0.000000e+00
   outer loop
     vertex  1.545455e+02 -1.044141e+02  0.000000e+00
     vertex  1.543856e+02 -1.048000e+02  0.000000e+00
     vertex  1.543856e+02 -1.048000e+02  1.510000e+00
   endloop
 endfacet
 facet normal -9.914449e-01  1.305262e-01  0.000000e+00
   outer loop
     vertex  1.546000e+02 -1.040000e+02  0.000000e+00
     vertex  1.545455e+02 -1.044141e+02  1.510000e+00
     vertex  1.546000e+02 -1.040000e+02  1.510000e+00
   endloop
 endfacet
 facet normal -9.914449e-01  1.305262e-01  0.000000e+00
   outer loop
     vertex  1.546000e+02 -1.040000e+02  0.000000e+00
     vertex  1.545455e+02 -1.044141e+02  0.000000e+00
     vertex  1.545455e+02 -1.044141e+02  1.510000e+00
   endloop
 endfacet
 facet normal -9.914449e-01 -1.305262e-01  0.000000e+00
   outer loop
     vertex  1.545455e+02 -1.035859e+02  0.000000e+00
     vertex  1.546000e+02 -1.040000e+02  1.510000e+00
     vertex  1.545455e+02 -1.035859e+02  1.510000e+00
   endloop
 endfacet
 facet normal -9.914449e-01 -1.305262e-01  0.000000e+00
   outer loop
     vertex  1.545455e+02 -1.035859e+02  0.000000e+00
     vertex  1.546000e+02 -1.040000e+02  0.000000e+00
     vertex  1.546000e+02 -1.040000e+02  1.510000e+00
   endloop
 endfacet
 facet normal -9.238795e-01 -3.826834e-01  0.000000e+00
   outer loop
     vertex  1.543856e+02 -1.032000e+02  0.000000e+00
     vertex  1.545455e+02 -1.035859e+02  1.510000e+00
     vertex  1.543856e+02 -1.032000e+02  1.510000e+00
   endloop
 endfacet
 facet normal -9.238795e-01 -3.826834e-01  0.000000e+00
   outer loop
     vertex  1.543856e+02 -1.032000e+02  0.000000e+00
     vertex  1.545455e+02 -1.035859e+02  0.000000e+00
     vertex  1.545455e+02 -1.035859e+02  1.510000e+00
   endloop
 endfacet
 facet normal -7.933533e-01 -6.087614e-01  0.000000e+00
   outer loop
     vertex  1.541314e+02 -1.028686e+02  0.000000e+00
     vertex  1.543856e+02 -1.032000e+02  1.510000e+00
     vertex  1.541314e+02 -1.028686e+02  1.510000e+00
   endloop
 endfacet
 facet normal -7.933533e-01 -6.087614e-01  0.000000e+00
   outer loop
     vertex  1.541314e+02 -1.028686e+02  0.000000e+00
     vertex  1.543856e+02 -1.032000e+02  0.000000e+00
     vertex  1.543856e+02 -1.032000e+02  1.510000e+00
   endloop
 endfacet
 facet normal -6.087614e-01 -7.933533e-01  0.000000e+00
   outer loop
     vertex  1.538000e+02 -1.026144e+02  0.000000e+00
     vertex  1.541314e+02 -1.028686e+02  1.510000e+00
     vertex  1.538000e+02 -1.026144e+02  1.510000e+00
   endloop
 endfacet
 facet normal -6.087614e-01 -7.933533e-01  0.000000e+00
   outer loop
     vertex  1.538000e+02 -1.026144e+02  0.000000e+00
     vertex  1.541314e+02 -1.028686e+02  0.000000e+00
     vertex  1.541314e+02 -1.028686e+02  1.510000e+00
   endloop
 endfacet
 facet normal -3.826834e-01 -9.238795e-01  0.000000e+00
   outer loop
     vertex  1.534141e+02 -1.024545e+02  0.000000e+00
     vertex  1.538000e+02 -1.026144e+02  1.510000e+00
     vertex  1.534141e+02 -1.024545e+02  1.510000e+00
   endloop
 endfacet
 facet normal -3.826834e-01 -9.238795e-01  0.000000e+00
   outer loop
     vertex  1.534141e+02 -1.024545e+02  0.000000e+00
     vertex  1.538000e+02 -1.026144e+02  0.000000e+00
     vertex  1.538000e+02 -1.026144e+02  1.510000e+00
   endloop
 endfacet
 facet normal -1.305262e-01 -9.914449e-01  0.000000e+00
   outer loop
     vertex  1.530000e+02 -1.024000e+02  0.000000e+00
     vertex  1.534141e+02 -1.024545e+02  1.510000e+00
     vertex  1.530000e+02 -1.024000e+02  1.510000e+00
   endloop
 endfacet
 facet normal -1.305262e-01 -9.914449e-01  0.000000e+00
   outer loop
     vertex  1.530000e+02 -1.024000e+02  0.000000e+00
     vertex  1.534141e+02 -1.024545e+02  0.000000e+00
     vertex  1.534141e+02 -1.024545e+02  1.510000e+00
   endloop
 endfacet
 facet normal  1.305262e-01 -9.914449e-01  0.000000e+00
   outer loop
     vertex  1.525859e+02 -1.024545e+02  0.000000e+00
     vertex  1.530000e+02 -1.024000e+02  1.510000e+00
     vertex  1.525859e+02 -1.024545e+02  1.510000e+00
   endloop
 endfacet
 facet normal  1.305262e-01 -9.914449e-01  0.000000e+00
   outer loop
     vertex  1.525859e+02 -1.024545e+02  0.000000e+00
     vertex  1.530000e+02 -1.024000e+02  0.000000e+00
     vertex  1.530000e+02 -1.024000e+02  1.510000e+00
   endloop
 endfacet
 facet normal  3.826834e-01 -9.238795e-01  0.000000e+00
   outer loop
     vertex  1.522000e+02 -1.026144e+02  0.000000e+00
     vertex  1.525859e+02 -1.024545e+02  0.000000e+00
     vertex  1.525859e+02 -1.024545e+02  1.510000e+00
   endloop
 endfacet
 facet normal  3.826834e-01 -9.238795e-01  0.000000e+00
   outer loop
     vertex  1.522000e+02 -1.026144e+02  0.000000e+00
     vertex  1.525859e+02 -1.024545e+02  1.510000e+00
     vertex  1.522000e+02 -1.026144e+02  1.510000e+00
   endloop
 endfacet
 facet normal  6.087614e-01 -7.933533e-01  0.000000e+00
   outer loop
     vertex  1.518686e+02 -1.028686e+02  0.000000e+00
     vertex  1.522000e+02 -1.026144e+02  0.000000e+00
     vertex  1.522000e+02 -1.026144e+02  1.510000e+00
   endloop
 endfacet
 facet normal  7.933533e-01 -6.087614e-01  0.000000e+00
   outer loop
     vertex  1.518686e+02 -1.028686e+02  0.000000e+00
     vertex  1.518686e+02 -1.028686e+02  1.510000e+00
     vertex  1.516144e+02 -1.032000e+02  1.510000e+00
   endloop
 endfacet
 facet normal  6.087614e-01 -7.933533e-01  0.000000e+00
   outer loop
     vertex  1.518686e+02 -1.028686e+02  0.000000e+00
     vertex  1.522000e+02 -1.026144e+02  1.510000e+00
     vertex  1.518686e+02 -1.028686e+02  1.510000e+00
   endloop
 endfacet
 facet normal  7.933533e-01 -6.087614e-01  0.000000e+00
   outer loop
     vertex  1.516144e+02 -1.032000e+02  0.000000e+00
     vertex  1.518686e+02 -1.028686e+02  0.000000e+00
     vertex  1.516144e+02 -1.032000e+02  1.510000e+00
   endloop
 endfacet
 facet normal  9.238795e-01 -3.826834e-01  0.000000e+00
   outer loop
     vertex  1.516144e+02 -1.032000e+02  0.000000e+00
     vertex  1.516144e+02 -1.032000e+02  1.510000e+00
     vertex  1.514545e+02 -1.035859e+02  1.510000e+00
   endloop
 endfacet
 facet normal  9.238795e-01 -3.826834e-01  0.000000e+00
   outer loop
     vertex  1.514545e+02 -1.035859e+02  0.000000e+00
     vertex  1.516144e+02 -1.032000e+02  0.000000e+00
     vertex  1.514545e+02 -1.035859e+02  1.510000e+00
   endloop
 endfacet
 facet normal  9.914449e-01 -1.305262e-01  0.000000e+00
   outer loop
     vertex  1.514000e+02 -1.040000e+02  0.000000e+00
     vertex  1.514545e+02 -1.035859e+02  0.000000e+00
     vertex  1.514545e+02 -1.035859e+02  1.510000e+00
   endloop
 endfacet
 facet normal  9.914449e-01 -1.305262e-01  0.000000e+00
   outer loop
     vertex  1.514000e+02 -1.040000e+02  0.000000e+00
     vertex  1.514545e+02 -1.035859e+02  1.510000e+00
     vertex  1.514000e+02 -1.040000e+02  1.510000e+00
   endloop
 endfacet
 facet normal  9.914449e-01  1.305262e-01 -0.000000e+00
   outer loop
     vertex  1.514545e+02 -1.044141e+02  0.000000e+00
     vertex  1.514000e+02 -1.040000e+02  1.510000e+00
     vertex  1.514545e+02 -1.044141e+02  1.510000e+00
   endloop
 endfacet
 facet normal  9.914449e-01  1.305262e-01  0.000000e+00
   outer loop
     vertex  1.514545e+02 -1.044141e+02  0.000000e+00
     vertex  1.514000e+02 -1.040000e+02  0.000000e+00
     vertex  1.514000e+02 -1.040000e+02  1.510000e+00
   endloop
 endfacet
 facet normal  9.238795e-01  3.826834e-01 -0.000000e+00
   outer loop
     vertex  1.516144e+02 -1.048000e+02  0.000000e+00
     vertex  1.514545e+02 -1.044141e+02  1.510000e+00
     vertex  1.516144e+02 -1.048000e+02  1.510000e+00
   endloop
 endfacet
 facet normal  9.238795e-01  3.826834e-01  0.000000e+00
   outer loop
     vertex  1.516144e+02 -1.048000e+02  0.000000e+00
     vertex  1.514545e+02 -1.044141e+02  0.000000e+00
     vertex  1.514545e+02 -1.044141e+02  1.510000e+00
   endloop
 endfacet
 facet normal  6.087614e-01  7.933533e-01 -0.000000e+00
   outer loop
     vertex  1.518686e+02 -1.051314e+02  0.000000e+00
     vertex  1.518686e+02 -1.051314e+02  1.510000e+00
     vertex  1.522000e+02 -1.053856e+02  1.510000e+00
   endloop
 endfacet
 facet normal  7.933533e-01  6.087614e-01 -0.000000e+00
   outer loop
     vertex  1.518686e+02 -1.051314e+02  0.000000e+00
     vertex  1.516144e+02 -1.048000e+02  1.510000e+00
     vertex  1.518686e+02 -1.051314e+02  1.510000e+00
   endloop
 endfacet
 facet normal  7.933533e-01  6.087614e-01  0.000000e+00
   outer loop
     vertex  1.518686e+02 -1.051314e+02  0.000000e+00
     vertex  1.516144e+02 -1.048000e+02  0.000000e+00
     vertex  1.516144e+02 -1.048000e+02  1.510000e+00
   endloop
 endfacet
 facet normal  6.087614e-01  7.933533e-01 -0.000000e+00
   outer loop
     vertex  1.522000e+02 -1.053856e+02  0.000000e+00
     vertex  1.518686e+02 -1.051314e+02  0.000000e+00
     vertex  1.522000e+02 -1.053856e+02  1.510000e+00
   endloop
 endfacet
 facet normal  3.826834e-01  9.238795e-01 -0.000000e+00
   outer loop
     vertex  1.525859e+02 -1.055455e+02  0.000000e+00
     vertex  1.522000e+02 -1.053856e+02  1.510000e+00
     vertex  1.525859e+02 -1.055455e+02  1.510000e+00
   endloop
 endfacet
 facet normal  3.826834e-01  9.238795e-01  0.000000e+00
   outer loop
     vertex  1.525859e+02 -1.055455e+02  0.000000e+00
     vertex  1.522000e+02 -1.053856e+02  0.000000e+00
     vertex  1.522000e+02 -1.053856e+02  1.510000e+00
   endloop
 endfacet
 facet normal  1.305262e-01  9.914449e-01 -0.000000e+00
   outer loop
     vertex  1.530000e+02 -1.056000e+02  0.000000e+00
     vertex  1.525859e+02 -1.055455e+02  1.510000e+00
     vertex  1.530000e+02 -1.056000e+02  1.510000e+00
   endloop
 endfacet
 facet normal  1.305262e-01  9.914449e-01  0.000000e+00
   outer loop
     vertex  1.530000e+02 -1.056000e+02  0.000000e+00
     vertex  1.525859e+02 -1.055455e+02  0.000000e+00
     vertex  1.525859e+02 -1.055455e+02  1.510000e+00
   endloop
 endfacet
endsolid
